symbol,rho_DENV,padj_DENV,rho_ZIKV,padj_ZIKV,direction,mean_abs_rho,in_DE_core
DDIT3,0.6386480070841419,5.760980639647692e-103,0.683368277873871,3.603054705405553e-59,up_with_progression,0.6610081424790064,False
CTH,0.5888452871697043,4.882271621422694e-84,0.6996016595245432,9.993015716804021e-63,up_with_progression,0.6442234733471237,False
HERPUD1,0.6128648477825692,6.30563968710428e-93,0.6162561297187962,4.0798603884218114e-45,up_with_progression,0.6145604887506827,False
TRIB3,0.5014748393789785,2.0531192815852845e-57,0.6574774775317137,3.0248259643713204e-53,up_with_progression,0.5794761584553461,False
EIF1,0.5822274400735998,8.506985116316946e-82,0.5742990700422316,5.875765849831406e-38,up_with_progression,0.5782632550579156,False
SELENOK,0.6323223901561578,1.4582778828730206e-100,0.5059452729404461,2.625108841110317e-28,up_with_progression,0.5691338315483019,False
SLC3A2,0.48853926736894454,4.6312951434945375e-54,0.6424758792840185,3.721608750102221e-50,up_with_progression,0.5655075733264815,False
HSP90B1,0.603497147831546,2.1385948924483234e-89,0.5166617048328113,1.0758077855594841e-29,up_with_progression,0.5600794263321787,False
SLC35B1,0.5352759704695498,7.256735065245355e-67,0.582957565522895,2.383433608271985e-39,up_with_progression,0.5591167679962223,False
DNAJB9,0.5558878734978369,3.859581114096998e-73,0.5505138568261871,2.3169261219103025e-34,up_with_progression,0.553200865162012,False
ASNSP1,0.4727554906327639,3.3013189235067625e-50,0.6275144153569029,3.358656752835295e-47,up_with_progression,0.5501349529948334,False
ASNS,0.5185492692292987,5.0111320041571365e-62,0.5801711035656121,6.658939839082e-39,up_with_progression,0.5493601863974553,False
NUCB2,0.6172755725804575,1.4935104506824177e-94,0.46887714486328685,6.78843428743985e-24,up_with_progression,0.5430763587218722,False
ACTG1,-0.5509544457155774,1.2833002591093214e-71,-0.5211519432265561,2.6746833991220617e-30,down_with_progression,0.5360531944710667,False
MTHFD2,0.504384061948392,3.5946336706356506e-58,0.5630127320221016,3.5378223828790963e-36,up_with_progression,0.5336983969852468,False
TUBB,-0.4851648173774101,3.120046717807125e-53,-0.5807073011957223,5.575600327961409e-39,down_with_progression,0.5329360592865662,False
ACTB,-0.5840264722643109,2.238390625566172e-82,-0.47458625759180173,1.5240855622847792e-24,down_with_progression,0.5293063649280563,False
PTMA,-0.36412070011781056,1.878834768495977e-28,-0.69417634448893,1.3167084573782597e-61,down_with_progression,0.5291485223033703,False
HMGN2,-0.43476024478851966,1.1267006708746271e-41,-0.6202645771733781,7.803249938482195e-46,down_with_progression,0.5275124109809489,False
SHMT2,0.4495464403552617,7.200933223371664e-45,0.6050741985786154,4.403166965589184e-43,up_with_progression,0.5273103194669386,False
HSPA8,-0.45375520512659073,8.622333144213648e-46,-0.5971602147884344,1.0065314655099889e-41,down_with_progression,0.5254577099575126,False
SERP1,0.5590124143715361,4.3569123517345674e-74,0.48511064416126887,9.026236919526287e-26,up_with_progression,0.5220615292664025,False
SDF2L1,0.5372574596449284,2.0307628143345425e-67,0.4993092729475814,1.859022959722806e-27,up_with_progression,0.5182833662962549,False
DNAJB11,0.5009931765490848,2.677291798735371e-57,0.5299383306288195,1.7396250297071264e-31,up_with_progression,0.5154657535889522,False
TUBB4B,-0.4856429713727607,2.4885810177889598e-53,-0.5423957019283527,3.3451759152036745e-33,down_with_progression,0.5140193366505568,True
EIF2S2,0.5500656749844822,2.311028310607025e-71,0.4753700740636877,1.2370765608436987e-24,up_with_progression,0.512717874524085,False
GAS5,0.5095658245024863,1.470994303244769e-59,0.5062224275287158,2.4359663385257414e-28,up_with_progression,0.5078941260156011,False
GARS1,0.45803782125794773,9.142331267185537e-47,0.5479161259986284,5.467717170566589e-34,up_with_progression,0.5029769736282881,False
DDIT4,0.520908785179863,1.1079475071263645e-62,0.48163417274492554,2.3235879600591924e-25,up_with_progression,0.5012714789623943,False
TMEM39A,0.3835509837152914,9.084045798974166e-32,0.6030763242679857,9.757469521145836e-43,up_with_progression,0.49331365399163857,False
TUBA1B,-0.42795808774804,2.926726001045974e-40,-0.5557303543214354,3.908652185608657e-35,down_with_progression,0.4918442210347377,False
RBM39,0.41932421758095956,1.6667261988955105e-38,0.5588040785873464,1.462040256531694e-35,up_with_progression,0.489064148084153,False
SCFD1,0.38696381059056895,2.2437153026811894e-32,0.5900016246028054,1.5977606815372281e-40,up_with_progression,0.48848271759668715,False
SSR3,0.5554035530265053,5.1622434159903105e-73,0.40508134477962016,1.9670891326510754e-17,up_with_progression,0.4802424489030628,False
ZFAS1,0.4830502341104779,1.0198895095493139e-52,0.4762671131326457,9.791349289004565e-25,up_with_progression,0.4796586736215618,False
HMGB1,-0.32754189511953796,7.404666068546785e-23,-0.6277881802853013,3.2292113105172515e-47,down_with_progression,0.47766503770241964,False
CCDC174,0.40915427537678845,1.7316709184813622e-36,0.5453338021975191,1.2958606533045965e-33,up_with_progression,0.4772440387871538,False
ATF3,0.39612202945698943,5.022695031721693e-34,0.5568112967181592,2.758469284454113e-35,up_with_progression,0.47646666308757435,False
SEC23B,0.3766137037344276,1.4981988012300326e-30,0.5760692237666643,3.0685903638113344e-38,up_with_progression,0.4763414637505459,False
MARCKSL1,-0.4073399351022986,3.8603632783168604e-36,-0.543045700796006,2.7666794312253218e-33,down_with_progression,0.4751928179491523,False
TRAM1,0.45354032078495,9.484350217713209e-46,0.4929972029735032,1.0459078055049161e-26,up_with_progression,0.4732687618792266,False
POLR2L,-0.34606485241217566,1.4222945776728313e-25,-0.6003626043895646,2.908423243827029e-42,down_with_progression,0.4732137284008701,False
STMN1,-0.38475823985550783,5.576729747081396e-32,-0.559822802226351,1.0820680564480328e-35,down_with_progression,0.4722905210409294,False
IFRD1,0.4018465094798944,4.2550538295602267e-35,0.5388144974732265,1.085230270846477e-32,up_with_progression,0.47033050347656047,False
WARS1,0.42668156916201766,5.291749356486619e-40,0.5089178902943793,1.0794273620322217e-28,up_with_progression,0.4677997297281985,False
FGA,-0.4017552339810235,4.385918830600294e-35,-0.5327126676444374,7.410446164532312e-32,down_with_progression,0.46723395081273045,False
PSAT1,0.36255512836136444,3.3835313943273646e-28,0.5658008206306725,1.329267459110941e-36,up_with_progression,0.4641779744960185,False
JPT1,-0.3592617525072945,1.142682068447284e-27,-0.5681354974533662,5.718326485449802e-37,down_with_progression,0.4636986249803303,False
TUBA1C,-0.34087089159282924,8.501444668883592e-25,-0.5847188984969088,1.2736128494289731e-39,down_with_progression,0.46279489504486904,False
COA3,-0.3053825978465607,8.615966153563803e-20,-0.6176764713199839,2.3166517490487787e-45,down_with_progression,0.4615295345832723,False
SELENOS,0.5648381290787137,6.282297800427033e-76,0.3480581444645661,8.880827125560482e-13,up_with_progression,0.45644813677163987,False
ZFAND1,0.4020050414697129,4.0490618040982086e-35,0.510791502469658,6.243538991620307e-29,up_with_progression,0.4563982719696854,False
TES,0.4302564936526197,9.808787667637742e-41,0.4825373416693965,1.8281621292436696e-25,up_with_progression,0.4563969176610081,False
EIF4EBP1,0.5139031162640676,9.87765948523844e-61,0.39739699276061397,9.784805011726223e-17,up_with_progression,0.45565005451234075,False
SNRPD1,-0.33702096884370397,3.1521554891292733e-24,-0.5727094779289226,1.0470351563277324e-37,down_with_progression,0.4548652233863133,False
SEC63,0.4618313441732017,1.2259026973594676e-47,0.44436207111116865,3.138495170690006e-21,up_with_progression,0.4530967076421852,False
CDK2AP2,0.5610288523333403,1.0390372528677346e-74,0.34476133947746024,1.5547224648145898e-12,up_with_progression,0.4528950959054003,False
PRDX1,-0.32037784262563274,7.648873896064502e-22,-0.583677523643433,1.856314069197054e-39,down_with_progression,0.45202768313453284,False
LSM3,-0.24294903151538624,1.3421389994582339e-12,-0.6541644997151234,1.4160469607551248e-52,down_with_progression,0.4485567656152548,False
DKK1,-0.3707752094727993,1.528419414260768e-29,-0.5225335096753413,1.756896175795143e-30,down_with_progression,0.4466543595740703,False
SARS1,0.4705689561826211,1.1016175663545785e-49,0.4208914173512541,6.591680675832691e-19,up_with_progression,0.44573018676693765,False
SEC11C,0.47638908415520625,4.51707966863607e-51,0.4149783771494298,2.378711972813129e-18,up_with_progression,0.44568373065231803,False
HSPE1,-0.2152091354875995,5.143228764865448e-10,-0.6728855309494606,1.0101979983828026e-56,down_with_progression,0.44404733321853007,False
TMED2,0.3421798477603976,5.452022480993622e-25,0.542355122063493,3.3451759152036745e-33,up_with_progression,0.44226748491194534,False
COPE,0.39596024938114505,5.337069941991072e-34,0.48814520557705005,3.9404000538667304e-26,up_with_progression,0.4420527274790975,False
ATP5MC1,-0.25365975089361276,1.0749762475518708e-13,-0.6237065720978323,1.773322780930307e-46,down_with_progression,0.4386831614957225,False
FABP5,-0.3348730771568161,6.4940080355787955e-24,-0.5408118526488828,5.585560446319583e-33,down_with_progression,0.4378424649028494,False
LDHA,-0.48559637156694696,2.4885810177889598e-53,-0.3899016294094406,4.322427708912232e-16,down_with_progression,0.43774900048819376,False
ZFAND2A,0.3696068280228794,2.361699156740725e-29,0.5016949171367653,9.290253986145457e-28,up_with_progression,0.4356508725798224,False
CHAC1,0.4775046036828835,2.447948191335653e-51,0.3933791176960921,2.1552793060793716e-16,up_with_progression,0.43544186068948776,False
MARS1,0.33210897079119056,1.6418363904632458e-23,0.5379252442445116,1.403452889204959e-32,up_with_progression,0.43501710751785105,False
HBP1,0.32909223435257284,4.449953440112642e-23,0.5357098109310316,2.8372914709774607e-32,up_with_progression,0.43240102264180225,False
DYNLL1,-0.3260990688847463,1.179988342799978e-22,-0.5372899668684755,1.714630237862469e-32,down_with_progression,0.43169451787661095,False
AARS1,0.4019575235342062,4.092419162993392e-35,0.4535917727288983,3.282352848343687e-22,up_with_progression,0.42777464813155225,False
TOMM5,-0.2597734311598013,2.4430175210405006e-14,-0.5916152738954799,8.981621066511811e-41,down_with_progression,0.42569435252764054,False
HMGB1P5,-0.32026327352169964,7.914528025583255e-22,-0.5301592141647073,1.6378551479364325e-31,down_with_progression,0.4252112438432035,False
TPI1,-0.4307075235464679,7.973411522907243e-41,-0.41956399169980674,8.796504291254698e-19,down_with_progression,0.4251357576231373,False
PLPP5,0.5245480747409379,1.0317484768403931e-63,0.32571026541999065,3.393156512718978e-11,up_with_progression,0.42512917008046425,False
C12orf57,0.35244972830745175,1.4324008222204056e-26,0.4954439573768943,5.382886734141338e-27,up_with_progression,0.423946842842173,False
SLC7A11,0.44110604038487905,4.94629033635136e-43,0.4061251101297049,1.5774703181649897e-17,up_with_progression,0.423615575257292,False
H2AZ1,-0.24647049072712857,6.0023490094128e-13,-0.6000746796164933,3.131482291907037e-42,down_with_progression,0.42327258517181093,False
MAP1LC3B,0.35919167300382543,1.166386800557763e-27,0.4849996408751374,9.183761036940415e-26,up_with_progression,0.4220956569394814,False
CEBPG,0.39086434581873714,4.508785462696601e-33,0.45328982596228984,3.52694380787891e-22,up_with_progression,0.4220770858905135,False
PCNA,-0.3892006741912272,9.005462866332107e-33,-0.4543821402608189,2.719592619515286e-22,down_with_progression,0.42179140722602304,False
CHIC2,0.2752023017620106,4.5903311026826055e-16,0.5642342459074257,2.3133404769872136e-36,up_with_progression,0.41971827383471816,False
PDIA3,0.47296824219607264,2.9963591977873563e-50,0.36517994039760754,4.5620629467084106e-14,up_with_progression,0.4190740912968401,False
ISG20,0.4356609412103956,7.410895592736285e-42,0.40208276132408194,3.653930497540562e-17,up_with_progression,0.4188718512672388,False
HM13,0.3517816205896364,1.8056253513231834e-26,0.4850160239180086,9.183761036940415e-26,up_with_progression,0.4183988222538225,False
NCBP2AS2,-0.3595918446008285,1.0132934584865086e-27,-0.4768847950651817,8.311787965278097e-25,down_with_progression,0.4182383198330051,False
HYAL2,-0.3648373720077041,1.4500571063094659e-28,-0.46836708254235493,7.738730972212003e-24,down_with_progression,0.4166022272750295,False
GADD45A,0.2941959425737396,2.380633183085878e-18,0.5383256949137311,1.2434781022146024e-32,up_with_progression,0.41626081874373533,False
SESN2,0.36152403460457305,5.008694228435551e-28,0.47016032981898026,4.833026315860418e-24,up_with_progression,0.41584218221177666,False
SLC43A1,0.27076885951269913,1.4804354850928468e-15,0.5596377868450866,1.1304630479683305e-35,up_with_progression,0.41520332317889286,False
HYOU1,0.4840373505401321,5.881719879634667e-53,0.34542469047630425,1.3959268036760889e-12,up_with_progression,0.4147310205082182,False
PLIN2,0.27283854534441043,8.636908425770374e-16,0.5523944487606367,1.2364576197167769e-34,up_with_progression,0.41261649705252357,False
SNHG32,0.4221175228182033,4.548035256351261e-39,0.40227422277039615,3.529342290727934e-17,up_with_progression,0.4121958727942997,False
NANS,0.44478313075958875,7.934845478468637e-44,0.37910353172557704,3.455688984856187e-15,up_with_progression,0.41194333124258287,False
TFG,0.36895547797964556,3.035953776029264e-29,0.45242281183104466,4.331272146310805e-22,up_with_progression,0.41068914490534514,False
PPP1R15A,0.29864844316204747,6.439092532165379e-19,0.522457848267803,1.780086168855299e-30,up_with_progression,0.4105531457149252,False
ERP44,0.4131112778498085,2.9889014131178273e-37,0.4075165127097472,1.1834248084027697e-17,up_with_progression,0.41031389527977785,False
DBI,-0.3396250695165324,1.3006086319922006e-24,-0.4799331055731108,3.688360523310592e-25,down_with_progression,0.4097790875448216,False
ATP5MC3,-0.3281862893663263,5.9920748295949e-23,-0.48895664584500975,3.168884068040366e-26,down_with_progression,0.40857146760566804,False
HMGN2P5,-0.29172168860855024,4.821475051159603e-18,-0.5253150641375184,7.4136908594544196e-31,down_with_progression,0.40851837637303434,False
DNAJC3,0.5098394191269534,1.285213802217601e-59,0.30541413138456575,6.886204214364919e-10,up_with_progression,0.4076267752557596,False
HMGB1P6,-0.2547100903685683,8.339404173827475e-14,-0.5579278428847344,1.9641125707993382e-35,down_with_progression,0.40631896662665135,False
CISD2,0.45340412766416255,1.0010205238256777e-45,0.35820433745285957,1.5526755503453804e-13,up_with_progression,0.40580423255851106,False
PHGDH,0.2508418925994569,2.1163244735043688e-13,0.5576492596809839,2.1258695163202994e-35,up_with_progression,0.4042455761402204,False
IMP3,-0.3044187687250253,1.1570795151722314e-19,-0.4996399322743438,1.7003415403132998e-27,down_with_progression,0.4020293504996846,False
PCK2,0.2398855825994578,2.6830251769069786e-12,0.5627277453591879,3.832700469022436e-36,up_with_progression,0.40130666397932285,False
CD24,-0.31413192010443286,5.678874965994219e-21,-0.4880305325130834,4.042063811234425e-26,down_with_progression,0.40108122630875814,False
TUBE1,0.3348153568408935,6.595814611549111e-24,0.4671967661768213,1.0340166875442203e-23,up_with_progression,0.4010060615088574,False
OSTC,0.5569662886331329,1.861485010020715e-73,0.24500705636608924,1.4202772937371413e-06,up_with_progression,0.40098667249961106,False
CLGN,0.4007791191656458,6.693162765715823e-35,0.3951908031989017,1.5153508638044714e-16,up_with_progression,0.3979849611822738,False
DERL2,0.5052932661436689,2.1087090754001202e-58,0.28910329239770605,6.616366869839341e-09,up_with_progression,0.39719827927068746,False
TSC22D3,0.21407962242331366,6.466599498655673e-10,0.5788019049175875,1.1000195871546253e-38,up_with_progression,0.3964407636704506,False
MAT2A,-0.3006573399934328,3.5222335028310567e-19,-0.4909506857605379,1.8387970551545876e-26,down_with_progression,0.39580401287698536,False
SNRPE,-0.2737532258770848,6.776178430670564e-16,-0.515489127139725,1.5226790014237941e-29,down_with_progression,0.3946211765084049,False
CANX,0.4020763667681446,3.964405078377557e-35,0.3853981813791438,1.0362968332577982e-15,up_with_progression,0.39373727407364423,False
CENPW,-0.2412341367134054,1.979475669168947e-12,-0.5452908708852913,1.2958606533045965e-33,down_with_progression,0.39326250379934835,False
SPCS2,0.5033748298308567,6.519220770114493e-58,0.2826176402952041,1.5514375648314445e-08,up_with_progression,0.3929962350630304,False
SNHG17,0.2671023705899466,3.8094733472187535e-15,0.51719993334697,9.277187934833361e-30,up_with_progression,0.3921511519684583,False
ERLEC1,0.4345014597228963,1.263079666376193e-41,0.34894752468549783,7.629593717428274e-13,up_with_progression,0.39172449220419703,False
GFPT1,0.36969227204905464,2.2998849660926215e-29,0.41051949596397586,6.210944891789905e-18,up_with_progression,0.39010588400651525,False
COQ10B,0.28348354506981976,4.881643385309129e-17,0.4929762040016898,1.0459078055049161e-26,up_with_progression,0.38822987453575475,False
SELENOF,0.41174135787299576,5.486799054783942e-37,0.36458095859160267,5.063343804939101e-14,up_with_progression,0.38816115823229924,False
BET1,0.45474563183992245,5.1977904490149095e-46,0.3213165168150197,6.638077586343815e-11,up_with_progression,0.3880310743274711,False
HMGN3,-0.24019413203323098,2.500301299954365e-12,-0.5314411350688941,1.100427341341361e-31,down_with_progression,0.3858176335510626,False
CLSPN,-0.38248563131035135,1.392430252532387e-31,-0.3886396144718579,5.446043918427419e-16,down_with_progression,0.38556262289110466,False
ERO1B,0.3947208497241721,8.886331800808538e-34,0.3756735210919062,6.554243308929046e-15,up_with_progression,0.38519718540803916,True
PDIA6,0.3954874171741401,6.431271399596867e-34,0.3660012413117607,3.948909457496936e-14,up_with_progression,0.38074432924295043,False
SRP19,0.34950073140490223,4.1390641343784775e-26,0.41111250581164815,5.483919983526767e-18,up_with_progression,0.3803066186082752,False
TMEM97,-0.38306643417825187,1.1025442168073234e-31,-0.3774412979017663,4.744288384025213e-15,down_with_progression,0.3802538660400091,False
NRBF2,0.21099811249986825,1.186397123970429e-09,0.5491888464841851,3.562849621984063e-34,up_with_progression,0.38009347949202665,False
SUMO2,-0.31341017367516844,7.148249268966958e-21,-0.4453672047781741,2.457148280548371e-21,down_with_progression,0.37938868922667124,False
RPS26,-0.24207838073537213,1.6293470039754722e-12,-0.5150269355745309,1.7418499474171555e-29,down_with_progression,0.37855265815495154,False
MRPL11,-0.24714359795762308,5.130343572497785e-13,-0.5093665050575388,9.496367329913686e-29,down_with_progression,0.37825505150758093,False
TARS1,0.29989355821668473,4.440287482135362e-19,0.4565768522041884,1.5918866628810325e-22,up_with_progression,0.3782352052104366,False
RANBP1,-0.2618287910844698,1.4627839099441443e-14,-0.49250535953606794,1.1900054905252438e-26,down_with_progression,0.3771670753102689,False
XBP1,0.3204781720698764,7.427197132192504e-22,0.4332912700069527,4.270188688171519e-20,up_with_progression,0.3768847210384145,False
TVP23B,0.32165354163861093,5.121860517145117e-22,0.43190812506793796,5.832891085597037e-20,up_with_progression,0.37678083335327445,False
CARS1,0.24092491027468288,2.119135602010706e-12,0.5120298836785616,4.298775572146e-29,up_with_progression,0.37647739697662225,False
SAR1B,0.3425742001608349,4.780177244261604e-25,0.410200839715131,6.64180075127971e-18,up_with_progression,0.3763875199379829,False
ID1,-0.2648544533693382,6.784360308730648e-15,-0.48710910462434637,5.222436180816112e-26,down_with_progression,0.37598177899684226,False
SELENOM,0.3819542364566611,1.7221330104271687e-31,0.3698886911976713,1.9534399483751485e-14,up_with_progression,0.3759214638271662,False
NASP,-0.31988246670693643,8.945699258411633e-22,-0.42835592400213274,1.2772878720403263e-19,down_with_progression,0.3741191953545346,False
CRELD2,0.3864722447040959,2.7370850431648874e-32,0.36047775735436155,1.0398231762136286e-13,up_with_progression,0.3734750010292287,False
PGM3,0.40426916793990125,1.5058351097702795e-35,0.34267587988658427,2.1856930240827624e-12,up_with_progression,0.37347252391324276,False
RAB5A,0.2103917496340065,1.333939039854683e-09,0.5363225721884959,2.3417412589904876e-32,up_with_progression,0.3733571609112512,False
HAX1,0.42170171583149646,5.474911527572686e-39,0.32166459791732716,6.331721686064925e-11,up_with_progression,0.3716831568744118,False
TPM3,-0.33837419770979105,1.9803046617592304e-24,-0.40191567289072455,3.7754412069551617e-17,down_with_progression,0.3701449353002578,False
PON2,-0.34116793738512785,7.762289694016595e-25,-0.3967939999207434,1.104650857382041e-16,down_with_progression,0.3689809686529356,False
PSPH,0.3181978208038368,1.5432010320793328e-21,0.41864995875123884,1.0753537076379272e-18,up_with_progression,0.3684238897775378,False
NOP56,-0.3426263837160445,4.716251402304489e-25,-0.39353231865871363,2.0936738904654454e-16,down_with_progression,0.36807935118737906,False
DCTPP1,-0.32097017244619663,6.330760846045634e-22,-0.4148609879622365,2.433495230345981e-18,down_with_progression,0.36791558020421655,False
GORASP2,0.31256717441745707,9.316223411339777e-21,0.42240748155630736,4.742642585379165e-19,up_with_progression,0.3674873279868822,False
SLC25A1,-0.4499400755729182,5.964504937439662e-45,-0.2827785349253343,1.5201086878346405e-08,down_with_progression,0.36635930524912624,False
SNHG5,0.38054756779264215,3.0576926527657877e-31,0.35182042086798815,4.656860125318021e-13,up_with_progression,0.3661839943303151,False
GOLGB1,0.47542171637008224,7.648675800695789e-51,0.2532796298530293,5.639204271844056e-07,up_with_progression,0.3643506731115558,False
SGK1,-0.35189484691293677,1.7412549849771617e-26,-0.37558318620406683,6.6548480762065864e-15,down_with_progression,0.3637390165585018,False
YPEL5,0.2791591185875502,1.5802282927025471e-16,0.44699693139574603,1.652635001650819e-21,up_with_progression,0.3630780249916481,False
PXMP2,-0.28850105865746833,1.1912823602408721e-17,-0.4351841459503079,2.762329712936284e-20,down_with_progression,0.3618426023038881,False
YARS1,0.26762975309029896,3.3503784609994356e-15,0.454368078069436,2.719592619515286e-22,up_with_progression,0.3609989155798675,False
RBCK1,0.3409460774259338,8.36153809899716e-25,0.3790141228198431,3.5084749111724208e-15,up_with_progression,0.35998010012288845,False
EDEM1,0.4965825583067005,3.893830113853853e-56,0.22255510659441913,1.4784533248527067e-05,up_with_progression,0.3595688324505598,False
LARP6,0.3291719325702897,4.367664388809417e-23,0.38938896457662764,4.762762874025805e-16,up_with_progression,0.35928044857345864,False
ARFGAP3,0.37040252973392973,1.759853242690474e-29,0.3480551541247572,8.880827125560482e-13,up_with_progression,0.35922884192934346,False
GMPPB,0.3350549594685001,6.1213450016125415e-24,0.38220703991261956,1.906952072385275e-15,up_with_progression,0.35863099969055984,False
DHRS3,0.2759314002881595,3.803174060172943e-16,0.44083712122808316,7.304012190235835e-21,up_with_progression,0.35838426075812135,True
HNRNPA1,-0.20202080982200754,6.653077877896423e-09,-0.5131744628297249,3.0740323760405924e-29,down_with_progression,0.3575976363258662,False
TSPYL2,0.3699698756359422,2.0749849279951706e-29,0.3450290175127059,1.4885629831984498e-12,up_with_progression,0.3574994465743241,True
MAGT1,0.3613648341442748,5.291143741327779e-28,0.35081783202106354,5.537485731670903e-13,up_with_progression,0.35609133308266916,False
SNHG8,0.367386593486767,5.563319784805463e-29,0.3443384939649399,1.6688061571707851e-12,up_with_progression,0.35586254372585346,False
AGT,-0.3627837559743859,3.1172826676117506e-28,-0.348815591716735,7.796834032812568e-13,down_with_progression,0.35579967384556044,False
HID1,0.43720707703935685,3.475442997357621e-42,0.27300134040381463,5.2994593232180133e-08,up_with_progression,0.35510420872158577,False
EIF5,0.2833102567485875,5.0893364684921655e-17,0.42499867635926436,2.7203733551887027e-19,up_with_progression,0.3541544665539259,False
SYVN1,0.3306979182931742,2.652046826069869e-23,0.3770845142528564,5.078073725326838e-15,up_with_progression,0.3538912162730153,False
MED8,0.39106583765903963,4.174168116779836e-33,0.316302368474991,1.4116973208850819e-10,up_with_progression,0.3536841030670153,False
MRPS7,-0.23377973242800912,1.049734555604662e-11,-0.47332998949929406,2.1083452651157778e-24,down_with_progression,0.3535548609636516,False
SARAF,0.271187722872951,1.3328564443199788e-15,0.4358910538526308,2.3627757532468833e-20,up_with_progression,0.3535393883627909,False
BLOC1S1,-0.21651826527343088,3.9549948157422044e-10,-0.4900367086922358,2.3397754976510085e-26,down_with_progression,0.35327748698283334,False
EPRS1,0.4507967368709388,3.8771728063612314e-45,0.25512288407457195,4.541944434163263e-07,up_with_progression,0.3529598104727554,False
HSP90AA1,-0.21495834424662139,5.405762558600588e-10,-0.49083135749399676,1.8887090733630726e-26,down_with_progression,0.3528948508703091,False
RPN1,0.304298832036727,1.1971249121825063e-19,0.4012917947014228,4.289515755742561e-17,up_with_progression,0.3527953133690749,False
KLHL24,0.2930820476811183,3.2729374976159047e-18,0.4124643635880529,4.102682953811119e-18,up_with_progression,0.3527732056345856,False
CDCA7,-0.3899095830221129,6.718298426637665e-33,-0.3152648056765943,1.6469422812941984e-10,down_with_progression,0.3525871943493536,False
SEC24D,0.3373190739939126,2.8645632712419985e-24,0.364113959076881,5.467916747783683e-14,up_with_progression,0.3507165165353968,False
CNOT10,0.2424279451683085,1.5049051174216955e-12,0.45875175381746364,9.161238220698071e-23,up_with_progression,0.3505898494928861,False
SLC40A1,-0.2757796056758163,3.9282086330502603e-16,-0.42312013732422854,4.039057538681776e-19,down_with_progression,0.3494498715000224,False
RAN,-0.27114036318124596,1.3470373037471092e-15,-0.424425010538522,3.070383772873048e-19,down_with_progression,0.347782686859884,False
YWHAH,-0.2615328112036469,1.574409261965247e-14,-0.4338981543166446,3.7098100533843884e-20,down_with_progression,0.34771548276014574,False
ISL2,0.2657215940366165,5.442652423284214e-15,0.42856587489892806,1.2261139983152872e-19,up_with_progression,0.34714373446777225,False
ARMCX3,0.3335316943782711,1.023823165632553e-23,0.36038636114141237,1.0553955598018062e-13,up_with_progression,0.3469590277598418,True
SRSF2,-0.28023173292137077,1.1783521343967687e-16,-0.4106511554106036,6.053564795623635e-18,down_with_progression,0.3454414441659872,False
THAP9-AS1,0.29337153457054,3.0106631712697437e-18,0.3973544762400557,9.841740349406306e-17,up_with_progression,0.34536300540529785,False
CENPV,-0.2579600292997514,3.794187514431641e-14,-0.4324404698192025,5.2082479349294375e-20,down_with_progression,0.3452002495594769,False
EPB41L4A-AS1,0.36495779139143664,1.3930707303020157e-28,0.3246145666472813,4.0051987111854144e-11,up_with_progression,0.34478617901935893,False
KLHDC2,0.22763631003566914,3.994264926563614e-11,0.46074615657150997,5.5434260405387e-23,up_with_progression,0.3441912333035896,False
GLRX,0.3885241311529116,1.1898745788069653e-32,0.29588370078587084,2.6042692611642606e-09,up_with_progression,0.34220391596939126,False
TNFRSF10B,0.25757914526540976,4.1615438225465425e-14,0.4248004995448317,2.8254053022731164e-19,up_with_progression,0.34118982240512075,False
ENO1,-0.3393895849022664,1.4004299564210402e-24,-0.34245982269571806,2.2616540614308796e-12,down_with_progression,0.3409247037989922,False
VDAC3,-0.3443243955282173,2.6071012002332868e-25,-0.3362361464734645,6.29635163387308e-12,down_with_progression,0.3402802710008409,False
MRPL20,-0.20711799797247382,2.520148847440141e-09,-0.47197024913678415,2.9965679151992263e-24,down_with_progression,0.339544123554629,False
CEP57,0.3190203504121464,1.180880276007893e-21,0.3565025220080595,2.0854933643753636e-13,up_with_progression,0.3377614362101029,False
MCM10,-0.3562007132751586,3.577190971340619e-27,-0.3171182210814395,1.2505119881945423e-10,down_with_progression,0.3366594671782991,False
SLC33A1,0.30697980034985156,5.342408254939531e-20,0.36298857654292294,6.654953120107886e-14,up_with_progression,0.3349841884463872,False
SNRNP25,-0.31170121507782345,1.2221619178391413e-20,-0.356723155956941,2.006697291381799e-13,down_with_progression,0.3342121855173822,False
CALM1,-0.28337165458769964,5.02754296182822e-17,-0.3846737385854012,1.1872994814193334e-15,down_with_progression,0.3340226965865504,False
MANF,0.46597239018038783,1.3530891881863025e-48,0.20165149456210035,0.00010463824704144593,up_with_progression,0.3338119423712441,False
DNAJC9,-0.2901826288646744,7.496124243202565e-18,-0.376716028046921,5.433370699120283e-15,down_with_progression,0.33344932845579767,False
ALDOA,-0.34521474791668333,1.907032378714439e-25,-0.32163896335780773,6.348334572452964e-11,down_with_progression,0.3334268556372455,False
SMIM14,0.4097658362284834,1.3251535709712118e-36,0.25612982577050275,4.0500142021821597e-07,up_with_progression,0.3329478309994931,False
PSMB5,-0.21321399460212936,7.656068153536767e-10,-0.4521545463076547,4.589658902112883e-22,down_with_progression,0.332684270454892,False
FBXO16,0.34817601430167755,6.670799803981548e-26,0.3169358583622142,1.2836639688850407e-10,up_with_progression,0.3325559363319459,False
PSMB1,-0.3467878618565592,1.1042399382377847e-25,-0.31825816038668153,1.0544825567781439e-10,down_with_progression,0.33252301112162036,False
PGAM1,-0.3667002095734403,7.134750168391768e-29,-0.2978058514419581,1.9884523860357905e-09,down_with_progression,0.33225303050769917,False
CENPN,-0.23388809754451223,1.0266714282323067e-11,-0.42963371392562794,9.614085082710187e-20,down_with_progression,0.3317609057350701,False
NUDT1,-0.2601046482346829,2.2595064573769897e-14,-0.4032336012074319,2.897747620098733e-17,down_with_progression,0.33166912472105736,False
SRSF7,-0.35061606273375057,2.769824089328351e-26,-0.31133165087191783,2.912183635825474e-10,down_with_progression,0.3309738568028342,False
DHCR24,-0.295257822435938,1.7623626549798147e-18,-0.3658948668718491,4.020159806491962e-14,down_with_progression,0.3305763446538935,False
SBDSP1,0.29411614927465135,2.4308022675591777e-18,0.3669553667081491,3.3236309608939934e-14,up_with_progression,0.3305357579914002,False
C1QBP,-0.2542073379644096,9.395255696494734e-14,-0.4067696284296842,1.3842668395064626e-17,down_with_progression,0.33048848319704693,False
RNF114,0.2325490087009667,1.3835146296976605e-11,0.4283678004090125,1.2772878720403263e-19,up_with_progression,0.3304584045549896,False
ARL1,0.42686039414303967,4.916534170492577e-40,0.2329436712288274,5.156127304262255e-06,up_with_progression,0.32990203268593354,False
ADM2,0.30248210227749933,2.050882314084223e-19,0.35547535601937896,2.482037857655506e-13,up_with_progression,0.3289787291484392,False
COPA,0.2637445713690028,9.01249789721381e-15,0.3937616311564704,2.001663719793572e-16,up_with_progression,0.3287531012627366,False
UFD1,-0.21070204805830434,1.2575786389910924e-09,-0.4456442270789708,2.3049075744084497e-21,down_with_progression,0.32817313756863753,False
DAB2,0.23936745038250223,3.0072640906462333e-12,0.4164285973488189,1.7278290093679375e-18,up_with_progression,0.3278980238656606,False
PPT1,-0.24272656730523584,1.4070426777668276e-12,-0.4115646188397292,4.9773659196985796e-18,down_with_progression,0.32714559307248253,False
MCFD2,0.36417317642268215,1.866186008379929e-28,0.2900557368827933,5.822360234254436e-09,up_with_progression,0.32711445665273775,False
UFM1,0.3359530180162022,4.5068395996310864e-24,0.317693855748964,1.147373224652976e-10,up_with_progression,0.3268234368825831,False
DDOST,0.3253550889252742,1.5122098915336247e-22,0.3267548204570112,2.897550497508271e-11,up_with_progression,0.3260549546911427,False
MRPS26,-0.33038460617475135,2.928615336118993e-23,-0.32018354731516757,7.888741198343169e-11,down_with_progression,0.32528407674495946,False
RPA3,-0.20566483261416788,3.3478961649214457e-09,-0.4438161563244558,3.575366758002038e-21,down_with_progression,0.32474049446931186,False
HMGN2P41,-0.22920258404048913,2.8367673434567143e-11,-0.42026534289271533,7.550425498856387e-19,down_with_progression,0.3247339634666022,False
RBM12,-0.20839913312499705,1.9634276691913183e-09,-0.44089014174773355,7.244844949967526e-21,down_with_progression,0.3246446374363653,False
GORAB,0.21696609528049104,3.610437589418182e-10,0.4316285403450036,6.206210400968622e-20,up_with_progression,0.3242973178127473,False
PDIA4,0.3436145155242233,3.3539173277508747e-25,0.3038740754116542,8.561328533155175e-10,up_with_progression,0.3237442954679387,False
NREP,-0.25593544828953785,6.155549238292039e-14,-0.3909266916788787,3.5378762361066824e-16,down_with_progression,0.3234310699842083,False
SKP2,-0.33904164347744636,1.5773873841061908e-24,-0.30501918821818363,7.294977971043988e-10,down_with_progression,0.322030415847815,False
HMGN2P3,-0.22180314444532948,1.355651209466697e-10,-0.42174017034756156,5.487408796219468e-19,down_with_progression,0.32177165739644553,False
PIM3,0.2883560806171921,1.2359734754158981e-17,0.3550377638577862,2.667119443123896e-13,up_with_progression,0.32169692223748914,False
CCN2,-0.3296319198371169,3.745404125519562e-23,-0.3126312066529879,2.429721790275125e-10,down_with_progression,0.32113156324505243,False
H2BC9,-0.2384801012057843,3.690164798859521e-12,-0.40211490552082246,3.6406176041066856e-17,down_with_progression,0.32029750336330337,False
SDC1,-0.2679010867664552,3.128249313642432e-15,-0.3710703801085153,1.558394705417823e-14,down_with_progression,0.3194857334374852,False
RP9,0.23090673852414562,1.9638740536569835e-11,0.40594220126947367,1.6361752631702086e-17,up_with_progression,0.3184244698968096,False
UBE2L3,-0.2524087773648371,1.4534603303716013e-13,-0.3843138599661717,1.2701436935487897e-15,down_with_progression,0.3183613186655044,False
UBE2J1,0.2836162252007138,4.724613234848258e-17,0.35202406108247397,4.506284120022636e-13,up_with_progression,0.3178201431415939,False
TK1,-0.33016126875767926,3.1351562593135226e-23,-0.3040818242182132,8.34870313786655e-10,down_with_progression,0.3171215464879462,False
HSD17B7,0.20211135839558564,6.540819174908519e-09,0.43153440225073597,6.29051315656429e-20,up_with_progression,0.3168228803231608,False
TERF2IP,0.21312577431988466,7.790662793227675e-10,0.4204205159250574,7.314854095021763e-19,up_with_progression,0.316773145122471,False
SERPIND1,-0.27107765652120763,1.367096289876505e-15,-0.36227849332621603,7.571673722595899e-14,down_with_progression,0.3166780749237118,False
SLC1A4,0.26934876517071454,2.138823376375083e-15,0.36302055117363485,6.629903243459879e-14,up_with_progression,0.31618465817217467,True
GHITM,0.2374927113441388,4.59000929423735e-12,0.3946071157862113,1.7025098214072536e-16,up_with_progression,0.3160499135651751,False
PDCD4,0.34564468723330505,1.6395376615931756e-25,0.28615725916417,9.774745024851695e-09,up_with_progression,0.31590097319873756,False
DNAJC10,0.3579217082783824,1.883065169977449e-27,0.273340891172465,5.077353163047462e-08,up_with_progression,0.3156312997254237,False
GSTO1,-0.2032017205083864,5.336375900483702e-09,-0.42654581874037895,1.9281900291232897e-19,down_with_progression,0.3148737696243827,False
SEL1L,0.3988913308074413,1.5241990018565604e-34,0.2278987000431532,8.679377425772699e-06,up_with_progression,0.31339501542529724,False
SLC25A3,-0.3270009567704077,8.829487743712364e-23,-0.2961933210878587,2.4969746551767905e-09,down_with_progression,0.3115971389291332,False
MCEE,0.34873023061621955,5.469996088281972e-26,0.27441110235581334,4.4243284077316664e-08,up_with_progression,0.31157066648601645,False
ZWINT,-0.3605696531165561,7.141615791745478e-28,-0.26256824105693566,1.8966373629000472e-07,down_with_progression,0.3115689470867459,False
STC2,0.2815301112011166,8.228686941780431e-17,0.34054242826749553,3.0976349159998945e-12,up_with_progression,0.3110362697343061,False
SRP72,0.3718439696049008,1.012461658335377e-29,0.2500725508520058,8.11088085988478e-07,up_with_progression,0.3109582602284533,False
SUMO3,-0.24513778022526042,8.164817000090717e-13,-0.3746157132243582,8.006822590723975e-15,down_with_progression,0.3098767467248093,False
PCLAF,-0.2822215628354017,6.806997276237408e-17,-0.3373185070113541,5.266181438937875e-12,down_with_progression,0.30977003492337785,False
LZTFL1,0.3578024170926303,1.9584222854492886e-27,0.2615728051762483,2.1242846927975117e-07,up_with_progression,0.3096876111344393,False
DGAT2,-0.30339784959479243,1.569273066471682e-19,-0.3143649706220779,1.8836170854122643e-10,down_with_progression,0.3088814101084352,False
GINS2,-0.3963168181646196,4.659570083752113e-34,-0.22108508240809033,1.7099275964448237e-05,down_with_progression,0.30870095028635497,False
LRPAP1,-0.26270301403763163,1.1743601496059483e-14,-0.35335504533137124,3.5747061542060293e-13,down_with_progression,0.3080290296845014,False
KIZ,0.3017462497762586,2.5502534190280606e-19,0.3142079396555233,1.9199618562557232e-10,up_with_progression,0.30797709471589096,False
EIF1AX,-0.23814409484087584,3.983636679452477e-12,-0.376658552784976,5.48119221828457e-15,down_with_progression,0.30740132381292595,False
FEN1,-0.28973852928429217,8.496093476113694e-18,-0.32500522390740993,3.7922608428170505e-11,down_with_progression,0.3073718765958511,False
LTAP1,0.2691917520398352,2.226764639994089e-15,0.34381415797360376,1.8131511337657691e-12,up_with_progression,0.3065029550067195,False
NME4,-0.30335891495985046,1.5830056710685074e-19,-0.3094079504215441,3.860213683482821e-10,down_with_progression,0.3063834326906973,False
KLB,-0.21563845420182198,4.721728291517883e-10,-0.3948999493345271,1.6059135484007052e-16,down_with_progression,0.3052692017681745,False
HMGB3,-0.21334338434004352,7.475783935667294e-10,-0.39457981334723186,1.7069968132194407e-16,down_with_progression,0.3039615988436377,False
FICD,0.3464551821194267,1.2401595837289409e-25,0.2606373289395059,2.380348735719356e-07,up_with_progression,0.30354625552946635,False
ITCH,0.224458133301539,7.805147086555244e-11,0.38254630697387565,1.7858644156109718e-15,up_with_progression,0.30350222013770733,False
FGB,-0.2627080132572665,1.1743601496059483e-14,-0.34429440406589124,1.6786627069563605e-12,down_with_progression,0.30350120866157887,False
ZDHHC12,-0.3094671565218397,2.4712748315767397e-20,-0.2958306286927016,2.621611453640612e-09,down_with_progression,0.3026488926072707,False
NUCLEOLIN,-0.28509447163507906,3.129034286007031e-17,-0.31979740026410924,8.357789974512207e-11,down_with_progression,0.3024459359495941,False
TRIP13,-0.2615749365349472,1.560375793136338e-14,-0.3424355163933249,2.262993643144546e-12,down_with_progression,0.3020052264641361,False
GOLT1B,0.2632246784082033,1.027579125439666e-14,0.3395704407817832,3.634194355084191e-12,up_with_progression,0.30139755959499326,False
RSL24D1,0.3882373993409709,1.3319962650133558e-32,0.21439968051535602,3.252100383700886e-05,up_with_progression,0.3013185399281635,False
MAP2K3,-0.32660965773634193,1.0045053844121561e-22,-0.27557237072710866,3.820515793161871e-08,down_with_progression,0.3010910142317253,False
VAPA,0.24639276629799334,6.09685535121182e-13,0.35484598318689714,2.7567322107780177e-13,up_with_progression,0.30061937474244527,False
PPIA,-0.21376890568772206,6.889296305039351e-10,-0.38701413848262955,7.558588008297065e-16,down_with_progression,0.30039152208517583,False
MED10,0.2742919719352812,5.866314431813858e-16,0.3263699625183971,3.082805174242673e-11,up_with_progression,0.30033096722683916,False
YWHAQ,-0.32620306423742795,1.1485445675962905e-22,-0.2735316679265203,4.9580477828798175e-08,down_with_progression,0.2998673660819741,False
CCNB1IP1,0.20432173481629853,4.318990044935096e-09,0.3944752799584887,1.7394845831995196e-16,up_with_progression,0.2993985073873936,False
CTSC,-0.2987019023263092,6.355311095687637e-19,-0.29987795644451515,1.4980799691306803e-09,down_with_progression,0.2992899293854122,False
INHBE,0.3020520261708637,2.3354879554109826e-19,0.29641533143000826,2.4222763400178206e-09,up_with_progression,0.29923367880043594,False
RAB2A,0.3635112052947866,2.365899502662671e-28,0.23467313089796082,4.313794244221593e-06,up_with_progression,0.29909216809637373,False
NFXL1,0.23045454884298563,2.1626184692241833e-11,0.36759266195836743,2.9707619573895456e-14,up_with_progression,0.2990236054006765,False
NES,-0.2300260100120476,2.378242496482248e-11,-0.3674509810391919,3.045061090440772e-14,down_with_progression,0.2987384955256197,False
TARDBP,-0.2279322526098464,3.746427697892301e-11,-0.36772183820630744,2.9051999645768195e-14,down_with_progression,0.2978270454080769,False
APOH,-0.22980553920568195,2.4938408480520635e-11,-0.363075005885936,6.577070726501872e-14,down_with_progression,0.29644027254580896,False
CTSA,-0.2813394251121156,8.665887920661678e-17,-0.31132390934648635,2.912183635825474e-10,down_with_progression,0.296331667229301,False
NQO1,-0.32827516151793446,5.837555577353333e-23,-0.2642236375218919,1.5487304357479172e-07,down_with_progression,0.29624939951991314,False
PMAIP1,0.25321891149040043,1.1975840989124964e-13,0.3385204375707044,4.326942279095588e-12,up_with_progression,0.2958696745305524,False
TGDS,0.23335217263064356,1.1557520099599258e-11,0.35834895713900394,1.514891881648101e-13,up_with_progression,0.29585056488482375,False
BCAT1,0.3217210114241732,5.02796469982421e-22,0.26879592200261715,8.82806080463959e-08,up_with_progression,0.2952584667133952,False
ATF2,0.24386231603797767,1.0880744720677459e-12,0.3456913371412163,1.3366670348412393e-12,up_with_progression,0.294776826589597,False
EAF2,0.30604212176994466,7.052887539280101e-20,0.2832053047444043,1.4410237768129296e-08,up_with_progression,0.2946237132571745,False
CCND1,-0.35403362068786925,8.006451298262382e-27,-0.23448855138846753,4.394000883881712e-06,down_with_progression,0.29426108603816836,False
SH3BP2,0.265552170092918,5.669641328874795e-15,0.32218983746673174,5.840887662343391e-11,up_with_progression,0.2938710037798249,False
CD59,-0.3026397599216373,1.9595403166573065e-19,-0.2836151703407783,1.3677639023668571e-08,down_with_progression,0.2931274651312078,False
EXOSC8,0.33324679555287806,1.1204049474630936e-23,0.25270234661563545,6.037656628027384e-07,up_with_progression,0.29297457108425673,False
ASF1B,-0.33148640679510805,2.0282140036365658e-23,-0.2542151767258593,5.065435293691239e-07,down_with_progression,0.2928507917604837,False
COPB1,0.2342637440040553,9.464110601537236e-12,0.35101986652615985,5.360520435062776e-13,up_with_progression,0.2926418052651076,False
DTYMK,-0.24316969659199417,1.2765263679400716e-12,-0.34168257998796103,2.5672786726069027e-12,down_with_progression,0.2924261382899776,False
G3BP1,-0.2718787787670048,1.1082922386640983e-15,-0.31261496444586856,2.432519670439437e-10,down_with_progression,0.2922468716064367,False
CCDC59,0.24418550491189667,1.012713656965755e-12,0.34002434959806505,3.3832434323553284e-12,up_with_progression,0.29210492725498083,False
ETFB,-0.22706884807906577,4.5141755635406016e-11,-0.35706019986720205,1.893830682811179e-13,down_with_progression,0.2920645239731339,False
UBE2N,-0.3093514120667599,2.554828630811058e-20,-0.2744852833271838,4.384390688763954e-08,down_with_progression,0.2919183476969719,False
GMPPA,0.2543454795852281,9.133649579080947e-14,0.32890833498270916,2.0806084402879195e-11,up_with_progression,0.2916269072839686,False
OSER1,0.2572324465911219,4.5328177101153596e-14,0.32533321650476327,3.598919192643013e-11,up_with_progression,0.29128283154794254,False
GOLGA5,0.2884498034268527,1.2058834455731713e-17,0.2937556744308727,3.5041580247393564e-09,up_with_progression,0.29110273892886274,False
RPN2,0.25691545796208787,4.908709196874571e-14,0.3249551476262195,3.8175091538820624e-11,up_with_progression,0.2909353027941537,False
APTR,0.2532045275342498,1.1997042166985424e-13,0.32776290722014884,2.4760004163859884e-11,up_with_progression,0.29048371737719936,False
UBC,0.339954199493519,1.1622685225294453e-24,0.24064193711714413,2.2781894028983173e-06,up_with_progression,0.29029806830533156,False
ZFAND6,0.24255805115543963,1.4607362444784072e-12,0.33769416769700383,4.954077914625978e-12,up_with_progression,0.29012610942622175,False
CCPG1,0.31545133440623485,3.739242648915095e-21,0.26473001860276296,1.4589299520582316e-07,up_with_progression,0.29009067650449893,False
AURKAIP1,-0.21152707282898148,1.0720355995484735e-09,-0.36700688735616827,3.298950357827313e-14,down_with_progression,0.2892669800925749,False
BTD,-0.20358937491970464,4.967849237548807e-09,-0.3745405923350257,8.064517994327292e-15,down_with_progression,0.28906498362736516,False
POLR3H,-0.29493874815417775,1.921982705558626e-18,-0.28295744782232396,1.4887684352012183e-08,down_with_progression,0.28894809798825083,False
CRBN,0.22701973137893255,4.558109455346578e-11,0.34908732753409455,7.45536060823129e-13,up_with_progression,0.2880535294565135,False
PEG10,-0.31295024924811765,8.263325407575696e-21,-0.2628405133586402,1.8360037636510396e-07,down_with_progression,0.28789538130337894,False
POLR3K,-0.29366960634830197,2.770567070374238e-18,-0.2817745346170615,1.7360134131231967e-08,down_with_progression,0.2877220704826817,False
ADI1,-0.2193761536306683,2.2183602213006776e-10,-0.3540299052507864,3.186910644526838e-13,down_with_progression,0.28670302944072734,False
TCEA1,0.27065348827364466,1.5236199220690087e-15,0.3025840183484209,1.0303071028178212e-09,up_with_progression,0.2866187533110328,False
IARS1,0.23001140621688518,2.3828315887842025e-11,0.34259474662865846,2.2129047823900747e-12,up_with_progression,0.2863030764227718,False
MSH6,-0.24641379741139394,6.075987091123563e-13,-0.32569752609560776,3.3948527242441616e-11,down_with_progression,0.28605566175350083,False
UNG,-0.3330844281469999,1.174848444544398e-23,-0.23666154019547292,3.494153567297738e-06,down_with_progression,0.2848729841712364,False
MKI67,-0.2721700974674046,1.0329770408086051e-15,-0.29736353543079025,2.1155742777904136e-09,down_with_progression,0.2847668164490974,False
TUBB6,-0.2648192527221848,6.833327025230802e-15,-0.30409624818353154,8.341136637377124e-10,down_with_progression,0.28445775045285815,False
SYF2,0.34028949375956435,1.03623530150898e-24,0.2281794705768979,8.442884970633175e-06,up_with_progression,0.2842344821682311,False
PNPLA8,0.21728394694613393,3.3845208378640795e-10,0.3486681437117574,7.989841558130496e-13,up_with_progression,0.28297604532894566,False
MXD1,0.2330763918526466,1.2301492184584146e-11,0.3313721194486426,1.3959532889533827e-11,up_with_progression,0.2822242556506446,False
MYBL2,-0.30137692340882805,2.839781607012903e-19,-0.26225844874376336,1.9619175141781905e-07,down_with_progression,0.2818176860762957,False
MYD88,-0.32107022823080705,6.147578632315975e-22,-0.24252997082069994,1.864432581585613e-06,down_with_progression,0.28180009952575347,False
TBX15,0.2864250858868529,2.154653295432201e-17,0.27567272507774115,3.779815195797501e-08,up_with_progression,0.281048905482297,True
TMED10,0.30177076792287505,2.5394213965896564e-19,0.26025458779769106,2.495323270428162e-07,up_with_progression,0.28101267786028306,False
SH2B3,0.20788948271764468,2.1636907406812407e-09,0.35357051542329304,3.4441630067417683e-13,up_with_progression,0.28072999907046886,False
TYMS,-0.2703796010368235,1.6347607811720793e-15,-0.28982091901997,6.008846446257263e-09,down_with_progression,0.2801002600283967,False
GOLPH3L,0.2901705488780248,7.500739345142722e-18,0.26968046963386155,7.931614351852609e-08,up_with_progression,0.2799255092559432,False
MIA3,0.34470396938297865,2.2838440621159554e-25,0.21453491842331157,3.2136837025392545e-05,up_with_progression,0.2796194439031451,False
TAX1BP3,-0.256842798317122,4.9914955772468776e-14,-0.30238934177285887,1.0575007901780586e-09,down_with_progression,0.27961607004499045,False
CMTM7,-0.24812580623802252,4.0603538738757383e-13,-0.31094311152023607,3.0820341776250675e-10,down_with_progression,0.2795344588791293,False
BIRC5,-0.24659655112936726,5.839496894882508e-13,-0.31164216564570907,2.789981302471242e-10,down_with_progression,0.27911935838753815,False
AREG,0.3070027383759181,5.3228730884053043e-20,0.25064985056292605,7.632846865158665e-07,up_with_progression,0.2788262944694221,False
CNN3,-0.3068886172952747,5.459393275007658e-20,-0.25071183330212704,7.581011215110514e-07,down_with_progression,0.27880022529870085,False
UCP2,-0.32815411522229215,6.03260830469409e-23,-0.22795534524532646,8.630450901953291e-06,down_with_progression,0.27805473023380933,False
MSTO1,0.24378504955557997,1.1031607705116368e-12,0.3120861522878228,2.620777445266944e-10,up_with_progression,0.2779356009217014,False
TFDP1,-0.3150082710841593,4.287453334096897e-21,-0.2404108364663397,2.334217050267167e-06,down_with_progression,0.27770955377524953,False
HNRNPAB,-0.2585509738105314,3.2756067476883556e-14,-0.2951717799896038,2.8780525468471957e-09,down_with_progression,0.2768613769000676,False
B4GAT1,-0.27667675804352815,3.1117377855179386e-16,-0.27702264248360564,3.1882848971424334e-08,down_with_progression,0.2768497002635669,False
TMEM106C,-0.2708351173238855,1.4573156884373973e-15,-0.28260022278809677,1.5535962996139488e-08,down_with_progression,0.2767176700559911,False
MRTO4,-0.24447393026392228,9.48708111953804e-13,-0.30768776347303484,4.962133559566293e-10,down_with_progression,0.27608084686847856,False
HSD17B2,-0.2602070309868283,2.204509647060201e-14,-0.290552226413134,5.43887760968346e-09,down_with_progression,0.2753796286999811,False
YIPF4,0.21679590276835592,3.7356565236550793e-10,0.3334329746393101,9.975706444372799e-12,up_with_progression,0.275114438703833,False
CDC25A,-0.25420467166887184,9.395255696494734e-14,-0.2959153759648658,2.597271782039744e-09,down_with_progression,0.2750600238168688,False
LYSMD3,0.2465353548309958,5.917697219880644e-13,0.30214647021251906,1.0869159489912296e-09,up_with_progression,0.2743409125217574,False
PDCL3,-0.22015269217235697,1.916221004503064e-10,-0.3280663188094179,2.373790157294604e-11,down_with_progression,0.2741095054908874,False
SKA2,-0.20400160368444917,4.582676694003872e-09,-0.34330608831046633,1.971480969914615e-12,down_with_progression,0.27365384599745773,False
RRM2,-0.28350143353183077,4.869893665722767e-17,-0.2634081449400394,1.7122086179050752e-07,down_with_progression,0.2734547892359351,False
MTDH,0.3040361566823169,1.290551664299348e-19,0.24209243945932254,1.948012541004235e-06,up_with_progression,0.2730642980708197,False
USO1,0.21737383137752897,3.323782555735918e-10,0.32755672981725287,2.557970355988531e-11,up_with_progression,0.27246528059739095,False
PNRC1,0.2068310871500658,2.6608153574609694e-09,0.3379966620153691,4.719239768443518e-12,up_with_progression,0.27241387458271743,False
UHRF1,-0.3358457119153586,4.6581491317512345e-24,-0.20854070522352083,5.613366725107965e-05,down_with_progression,0.27219320856943974,False
TBC1D15,0.24573301453074092,7.104395104701719e-13,0.29823355244116906,1.8731732813447332e-09,up_with_progression,0.271983283485955,False
PREB,0.21888881010547032,2.4443739132126334e-10,0.3239298031360253,4.445721508460447e-11,up_with_progression,0.2714093066207478,False
GINS1,-0.29511096648098617,1.830547821431533e-18,-0.24667163910441267,1.1805391077813276e-06,down_with_progression,0.2708913027926994,False
ZCCHC7,0.21764756778482575,3.145134332431643e-10,0.3238688949246826,4.483235859127472e-11,up_with_progression,0.2707582313547542,False
SMAP1,0.30605445156074296,7.050326438959272e-20,0.23501440911121257,4.162560149896574e-06,up_with_progression,0.2705344303359778,False
EEF2,0.23586182813526743,6.614700454191489e-12,0.30468062035062154,7.661330629247013e-10,up_with_progression,0.2702712242429445,False
BTG1,0.22634491933419335,5.253817668724189e-11,0.31385403027224407,2.01875302890233e-10,up_with_progression,0.2700994748032187,False
MT-ND4,0.20223771976882032,6.397499817995941e-09,0.33690562140970326,5.633397249559296e-12,up_with_progression,0.2695716705892618,False
SNRPC,-0.20336237678139218,5.184276427359661e-09,-0.3357266797534708,6.845762597736321e-12,down_with_progression,0.26954452826743147,False
ASPM,-0.23163931821203393,1.6742709169677076e-11,-0.3072864976719991,5.24348804141654e-10,down_with_progression,0.26946290794201655,False
ARHGEF2,0.2855620232925677,2.7532669968940233e-17,0.25235520455209465,6.292105632873259e-07,up_with_progression,0.26895861392233117,False
PSMD11,-0.23223835592789052,1.4819610171111494e-11,-0.303923648101539,8.507994471318642e-10,down_with_progression,0.26808100201471474,False
PCYOX1,-0.258067428473834,3.7028845392734245e-14,-0.2780900032103864,2.773959666273121e-08,down_with_progression,0.2680787158421102,False
CCNB1,-0.20743233655136772,2.365894370007177e-09,-0.3280766174746968,2.3736548353910183e-11,down_with_progression,0.26775447701303223,False
RWDD2A,0.2540836020113431,9.670749628312804e-14,0.2812399890087213,1.85654021089788e-08,up_with_progression,0.2676617955100322,False
SLC7A1,0.31958807921672205,9.824291016219532e-22,0.21536191048809353,2.9758037461679723e-05,up_with_progression,0.2674749948524078,False
GMNN,-0.28938199406456155,9.300852036043036e-18,-0.24467697933958696,1.4741634571383301e-06,down_with_progression,0.26702948670207427,False
LINC02637,-0.21939778507921864,2.2106867384603456e-10,-0.311940588373533,2.677475411401465e-10,down_with_progression,0.26566918672637585,False
CASP6,-0.24978240229450327,2.718752751759181e-13,-0.28149026191568044,1.7986097220206905e-08,down_with_progression,0.26563633210509185,False
G0S2,0.226984209628264,4.5884185593947274e-11,0.3023387841791672,1.0611295614948696e-09,up_with_progression,0.2646614969037156,False
EBP,-0.26003639449865157,2.2858475232793774e-14,-0.2671284020629567,1.0858337750139576e-07,down_with_progression,0.2635823982808041,False
LYPLA2,-0.2905849665938099,6.67492587661042e-18,-0.23497745879760074,4.177407894537078e-06,down_with_progression,0.2627812126957053,False
BRI3BP,-0.25503127478659227,7.698011653742161e-14,-0.26943335438777,8.165816677140277e-08,down_with_progression,0.2622323145871811,False
HELLS,-0.30655450510550636,6.044576873546333e-20,-0.2178878927640666,2.3333268835344985e-05,down_with_progression,0.26222119893478646,False
OSBP,0.2831122721932283,5.358207071442421e-17,0.24049307072493242,2.3134447322214727e-06,up_with_progression,0.26180267145908037,False
SEC61A1,0.2559475087943054,6.148397287243895e-14,0.26751923242026593,1.0352045266149148e-07,up_with_progression,0.26173337060728563,False
C2orf72,-0.2609518211005157,1.82199653023815e-14,-0.2619341051263961,2.0366927075209752e-07,down_with_progression,0.2614429631134559,False
SLC25A36,0.2447287130920218,8.976406281154422e-13,0.27810842378162115,2.7697174430873556e-08,up_with_progression,0.2614185684368215,False
DNAJC1,0.23384855377466165,1.0346167676212117e-11,0.2889185960444184,6.771186223338548e-09,up_with_progression,0.26138357490954,False
SRP54,0.2758032250423872,3.9258183377299355e-16,0.24675333154604492,1.1723604470493373e-06,up_with_progression,0.26127827829421607,False
ORC1,-0.2826313502153818,6.101715194104898e-17,-0.23970356561767586,2.511028564219982e-06,down_with_progression,0.26116745791652884,False
AKR1A1,0.22300145722339748,1.0636384791126982e-10,0.2988909421252006,1.714805156796755e-09,up_with_progression,0.26094619967429905,False
CDCA4,-0.2624488466078629,1.2504305167317843e-14,-0.2593707913713779,2.7691215858775193e-07,down_with_progression,0.2609098189896204,False
TMEM140,0.2233348662583875,9.919982111689547e-11,0.2984838991126477,1.8131209989401934e-09,up_with_progression,0.2609093826855176,False
MITD1,0.21962507901806147,2.1120667880086587e-10,0.30103671114488995,1.2717675224850517e-09,up_with_progression,0.2603308950814757,False
MAD2L1,-0.2614119587836827,1.621738108952254e-14,-0.2582480581504145,3.1609577426815766e-07,down_with_progression,0.2598300084670486,False
CHAF1A,-0.29174320551924554,4.805155964420076e-18,-0.22768478468693465,8.876373806959466e-06,down_with_progression,0.2597139951030901,False
CCDC86,-0.27210815971824454,1.0481736957032566e-15,-0.24695798679170192,1.147219468668075e-06,down_with_progression,0.2595330732549732,True
UBE2C,-0.2170724325268074,3.537448989922592e-10,-0.3014366821921215,1.2050204582554666e-09,down_with_progression,0.25925455735946445,False
OPTN,0.20066496661555946,8.534185741339766e-09,0.31723778864865243,1.2286731279464037e-10,up_with_progression,0.25895137763210596,False
PLEKHO1,-0.2192373859537972,2.2777363219088424e-10,-0.29859379311493717,1.7858759855495156e-09,down_with_progression,0.25891558953436716,False
UNC5B,0.2433865612287557,1.2131712052247428e-12,0.2726534082140704,5.505774381318009e-08,up_with_progression,0.2580199847214131,False
EDEM2,0.30408674621923915,1.2746993282334043e-19,0.2112400411237122,4.4009838803031934e-05,up_with_progression,0.25766339367147567,False
ARF1,0.23942277841188825,2.9725546154067213e-12,0.2747422638549433,4.242724916632097e-08,up_with_progression,0.2570825211334158,False
UBA5,0.23211304728597737,1.516555497137368e-11,0.2815659966773897,1.7815995026424626e-08,up_with_progression,0.2568395219816835,False
POLR1G,-0.23845892249276496,3.70297929386711e-12,-0.27500330186009964,4.11120610694809e-08,down_with_progression,0.2567311121764323,False
UROS,-0.2842792622164749,3.93527192734616e-17,-0.22805990688563388,8.541655504748026e-06,down_with_progression,0.25616958455105443,False
NARS1,0.2408511288468363,2.153509758619062e-12,0.2712578815656564,6.5438681586465e-08,up_with_progression,0.25605450520624634,False
PA2G4,-0.2799788460277107,1.2594457640049067e-16,-0.23092451506133616,6.383634458920151e-06,down_with_progression,0.25545168054452344,False
TUBA5P,-0.24405243209818764,1.042412705981844e-12,-0.26679951572003396,1.1316724020074156e-07,down_with_progression,0.2554259739091108,False
MTARC1,-0.29847309187192134,6.749733288326682e-19,-0.21216584201740976,4.031877680063474e-05,down_with_progression,0.25531946694466556,False
PCDHB5,-0.2110225444487025,1.181684753723229e-09,-0.2982323737374941,1.8731732813447332e-09,down_with_progression,0.2546274590930983,False
TPM1,-0.27191403826259436,1.1002453593952097e-15,-0.23675632949913364,3.4632064527308288e-06,down_with_progression,0.254335183880864,False
PARP1,-0.29697211345452323,1.0558379122315244e-18,-0.21047901699770366,4.70950371705491e-05,down_with_progression,0.25372556522611345,False
GALK2,0.23401560702958893,9.981775536920169e-12,0.27225325553092045,5.7874865969029945e-08,up_with_progression,0.2531344312802547,False
TGOLN2,-0.2198469405791422,2.0276676734228244e-10,-0.28515534171576035,1.1193358132013957e-08,down_with_progression,0.25250114114745126,False
CTPS1,-0.30066549041389584,3.5222335028310567e-19,-0.2030100147214942,9.25194003183364e-05,down_with_progression,0.25183775256769503,False
CNN2,-0.27829274204780574,2.007428925885187e-16,-0.22363142467385178,1.3314252713336838e-05,down_with_progression,0.25096208336082876,False
PAFAH1B3,-0.21226574782650232,9.248145768849577e-10,-0.28922199387668357,6.519237021356408e-09,down_with_progression,0.25074387085159294,False
MRPL12,-0.2600836228517717,2.2672232727813123e-14,-0.24086057277155284,2.2282840825194095e-06,down_with_progression,0.2504720978116623,False
CELSR2,0.2145206281196514,5.917760735807859e-10,0.2851255673637203,1.1225158828263296e-08,up_with_progression,0.24982309774168585,False
MMD,-0.2590663124907902,2.9065227828070704e-14,-0.24055906572892277,2.2972204360772374e-06,down_with_progression,0.2498126891098565,False
SNHG29,0.26745485923624973,3.4961120246562455e-15,0.2321179329853845,5.624381613014082e-06,up_with_progression,0.2497863961108171,False
ANXA5,0.2509819567217982,2.0582858344402994e-13,0.24754431951888137,1.0768746963507448e-06,up_with_progression,0.2492631381203398,False
SGO1,-0.28910408086971345,1.0064658084694793e-17,-0.20916717893885647,5.3149110593035945e-05,down_with_progression,0.24913562990428495,False
RAB1B,-0.23128887021520966,1.8068335913686654e-11,-0.2662891642170005,1.205567824674957e-07,down_with_progression,0.24878901721610508,False
CREBRF,0.21690064584098673,3.6570973786768244e-10,0.278956328142118,2.4973700890094117e-08,up_with_progression,0.24792848699155237,False
IBTK,0.2719405200708978,1.0948949211082382e-15,0.22369493362619694,1.3254445232320346e-05,up_with_progression,0.24781772684854736,False
EIF2A,0.23752643433801934,4.560597832339553e-12,0.2566555836461952,3.810006044234429e-07,up_with_progression,0.24709100899210726,False
TPM4,-0.28946170352776157,9.164672958896262e-18,-0.20447728211116592,8.09836371862142e-05,down_with_progression,0.24696949281946373,False
UAP1,0.2079515366540127,2.1431643331462947e-09,0.28510255163424886,1.1249595482714241e-08,up_with_progression,0.2465270441441308,False
INSIG2,0.24909880688361505,3.211982760696426e-13,0.24255861880818147,1.8607899528518047e-06,up_with_progression,0.24582871284589825,False
CHMP2B,0.2002374599752883,9.20428183227659e-09,0.2913155702326083,4.9212422382254506e-09,up_with_progression,0.2457765151039483,False
KIAA2013,-0.2197508023418051,2.0602496886792528e-10,-0.2716964080511021,6.212027941164526e-08,down_with_progression,0.24572360519645361,False
SLC10A7,0.21565558333274182,4.710037578248848e-10,0.27564363740163844,3.7873886713530465e-08,up_with_progression,0.24564961036719013,False
CIRSR,0.24430254972172968,9.874814509089717e-13,0.2466708958735184,1.1805391077813276e-06,up_with_progression,0.24548672279762404,False
MYCN,-0.22193900427501553,1.3198764292843426e-10,-0.2687018424501872,8.922293082108208e-08,down_with_progression,0.24532042336260135,False
SLC9D1,0.26267697678301427,1.1799343924774905e-14,0.2271628636884228,9.362805406887467e-06,up_with_progression,0.24491992023571854,False
SPAG5,-0.25080663755643934,2.1312262705799053e-13,-0.23788345875274933,3.071383922846874e-06,down_with_progression,0.24434504815459435,False
CCDC85B,-0.22641645895078455,5.177193202112163e-11,-0.26080553157061936,2.3336746462598135e-07,down_with_progression,0.24361099526070196,False
FRA10AC1,0.23422892941689671,9.52693543603067e-12,0.25006397026161153,8.11088085988478e-07,up_with_progression,0.24214644983925412,False
MT2A,-0.2412616728884866,1.9703801420377024e-12,-0.24094021665888868,2.2090941324829422e-06,down_with_progression,0.24110094477368765,False
DAG1,-0.26383595108046715,8.815848095115795e-15,-0.21616501762832427,2.7555887360300696e-05,down_with_progression,0.2400004843543957,False
FABP1,-0.2713024934723376,1.2947312465351342e-15,-0.20802866315608515,5.88404676801981e-05,down_with_progression,0.23966557831421137,False
DHX9,-0.26577746753781734,5.3738347055582926e-15,-0.21271403642566683,3.8247526163083286e-05,down_with_progression,0.23924575198174208,False
C11orf24,-0.2428298397077892,1.3791300803231298e-12,-0.2351553808530483,4.098675184227206e-06,down_with_progression,0.23899261028041874,False
ZRSR2,0.21982159042872568,2.031389681480628e-10,0.2574837312292003,3.4611845489987714e-07,up_with_progression,0.238652660828963,False
CYSTM1,0.2254318067301915,6.345059927351364e-11,0.2518521083978515,6.662971828247734e-07,up_with_progression,0.2386419575640215,False
KPNA2,-0.2295643850520011,2.6163218843267792e-11,-0.24699624941804535,1.1427931035929182e-06,down_with_progression,0.23828031723502324,False
PRSS23,-0.21697757402532467,3.605842618594163e-10,-0.2587359186674271,2.9889674313855574e-07,down_with_progression,0.23785674634637588,False
LINC01881,0.25910105815823287,2.8862935838757605e-14,0.21562747187790202,2.8974869151586888e-05,up_with_progression,0.23736426501806746,False
SBDS,0.21330944804851892,7.520835976860139e-10,0.2606606406078417,2.3752818032528794e-07,up_with_progression,0.23698504432818032,False
SYCP2L,0.20217127909968657,6.4697344126117175e-09,0.2716469606630966,6.247371810752053e-08,up_with_progression,0.2369091198813916,False
TMED5,0.20818875714656546,2.045733701747506e-09,0.2655404314296089,1.3235129991077135e-07,up_with_progression,0.2368645942880872,False
PHB1,-0.20535024324225765,3.556957264572251e-09,-0.26774220980508223,1.007096811623429e-07,down_with_progression,0.23654622652366994,False
TACC3,-0.24054061104444352,2.316122157103513e-12,-0.22898184507323066,7.778034109789018e-06,down_with_progression,0.2347612280588371,False
YIF1B,0.2060208976353572,3.1211535180517813e-09,0.26105223886185464,2.2650176610908132e-07,up_with_progression,0.2335365682486059,False
RASD1,0.21882923588198186,2.471885325348659e-10,0.24788381957286504,1.0382391985187884e-06,up_with_progression,0.23335652772742344,False
CPB2,-0.2427862267515079,1.3914591157504548e-12,-0.2216409043762138,1.6182969037861437e-05,down_with_progression,0.23221356556386086,False
WDR45,0.25427340918688796,9.267416821949973e-14,0.20921019740016975,5.294523002998435e-05,up_with_progression,0.23174180329352884,False
UFL1,0.2032320502145828,5.3094571975685695e-09,0.2595738906390304,2.7053347630451315e-07,up_with_progression,0.2314029704268066,False
KCNMB3,0.23683388919720033,5.328620244308244e-12,0.22520750960732788,1.1396104201749975e-05,up_with_progression,0.2310206994022641,False
ANLN,-0.2543049248298501,9.210868305186547e-14,-0.2068180665274698,6.578565608705484e-05,down_with_progression,0.23056149567865997,False
TIMM9,0.2221923950521483,1.2532059035266704e-10,0.2378835494231716,3.071383922846874e-06,up_with_progression,0.23003797223765995,False
XRCC2,-0.2084593035590212,1.9420333013478594e-09,-0.25111530336549853,7.243275954330205e-07,down_with_progression,0.22978730346225987,False
ARPC5,-0.21203536687711871,9.683338407114143e-10,-0.2462483172412934,1.2353716495907384e-06,down_with_progression,0.22914184205920607,False
VSNL1,-0.2558234260975738,6.310482483161582e-14,-0.20001396499724952,0.00012114913329523473,down_with_progression,0.22791869554741168,False
RABGGTB,0.23899267052107784,3.2774840305768293e-12,0.21611880262637173,2.7674378547834354e-05,up_with_progression,0.2275557365737248,False
DUSP6,-0.21135837612912325,1.1079613841928936e-09,-0.24351541128061308,1.6732830780411382e-06,down_with_progression,0.22743689370486816,False
UXS1,-0.24843900999035068,3.770474515901053e-13,-0.2058024974812588,7.209542984572452e-05,down_with_progression,0.22712075373580476,False
YIPF6,0.2243399347781489,8.002276674692275e-11,0.22986247863747825,7.117491250752179e-06,up_with_progression,0.22710120670781359,False
LRIF1,0.2193102728213797,2.2447747248515588e-10,0.2334161270740368,4.91583961112166e-06,up_with_progression,0.22636319994770826,False
PIGW,-0.24143209338783808,1.894383721308158e-12,-0.2104577268727098,4.717255807767025e-05,down_with_progression,0.22594491013027396,False
VWA1,-0.21177120666979682,1.0210317154516723e-09,-0.23915738253616833,2.670706086303096e-06,down_with_progression,0.22546429460298256,False
CDCA8,-0.23172475682969176,1.6440594787991836e-11,-0.21914603524553075,2.065159306795455e-05,down_with_progression,0.22543539603761126,False
MPC2,-0.20181970597514515,6.8969495432317345e-09,-0.24690813300525302,1.1524123295538595e-06,down_with_progression,0.22436391949019907,False
EI24,-0.24240301001110828,1.5115229266571714e-12,-0.2056770738016722,7.29232861368387e-05,down_with_progression,0.22404004190639024,False
EMC2,0.24482626603286484,8.780207100150168e-13,0.20265713823919185,9.536659963330596e-05,up_with_progression,0.22374170213602834,False
SLC19A1,-0.2099103289784768,1.4674762302351647e-09,-0.23608914254506805,3.7170393013183572e-06,down_with_progression,0.22299973576177243,False
SPC25,-0.20928480612901945,1.6519993498865115e-09,-0.23437991136158814,4.442924566342765e-06,down_with_progression,0.2218323587453038,False
ACBD3,0.20933517716451144,1.6366794561547966e-09,0.23361765683212432,4.817175661750184e-06,up_with_progression,0.22147641699831788,False
TOP2A,-0.21807898976818146,2.873053701334375e-10,-0.22474335544677673,1.1923975427959068e-05,down_with_progression,0.2214111726074791,False
PIMREG,-0.22299415168659234,1.0639727844405224e-10,-0.2195462925865837,1.9857982265621034e-05,down_with_progression,0.22127022213658804,False
CTSV,-0.2121135167487696,9.536954217633574e-10,-0.2289598399030117,7.787294146318717e-06,down_with_progression,0.22053667832589063,False
RAB21,0.2105794106548043,1.288614259772739e-09,0.22979881312421274,7.154658911841007e-06,up_with_progression,0.22018911188950852,False
GPATCH4,-0.2003625123051412,9.006316591968552e-09,-0.23770824304203245,3.13007071873852e-06,down_with_progression,0.21903537767358683,False
CCNF,-0.2196292444692649,2.1120667880086587e-10,-0.2176544822596431,2.3875669898271452e-05,down_with_progression,0.21864186336445401,False
PMPCA,-0.22202348542990835,1.2972704808447706e-10,-0.21465385984789667,3.182857352021053e-05,down_with_progression,0.2183386726389025,False
GABARAPL1,0.2182903867105676,2.754947989875207e-10,0.2177351651519105,2.3699762728171323e-05,up_with_progression,0.21801277593123905,False
BOD1,0.23114547299343677,1.8645988980947988e-11,0.20419573688537426,8.312018443463398e-05,up_with_progression,0.21767060493940552,False
NAXE,-0.23406477891944685,9.882952179044207e-12,-0.2010302799432226,0.00011043237473347234,down_with_progression,0.2175475294313347,False
ERN1,0.2247747454484899,7.29369921887545e-11,0.20975004804500194,5.046147905179563e-05,up_with_progression,0.2172623967467459,False
PBK,-0.2202274413449584,1.8900253748930272e-10,-0.21341222750239838,3.567995986291505e-05,down_with_progression,0.2168198344236784,False
GTF2B,0.22408724829165697,8.430668470627265e-11,0.20590672215910527,7.148683121695563e-05,up_with_progression,0.21499698522538113,False
RPF2,0.21985151103274012,2.0276676734228244e-10,0.20554652644435348,7.376743876043535e-05,up_with_progression,0.2126990187385468,False
ATG13,0.20845765509537773,1.9420333013478594e-09,0.21344477896018535,3.5598500804374194e-05,up_with_progression,0.21095121702778152,False
OIP5,-0.21251258705327555,8.801640821759832e-10,-0.20935214294958068,5.232445659814888e-05,down_with_progression,0.21093236500142812,False
NRP1,-0.20454040847197644,4.149957208723434e-09,-0.21693430824293627,2.5615348748143463e-05,down_with_progression,0.21073735835745636,False
CPM,-0.20375873031182132,4.806811297634293e-09,-0.21453935580544753,3.2136837025392545e-05,down_with_progression,0.2091490430586344,False
DNAJC25,0.20336135369551608,5.184276427359661e-09,0.21362812298929193,3.500452521115343e-05,up_with_progression,0.208494738342404,False
IFRD2,-0.20925322036818053,1.6610099235177767e-09,-0.20197124031770988,0.00010175968063198289,down_with_progression,0.2056122303429452,False
TMT1B,-0.20235442741304088,6.256758837068543e-09,-0.20790795867960585,5.9469466884367704e-05,down_with_progression,0.20513119304632338,False
UBE2T,-0.20140554927895396,7.421537961484481e-09,-0.20876920117144174,5.4963952537325304e-05,down_with_progression,0.20508737522519785,False
CPEB4,0.20049068727353161,8.798539203686514e-09,0.20560974645879745,7.334071586685031e-05,up_with_progression,0.20305021686616453,False
