Gene_set,Term,Overlap,P-value,Adjusted P-value,Old P-value,Old Adjusted P-value,Odds Ratio,Combined Score,Genes
KEGG_2021_Human,Protein processing in endoplasmic reticulum,29/171,3.500429136733607e-32,3.1503862230602463e-30,0,0,36.27851795457429,2627.647156720058,TRAM1;RPN2;SAR1B;RPN1;SEL1L;DERL2;HSP90B1;UBE2J1;HERPUD1;SEC61A1;ERLEC1;SEC23B;XBP1;EDEM1;EDEM2;SSR3;SYVN1;PDIA6;DDOST;PDIA4;ERN1;DNAJC3;DNAJC1;SELENOS;DDIT3;DNAJB11;PREB;HYOU1;SEC24D
MSigDB_Hallmark_2020,Unfolded Protein Response,22/113,6.061864401488938e-26,2.0004152524913494e-24,0,0,40.50270068914137,2351.7972138684568,TSPYL2;XBP1;EDEM1;ASNS;SLC1A4;PDIA6;HSP90B1;HERPUD1;ERN1;DNAJC3;MTHFD2;PSAT1;STC2;DDIT4;EIF4EBP1;DNAJB9;PREB;HYOU1;CHAC1;IARS1;TARS1;ATF3
Reactome_2022,Unfolded Protein Response (UPR) R-HSA-381119,18/89,1.0507280680993385e-21,2.5952983282053656e-19,0,0,41.12237358577696,1986.408180893564,TSPYL2;EDEM1;GFPT1;SYVN1;ASNS;EIF2S2;PDIA6;HERPUD1;HSP90B1;DNAJC3;ERN1;DDIT3;DNAJB11;CREBRF;DNAJB9;PREB;HYOU1;ATF3
MSigDB_Hallmark_2020,mTORC1 Signaling,22/200,2.832905524396689e-20,4.674294115254537e-19,0,0,20.615311369263,927.9033899891332,XBP1;SDF2L1;SHMT2;EDEM1;IFRD1;RPN1;USO1;ASNS;SLC1A4;GLRX;SLC7A11;EIF2S2;HSP90B1;EPRS1;MTHFD2;PSAT1;DDIT3;CTH;DDIT4;TRIB3;PHGDH;PSPH
Reactome_2022,Asparagine N-linked Glycosylation R-HSA-446203,24/282,2.1172230342689305e-19,2.614770447322129e-17,0,0,15.719326383319968,675.9154947709615,COPA;RPN2;SAR1B;COPB1;EDEM1;RPN1;SEL1L;EDEM2;GFPT1;USO1;SYVN1;DERL2;UAP1;DDOST;GMPPB;SCFD1;GOLGB1;GMPPA;PGM3;PREB;NANS;SEC24D;COPE;BET1
GO_Biological_Process_2021,response to endoplasmic reticulum stress (GO:0034976),18/110,6.118594048329973e-20,5.3354140101437357e-17,0,0,31.70206699928724,1402.511158609385,FICD;UBA5;SEL1L;SYVN1;PDIA4;HSP90B1;HERPUD1;ERN1;ERLEC1;ERP44;SELENOS;GORASP2;DDIT3;DNAJB9;TRIB3;HYOU1;CHAC1;ATF3
Reactome_2022,Metabolism Of Proteins R-HSA-392499,48/1890,5.448423843306447e-16,4.4858689643223084e-14,0,0,5.103526412689421,179.36871855725593,SRP19;AARS1;COPA;TRAM1;RPN2;SAR1B;COPB1;RPN1;SEL1L;USO1;SRP54;DERL2;UAP1;YARS1;HSP90B1;GMPPB;SEC61A1;SCFD1;STC2;GMPPA;EIF4EBP1;PGM3;IARS1;NANS;SEC11C;EDEM1;EDEM2;GFPT1;MARS1;SSR3;SYVN1;EIF2S2;PDIA6;DDOST;INHBE;DNAJC3;GARS1;SPCS2;SELENOS;EPRS1;GOLGB1;PREB;CARS1;SEC24D;TARS1;RAB5A;COPE;BET1
Reactome_2022,Translation R-HSA-72766,20/281,8.340774783332174e-15,5.150428428707619e-13,0,0,12.515325670498084,405.7170753064772,SRP19;AARS1;TRAM1;RPN2;RPN1;MARS1;SSR3;SRP54;YARS1;EIF2S2;DDOST;SEC61A1;GARS1;SPCS2;EPRS1;EIF4EBP1;IARS1;CARS1;TARS1;SEC11C
GO_Biological_Process_2021,IRE1-mediated unfolded protein response (GO:0036498),12/53,1.7879306351891536e-15,7.79537756942471e-13,0,0,45.31783536585366,1538.8902516791716,TSPYL2;DNAJC3;ERN1;XBP1;EDEM1;DNAJB11;GFPT1;SYVN1;DNAJB9;PREB;HYOU1;PDIA6
Reactome_2022,IRE1alpha Activates Chaperones R-HSA-381070,11/48,2.402630455003848e-14,1.1868994447719009e-12,0,0,45.68468468468468,1432.6546778041975,TSPYL2;DNAJC3;ERN1;EDEM1;GFPT1;DNAJB11;SYVN1;DNAJB9;HYOU1;PREB;PDIA6
Reactome_2022,XBP1(S) Activates Chaperone Genes R-HSA-381038,10/46,6.706591780579144e-13,2.760880283005081e-11,0,0,42.35897435897436,1187.343879638365,TSPYL2;DNAJC3;EDEM1;GFPT1;DNAJB11;SYVN1;DNAJB9;HYOU1;PREB;PDIA6
Reactome_2022,Cytosolic tRNA Aminoacylation R-HSA-379716,8/24,3.1511278825415338e-12,1.1118979814110841e-10,0,0,75.16666666666667,1990.658426970362,GARS1;AARS1;EPRS1;MARS1;IARS1;YARS1;CARS1;TARS1
GO_Biological_Process_2021,"retrograde protein transport, ER to cytosol (GO:0030970)",7/17,1.2982630391984914e-11,3.773617900603615e-09,0,0,104.47368421052632,2618.884548395038,SELENOS;HM13;SEL1L;SYVN1;DERL2;HERPUD1;HSP90B1
Reactome_2022,Cellular Responses To Stress R-HSA-2262752,24/722,2.0254234547357448e-10,6.253494916496612e-09,0,0,5.679873530283569,126.77518692947238,TSPYL2;EDEM1;HM13;GFPT1;SYVN1;ASNS;SLC7A11;EIF2S2;PDIA6;HSP90B1;HERPUD1;ERN1;DNAJC3;DDIT3;SESN2;DNAJB11;CREBRF;DNAJB9;PREB;TRIB3;HYOU1;PHGDH;CHAC1;ATF3
Reactome_2022,Cellular Responses To Stimuli R-HSA-8953897,24/736,2.9854763670304755e-10,8.193474029516972e-09,0,0,5.56412243316544,122.032842927229,TSPYL2;EDEM1;HM13;GFPT1;SYVN1;ASNS;SLC7A11;EIF2S2;PDIA6;HSP90B1;HERPUD1;ERN1;DNAJC3;DDIT3;SESN2;DNAJB11;CREBRF;DNAJB9;PREB;TRIB3;HYOU1;PHGDH;CHAC1;ATF3
Reactome_2022,tRNA Aminoacylation R-HSA-379724,8/42,4.5494755189508227e-10,1.1237204531808533e-08,0,0,35.34046345811052,760.2030187203792,GARS1;AARS1;EPRS1;MARS1;IARS1;YARS1;CARS1;TARS1
Reactome_2022,Response Of EIF2AK1 (HRI) To Heme Deficiency R-HSA-9648895,6/15,5.018318796123505e-10,1.1268406751295506e-08,0,0,98.76119402985074,2114.749345437392,DDIT3;ASNS;TRIB3;CHAC1;EIF2S2;ATF3
GO_Biological_Process_2021,ubiquitin-dependent ERAD pathway (GO:0030433),10/73,8.711385095010535e-11,1.899081950712297e-08,0,0,24.17216117216117,559.9192331668055,SELENOS;EDEM1;SEL1L;EDEM2;SYVN1;DERL2;DNAJB9;HERPUD1;HSP90B1;UBE2J1
GO_Biological_Process_2021,tRNA aminoacylation (GO:0043039),8/38,1.9298174442408484e-10,3.223675558549069e-08,0,0,40.06060606060606,896.0926829516729,GARS1;AARS1;EPRS1;MARS1;IARS1;YARS1;CARS1;TARS1
GO_Biological_Process_2021,protein exit from endoplasmic reticulum (GO:0032527),7/24,2.2181253843227535e-10,3.223675558549069e-08,0,0,61.43343653250774,1365.6154416369,SELENOS;SEL1L;SYVN1;DERL2;PREB;HERPUD1;HSP90B1
GO_Biological_Process_2021,tRNA aminoacylation for protein translation (GO:0006418),8/43,5.556607797041331e-10,5.3837355544667125e-08,0,0,34.32900432900433,731.580712174819,GARS1;AARS1;EPRS1;MARS1;IARS1;YARS1;CARS1;TARS1
GO_Biological_Process_2021,ERAD pathway (GO:0036503),10/87,5.162824039876003e-10,5.3837355544667125e-08,0,0,19.76323676323676,422.6243121164348,ERLEC1;SELENOS;EDEM1;SEL1L;SYVN1;DERL2;DNAJB9;HERPUD1;HSP90B1;UBE2J1
GO_Biological_Process_2021,endoplasmic reticulum to cytosol transport (GO:1903513),6/15,5.018318796123505e-10,5.3837355544667125e-08,0,0,98.76119402985074,2114.749345437392,SELENOS;SEL1L;SYVN1;DERL2;HERPUD1;HSP90B1
Reactome_2022,SRP-dependent Cotranslational Protein Targeting To Membrane R-HSA-1799339,10/108,4.412448738102459e-09,9.082290319260896e-08,0,0,15.51177394034537,298.42847540657334,SRP19;SEC61A1;TRAM1;SPCS2;RPN2;RPN1;SSR3;SRP54;DDOST;SEC11C
Reactome_2022,Post-translational Protein Modification R-HSA-597592,30/1383,2.1748381853022936e-08,4.132192552074358e-07,0,0,3.730497883491232,65.81988428957392,COPA;RPN2;SAR1B;COPB1;RPN1;SEL1L;USO1;DERL2;UAP1;HSP90B1;GMPPB;SCFD1;STC2;GMPPA;PGM3;NANS;EDEM1;EDEM2;GFPT1;SYVN1;PDIA6;DDOST;DNAJC3;SELENOS;GOLGB1;PREB;SEC24D;RAB5A;COPE;BET1
GO_Biological_Process_2021,regulation of endoplasmic reticulum stress-induced intrinsic apoptotic signaling pathway (GO:1902235),6/22,7.186091034928782e-09,5.696610347688998e-07,0,0,55.53358208955224,1041.3167773779048,XBP1;SELENOS;DDIT3;SYVN1;PMAIP1;HERPUD1
GO_Biological_Process_2021,endoplasmic reticulum to Golgi vesicle-mediated transport (GO:0006888),12/185,7.138717029203011e-09,5.696610347688998e-07,0,0,10.66853323699422,200.117495449016,COPA;SCFD1;SAR1B;COPB1;GOLGB1;USO1;PREB;HYOU1;SEC24D;COPE;TMED5;BET1
Reactome_2022,ER To Golgi Anterograde Transport R-HSA-199977,10/133,3.3157166054853844e-08,5.849871439677785e-07,0,0,12.343339587242026,212.57708044272724,COPA;SCFD1;SAR1B;COPB1;GOLGB1;USO1;PREB;SEC24D;COPE;BET1
KEGG_2021_Human,Aminoacyl-tRNA biosynthesis,8/66,1.92270739192698e-08,8.65218326367141e-07,0,0,20.691745036572623,367.6291260468355,GARS1;AARS1;EPRS1;MARS1;IARS1;YARS1;CARS1;TARS1
GO_Biological_Process_2021,"regulation of retrograde protein transport, ER to cytosol (GO:1904152)",5/13,1.924270887374473e-08,1.3983035114921172e-06,0,0,91.9074074074074,1632.839279543355,ERLEC1;EDEM1;EDEM2;DERL2;UBE2J1
MSigDB_Hallmark_2020,Glycolysis,11/200,1.6736334867375865e-07,1.840996835411345e-06,0,0,8.874984619170666,138.47726050764658,ISG20;GMPPB;HAX1;STC2;CTH;DDIT4;GFPT1;GMPPA;AKR1A1;GLRX;GALK2
Reactome_2022,Transport To Golgi And Subsequent Modification R-HSA-948021,10/164,2.39771288400415e-07,3.948233882326834e-06,0,0,9.843156843156844,150.04495206861105,COPA;SCFD1;SAR1B;COPB1;GOLGB1;USO1;PREB;SEC24D;COPE;BET1
Reactome_2022,ER Quality Control Compartment (ERQC) R-HSA-901032,5/21,2.908524823263029e-07,4.4900351959123e-06,0,0,45.93518518518518,691.3451909614348,EDEM1;EDEM2;SEL1L;SYVN1;DERL2
GO_Biological_Process_2021,establishment of protein localization to endoplasmic reticulum (GO:0072599),5/17,9.046034888497132e-08,6.067801863668846e-06,0,0,61.25925925925926,993.524365683608,SEC61A1;SPCS2;EDEM1;ZFAND2A;SRP54
GO_Biological_Process_2021,nucleotide-sugar biosynthetic process (GO:0009226),5/19,1.6808290752586025e-07,1.0469163954467864e-05,0,0,52.5026455026455,818.9787119990987,GMPPB;GFPT1;PGM3;UAP1;NANS
Reactome_2022,Calnexin/calreticulin Cycle R-HSA-901042,5/26,9.141236572305628e-07,1.3281679019761703e-05,0,0,34.98941798941799,486.53835334784446,EDEM1;SEL1L;EDEM2;SYVN1;DERL2
KEGG_2021_Human,Protein export,5/23,4.755692631095125e-07,1.4267077893285376e-05,0,0,40.82716049382716,594.3925576437064,SRP19;SEC61A1;SPCS2;SRP54;SEC11C
KEGG_2021_Human,Amino sugar and nucleotide sugar metabolism,6/48,1.0178954160654286e-06,2.290264686147214e-05,0,0,21.127931769722814,291.5184145430046,GMPPB;GMPPA;GFPT1;PGM3;UAP1;NANS
GO_Biological_Process_2021,protein N-linked glycosylation (GO:0006487),7/67,4.338831116353012e-07,2.5223071556398843e-05,0,0,17.36842105263158,254.45589053472048,RPN2;OSTC;RPN1;GFPT1;PGM3;DDOST;UBE2J1
GO_Biological_Process_2021,L-serine metabolic process (GO:0006563),4/10,4.674309943418639e-07,2.547498919163158e-05,0,0,97.32352941176472,1418.589137434636,PSAT1;SHMT2;PHGDH;PSPH
GO_Biological_Process_2021,"protein alpha-1,2-demannosylation (GO:0036508)",5/24,5.973483712246172e-07,2.893820998377034e-05,0,0,38.67641325536062,554.2626032266801,EDEM1;EDEM2;SEL1L;SYVN1;DERL2
GO_Biological_Process_2021,COPII-coated vesicle budding (GO:0090114),7/70,5.877419887991987e-07,2.893820998377034e-05,0,0,16.538847117794486,237.2824721042512,SCFD1;SAR1B;USO1;PREB;SEC24D;SEC23B;BET1
Reactome_2022,PERK Regulates Gene Expression R-HSA-381042,5/32,2.7056039509410398e-06,3.712689866013537e-05,0,0,27.20576131687243,348.78290399019903,DDIT3;ASNS;EIF2S2;ATF3;HERPUD1
GO_Biological_Process_2021,serine family amino acid biosynthetic process (GO:0009070),4/12,1.0898710510983e-06,5.001934508198513e-05,0,0,72.98529411764706,1002.0480317503424,PSAT1;CTH;PHGDH;PSPH
Reactome_2022,N-glycan Trimming In ER And Calnexin/Calreticulin Cycle R-HSA-532668,5/35,4.288684406315016e-06,5.5752897282095214e-05,0,0,24.48148148148148,302.5796179674998,EDEM1;SEL1L;EDEM2;SYVN1;DERL2
Reactome_2022,Synthesis Of Substrates In N-glycan Biosythesis R-HSA-446219,6/63,5.171211997952722e-06,6.386446817471611e-05,0,0,15.55616653574234,189.35593548711356,GMPPB;GMPPA;GFPT1;PGM3;UAP1;NANS
Reactome_2022,COPII-mediated Vesicle Transport R-HSA-204005,6/66,6.797183696991366e-06,7.994782729318417e-05,0,0,14.776119402985074,175.8210771916483,SCFD1;SAR1B;USO1;PREB;SEC24D;BET1
GO_Biological_Process_2021,protein transport (GO:0015031),13/369,2.0210502413768465e-06,8.392170526098144e-05,0,0,5.608068654339556,73.53239759151658,COPA;SAR1B;SEL1L;USO1;GOLPH3L;ARL1;TVP23B;PDIA4;HSP90B1;SCFD1;PREB;RAB5A;TMED5
GO_Biological_Process_2021,protein N-linked glycosylation via asparagine (GO:0018279),5/30,1.9363038161836857e-06,8.392170526098144e-05,0,0,29.385185185185183,386.5541668725822,RPN2;OSTC;RPN1;DDOST;UBE2J1
GO_Biological_Process_2021,peptidyl-asparagine modification (GO:0018196),5/31,2.295724651389782e-06,9.099417709144954e-05,0,0,28.25356125356125,366.8572928020351,RPN2;OSTC;RPN1;DDOST;UBE2J1
MSigDB_Hallmark_2020,p53 Pathway,9/200,1.1831683450728307e-05,9.761138846850857e-05,0,0,7.074897086447384,80.26279429856345,TSPYL2;SEC61A1;DDIT3;DDIT4;TRIB3;SLC3A2;SLC7A11;MXD1;ATF3
GO_Biological_Process_2021,negative regulation of endoplasmic reticulum stress-induced intrinsic apoptotic signaling pathway (GO:1902236),4/15,2.9567290771165656e-06,0.00011209859805415848,0,0,53.07219251336898,675.6847416437581,XBP1;SELENOS;SYVN1;HERPUD1
GO_Biological_Process_2021,Golgi organization (GO:0007030),8/130,3.734825828647503e-06,0.0001356986717741926,0,0,9.805265772478888,122.54434247300014,GOLGA5;GORASP2;GOLGB1;GOLPH3L;ARL1;LYSMD3;TMED5;BET1
KEGG_2021_Human,"Glycine, serine and threonine metabolism",5/40,8.452072660129329e-06,0.00015213730788232792,0,0,20.978835978835978,245.05585706693327,SHMT2;PSAT1;CTH;PHGDH;PSPH
GO_Biological_Process_2021,COPII vesicle coating (GO:0048208),6/63,5.171211997952722e-06,0.00016701099489684347,0,0,15.55616653574234,189.35593548711356,SCFD1;SAR1B;USO1;PREB;SEC24D;BET1
GO_Biological_Process_2021,vesicle coating (GO:0006901),6/63,5.171211997952722e-06,0.00016701099489684347,0,0,15.55616653574234,189.35593548711356,SCFD1;SAR1B;USO1;PREB;SEC24D;BET1
GO_Biological_Process_2021,"vesicle targeting, rough ER to cis-Golgi (GO:0048207)",6/63,5.171211997952722e-06,0.00016701099489684347,0,0,15.55616653574234,189.35593548711356,SCFD1;SAR1B;USO1;PREB;SEC24D;BET1
Reactome_2022,Biosynthesis Of N-glycan Precursor (Dolichol LLO) And Transfer To Protein R-HSA-446193,6/77,1.6653698141340675e-05,0.00018697561095050663,0,0,12.479924322051714,137.3150879547574,GMPPB;GMPPA;GFPT1;PGM3;UAP1;NANS
Reactome_2022,Synthesis Of UDP-N-acetyl-glucosamine R-HSA-446210,3/8,1.8322328553421745e-05,0.00019676587620413787,0,0,86.95620437956204,948.465242987642,GFPT1;PGM3;UAP1
GO_Biological_Process_2021,L-serine biosynthetic process (GO:0006564),3/6,6.611312006564352e-06,0.0001987953127491074,0,0,144.94160583941607,1728.6791718756297,PSAT1;PHGDH;PSPH
GO_Biological_Process_2021,positive regulation of response to endoplasmic reticulum stress (GO:1905898),4/18,6.520965565102731e-06,0.0001987953127491074,0,0,41.69327731092437,497.8380815887308,ERN1;XBP1;DDIT3;PMAIP1
Reactome_2022,COPI-mediated Anterograde Transport R-HSA-6807878,6/80,2.0747928443808552e-05,0.00021353076356752968,0,0,11.972166196046793,129.09663611008122,COPA;COPB1;GOLGB1;USO1;COPE;BET1
GO_Biological_Process_2021,endoplasmic reticulum mannose trimming (GO:1904380),4/19,8.215086465572783e-06,0.0002387851799326489,0,0,38.91176470588236,455.6387984126557,EDEM2;SEL1L;SYVN1;DERL2
Reactome_2022,Serine Biosynthesis R-HSA-977347,3/9,2.7342600539042648e-05,0.0002701448933257414,0,0,72.45985401459853,761.3403679595934,PSAT1;PHGDH;PSPH
Reactome_2022,ATF4 Activates Genes In Response To Endoplasmic Reticulum Stress R-HSA-380994,4/27,3.561415430317833e-05,0.0003383344658801941,0,0,25.367007672634276,259.828359385621,DDIT3;ASNS;ATF3;HERPUD1
GO_Biological_Process_2021,cellular response to glucose starvation (GO:0042149),5/43,1.2157940238703089e-05,0.0003419910931660997,0,0,19.319688109161792,218.65111275030543,XBP1;SESN2;PMAIP1;ASNS;CPEB4
MSigDB_Hallmark_2020,Protein Secretion,6/96,5.84084689904232e-05,0.00038549589533679306,0,0,9.835820895522389,95.88007055298866,COPB1;USO1;SEC24D;RAB5A;COPE;BET1
MSigDB_Hallmark_2020,Androgen Response,6/100,7.340718321018319e-05,0.00040373950765600753,0,0,9.415369958717053,89.6295085236905,SRP19;PGM3;DNAJB9;UAP1;SEC24D;UBE2J1
GO_Biological_Process_2021,proteasome-mediated ubiquitin-dependent protein catabolic process (GO:0043161),11/321,1.6539729655582528e-05,0.0004507076331146239,0,0,5.3775943985996495,59.20594418952725,SELENOS;DDIT3;EDEM1;ZFAND2A;SEL1L;SYVN1;DERL2;DNAJB9;HSP90B1;UBE2J1;HERPUD1
GO_Biological_Process_2021,"negative regulation of retrograde protein transport, ER to cytosol (GO:1904153)",3/9,2.7342600539042648e-05,0.0006644164924617704,0,0,72.45985401459853,761.3403679595934,ERLEC1;DERL2;UBE2J1
GO_Biological_Process_2021,negative regulation of response to endoplasmic reticulum stress (GO:1903573),4/25,2.5951012919605028e-05,0.0006644164924617704,0,0,27.785714285714285,293.3976905121223,XBP1;SELENOS;SYVN1;HERPUD1
GO_Biological_Process_2021,ATF6-mediated unfolded protein response (GO:0036500),3/9,2.7342600539042648e-05,0.0006644164924617704,0,0,72.45985401459853,761.3403679595934,XBP1;DDIT3;HSP90B1
GO_Biological_Process_2021,response to insulin (GO:0032868),6/84,2.7430038679614372e-05,0.0006644164924617704,0,0,11.355912743972446,119.28105212178384,XBP1;SELENOS;EPRS1;MARS1;TRIB3;PCK2
Reactome_2022,Amino Acid Transport Across Plasma Membrane R-HSA-352230,4/33,8.03778901636573e-05,0.0007353088470527168,0,0,20.112576064908723,189.63688233436685,SLC1A4;SLC3A2;SLC7A11;SLC7A1
GO_Biological_Process_2021,regulation of endoplasmic reticulum unfolded protein response (GO:1900101),3/10,3.886065258720275e-05,0.0008917497120010736,0,0,62.105318039624606,630.7123162278714,ERN1;XBP1;FICD
GO_Biological_Process_2021,negative regulation of protein exit from endoplasmic reticulum (GO:0070862),3/10,3.886065258720275e-05,0.0008917497120010736,0,0,62.105318039624606,630.7123162278714,ERLEC1;DERL2;UBE2J1
GO_Biological_Process_2021,intrinsic apoptotic signaling pathway in response to endoplasmic reticulum stress (GO:0070059),4/29,4.767721039051249e-05,0.0010660135246288,0,0,23.33529411764706,232.21084289923712,ERN1;DDIT3;TRIB3;CHAC1
GO_Biological_Process_2021,UDP-N-acetylglucosamine biosynthetic process (GO:0006048),3/11,5.315958525872039e-05,0.0011306136181854,0,0,54.33941605839416,534.8200596444891,GFPT1;PGM3;UAP1
GO_Biological_Process_2021,signal peptide processing (GO:0006465),3/11,5.315958525872039e-05,0.0011306136181854,0,0,54.33941605839416,534.8200596444891,SPCS2;HM13;SEC11C
Reactome_2022,Vesicle-mediated Transport R-HSA-5653656,14/637,0.00015563299074067066,0.0013729053111766,0,0,3.4308899589798467,30.08207728375644,COPA;SAR1B;COPB1;USO1;HSP90B1;SCFD1;GOLGB1;PREB;HYOU1;ACBD3;SEC24D;RAB5A;COPE;BET1
GO_Biological_Process_2021,intra-Golgi vesicle-mediated transport (GO:0006891),4/32,7.101939909756735e-05,0.0014402073491413,0,0,20.831932773109244,198.99823547452823,COPA;GOLGA5;COPB1;COPE
GO_Biological_Process_2021,amino sugar biosynthetic process (GO:0046349),3/12,7.051632109994884e-05,0.0014402073491413,0,0,48.2992700729927,461.72490781114647,GFPT1;PGM3;UAP1
GO_Biological_Process_2021,endomembrane system organization (GO:0010256),8/199,8.122016571113793e-05,0.0016096360113661,0,0,6.241155005552911,58.78136349458197,SEC61A1;GOLGA5;GORASP2;GOLGB1;GOLPH3L;ARL1;LYSMD3;TMED5
GO_Biological_Process_2021,negative regulation of intrinsic apoptotic signaling pathway (GO:2001243),5/64,8.560199325107218e-05,0.001640756380282,0,0,12.430006277463905,116.4169775222768,XBP1;SELENOS;SYVN1;HYOU1;HERPUD1
GO_Biological_Process_2021,protein targeting to ER (GO:0045047),6/103,8.655366226258674e-05,0.001640756380282,0,0,9.122788121249425,85.34136535221448,SRP19;SEC61A1;SPCS2;EDEM1;ZFAND2A;SRP54
GO_Biological_Process_2021,positive regulation of protein exit from endoplasmic reticulum (GO:0070863),3/13,9.120169026860544e-05,0.0016568307065463,0,0,43.46715328467153,404.3504605380954,SAR1B;EDEM1;EDEM2
GO_Biological_Process_2021,UDP-N-acetylglucosamine metabolic process (GO:0006047),3/13,9.120169026860544e-05,0.0016568307065463,0,0,43.46715328467153,404.3504605380954,GFPT1;PGM3;UAP1
GO_Biological_Process_2021,cellular response to peptide hormone stimulus (GO:0071375),6/106,0.00010151013955546606,0.001806466156987,0,0,8.84776119402985,81.3582774175983,XBP1;SELENOS;EPRS1;MARS1;TRIB3;PCK2
GO_Biological_Process_2021,translation (GO:0006412),8/214,0.0001344258953045629,0.0023443876141115,0,0,5.782288908502501,51.54619987478182,GARS1;AARS1;EPRS1;MARS1;IARS1;YARS1;CARS1;TARS1
GO_Biological_Process_2021,serine family amino acid metabolic process (GO:0009069),3/16,0.00017584828486529795,0.003006660870638,0,0,33.43121841661988,289.042601976465,SHMT2;CTH;PSPH
GO_Biological_Process_2021,organelle organization (GO:0006996),11/420,0.0001844314153401949,0.0030927729649355,0,0,4.055287049146149,34.86830250936778,SEC61A1;GOLGA5;HAX1;MSTO1;SAR1B;GORASP2;GOLGB1;GOLPH3L;ARL1;LYSMD3;TMED5
Reactome_2022,Synthesis Of GDP-mannose R-HSA-446205,2/5,0.0004798305111429592,0.0040868322845624,0,0,95.92753623188406,733.0856776070341,GMPPB;GMPPA
MSigDB_Hallmark_2020,Apoptosis,6/161,0.0009575610336557395,0.0045142163015199,0,0,5.692344727973038,39.56817752556754,ISG20;DNAJC3;DDIT3;CTH;PMAIP1;ATF3
GO_Biological_Process_2021,cellular response to insulin stimulus (GO:0032869),6/129,0.0002968468516274145,0.0048240584124296,0,0,7.184929013469239,58.358107276802606,XBP1;SELENOS;EPRS1;MARS1;TRIB3;PCK2
GO_Biological_Process_2021,establishment of protein localization to extracellular region (GO:0035592),4/46,0.00029873756223761365,0.0048240584124296,0,0,13.878151260504202,112.63431355685532,SEL1L;PREB;TVP23B;PDIA4
Reactome_2022,Hh Mutants Are Degraded By ERAD R-HSA-5362768,4/55,0.0005947043285025368,0.0048963989713375,0,0,11.423875432525952,84.85022020273753,ERLEC1;SEL1L;SYVN1;DERL2
Reactome_2022,Response Of EIF2AK4 (GCN2) To Amino Acid Deficiency R-HSA-9633012,5/98,0.0006305308232341957,0.0050239068818982,0,0,7.872162485065711,58.00956006821428,DDIT3;ASNS;TRIB3;EIF2S2;ATF3
GO_Biological_Process_2021,"retrograde vesicle-mediated transport, Golgi to endoplasmic reticulum (GO:0006890)",5/85,0.000327462712092965,0.0051917724535466,0,0,9.157407407407408,73.48028579217065,COPA;SCFD1;COPB1;GOLPH3L;COPE
Reactome_2022,Hh Mutants Abrogate Ligand Secretion R-HSA-5387390,4/58,0.0007279192381356964,0.0053352966250101,0,0,10.787581699346406,77.94373468582336,ERLEC1;SEL1L;SYVN1;DERL2
Reactome_2022,Late SARS-CoV-2 Infection Events R-HSA-9772573,4/58,0.0007279192381356964,0.0053352966250101,0,0,10.787581699346406,77.94373468582336,RPN2;RPN1;EDEM2;DDOST
Reactome_2022,Cellular Response To Starvation R-HSA-9711097,6/153,0.0007344133006086891,0.0053352966250101,0,0,6.004568991775815,43.33160349647879,DDIT3;SESN2;ASNS;TRIB3;EIF2S2;ATF3
GO_Biological_Process_2021,response to glucose (GO:0009749),4/49,0.000381630288541488,0.0058382738878627,0,0,12.950980392156865,101.93792104899434,ERN1;XBP1;SELENOS;PCK2
GO_Biological_Process_2021,response to unfolded protein (GO:0006986),4/49,0.000381630288541488,0.0058382738878627,0,0,12.950980392156865,101.93792104899434,ERN1;ERP44;DDIT3;HERPUD1
GO_Biological_Process_2021,amino acid transport (GO:0006865),4/50,0.00041257834886764656,0.0062029020726308,0,0,12.668797953964194,98.72901212716263,SLC1A4;SLC3A2;SLC7A11;SLC7A1
GO_Biological_Process_2021,protein deglycosylation involved in glycoprotein catabolic process (GO:0035977),2/5,0.0004798305111429592,0.0067485839631719,0,0,95.92753623188406,733.0856776070341,EDEM1;EDEM2
GO_Biological_Process_2021,ubiquitin-dependent glycoprotein ERAD pathway (GO:0097466),2/5,0.0004798305111429592,0.0067485839631719,0,0,95.92753623188406,733.0856776070341,EDEM1;EDEM2
GO_Biological_Process_2021,"SRP-dependent cotranslational protein targeting to membrane, translocation (GO:0006616)",2/5,0.0004798305111429592,0.0067485839631719,0,0,95.92753623188406,733.0856776070341,SEC61A1;SRP54
GO_Biological_Process_2021,mannose trimming involved in glycoprotein ERAD pathway (GO:1904382),2/5,0.0004798305111429592,0.0067485839631719,0,0,95.92753623188406,733.0856776070341,EDEM1;EDEM2
Reactome_2022,Hedgehog Ligand Biogenesis R-HSA-5358346,4/64,0.0010553900369557,0.007241148309113,0,0,9.705882352941176,66.52261204245988,ERLEC1;SEL1L;SYVN1;DERL2
Reactome_2022,Membrane Trafficking R-HSA-199991,12/599,0.0010459383363886,0.007241148309113,0,0,3.0780983816013627,21.12449936560633,COPA;SCFD1;SAR1B;COPB1;GOLGB1;USO1;PREB;ACBD3;SEC24D;RAB5A;COPE;BET1
GO_Biological_Process_2021,positive regulation of transcription from RNA polymerase II promoter in response to stress (GO:0036003),3/24,0.0006100390385547019,0.0083117819003078,0,0,20.687174139728885,153.1262065691772,DDIT3;SESN2;ATF3
GO_Biological_Process_2021,amino acid import across plasma membrane (GO:0089718),3/24,0.0006100390385547019,0.0083117819003078,0,0,20.687174139728885,153.1262065691772,SLC1A4;SLC3A2;SLC7A1
GO_Biological_Process_2021,cellular response to hexose stimulus (GO:0071331),3/25,0.0006896878825976745,0.009252428209618,0,0,19.745852687458527,143.7354208701637,ERN1;XBP1;PCK2
GO_Biological_Process_2021,positive regulation of extrinsic apoptotic signaling pathway via death domain receptors (GO:1902043),2/6,0.0007164419611361558,0.009324438658369,0,0,71.94202898550725,520.9475783617216,PMAIP1;ATF3
GO_Biological_Process_2021,positive regulation of endoplasmic reticulum stress-induced intrinsic apoptotic signaling pathway (GO:1902237),2/6,0.0007164419611361558,0.009324438658369,0,0,71.94202898550725,520.9475783617216,DDIT3;PMAIP1
Reactome_2022,Cargo Concentration In ER R-HSA-5694530,3/32,0.0014350571521973,0.0095799761241279,0,0,14.97432670526051,98.03018752556244,SAR1B;PREB;SEC24D
GO_Biological_Process_2021,intrinsic apoptotic signaling pathway (GO:0097193),5/102,0.0007562886540311475,0.0096982897987523,0,0,7.546009927453227,54.233833150260914,ERN1;DDIT3;PMAIP1;TRIB3;CHAC1
GO_Biological_Process_2021,cellular response to starvation (GO:0009267),6/158,0.0008685015861616773,0.0108190483304711,0,0,5.805577376276513,40.92201212822409,XBP1;SESN2;MARS1;PMAIP1;ASNS;CPEB4
GO_Biological_Process_2021,L-alpha-amino acid transmembrane transport (GO:1902475),3/27,0.000868176373465179,0.0108190483304711,0,0,18.098540145985403,127.57870292382276,SLC1A4;SLC3A2;SLC7A1
Reactome_2022,ATF6 (ATF6-alpha) Activates Chaperone Genes R-HSA-381183,2/9,0.0016959116389499,0.0110234256531747,0,0,41.10351966873706,262.2213358820684,DDIT3;HSP90B1
GO_Biological_Process_2021,L-amino acid transport (GO:0015807),3/28,0.0009673991104246826,0.0117162781151433,0,0,17.373722627737227,120.5892612602144,SLC1A4;SLC3A2;SLC7A1
GO_Biological_Process_2021,cellular response to acid chemical (GO:0071229),3/28,0.0009673991104246826,0.0117162781151433,0,0,17.373722627737227,120.5892612602144,XBP1;SESN2;CPEB4
MSigDB_Hallmark_2020,Hypoxia,6/200,0.0028735528683859,0.0118534055820921,0,0,4.539006000923219,26.56319852294298,ISG20;DDIT3;STC2;DDIT4;GLRX;ATF3
GO_Biological_Process_2021,protein secretion (GO:0009306),4/64,0.0010553900369557,0.0126068508524029,0,0,9.705882352941176,66.52261204245988,SEL1L;PREB;TVP23B;PDIA4
GO_Biological_Process_2021,ER overload response (GO:0006983),2/8,0.0013251167655955,0.0154066909279907,0,0,47.95652173913044,317.77212749518304,SELENOS;DDIT3
GO_Biological_Process_2021,short-chain fatty acid catabolic process (GO:0019626),2/8,0.0013251167655955,0.0154066909279907,0,0,47.95652173913044,317.77212749518304,MCEE;PCK2
GO_Biological_Process_2021,cellular response to glucose stimulus (GO:0071333),3/32,0.0014350571521973,0.0162515563209877,0,0,14.97432670526051,98.03018752556244,ERN1;XBP1;PCK2
GO_Biological_Process_2021,response to amino acid (GO:0043200),3/32,0.0014350571521973,0.0162515563209877,0,0,14.97432670526051,98.03018752556244,XBP1;SESN2;CPEB4
Reactome_2022,ATF6 (ATF6-alpha) Activates Chaperones R-HSA-381033,2/11,0.0025672941356666,0.0162595295258888,0,0,31.966183574879228,190.67517791835436,DDIT3;HSP90B1
GO_Biological_Process_2021,tetrahydrofolate interconversion (GO:0035999),2/9,0.0016959116389499,0.0189162722958582,0,0,41.10351966873706,262.2213358820684,MTHFD2;SHMT2
GO_Biological_Process_2021,cellular response to amino acid stimulus (GO:0071230),3/34,0.0017137448524917,0.0189162722958582,0,0,14.006828349423122,89.21053089544887,XBP1;SESN2;CPEB4
GO_Biological_Process_2021,regulation of autophagosome assembly (GO:2000785),3/35,0.001864871074714,0.0201725172730685,0,0,13.568430656934307,85.27166212013188,SCFD1;TMEM39A;RAB5A
GO_Biological_Process_2021,protein targeting (GO:0006605),5/125,0.0018738232788056,0.0201725172730685,0,0,6.092592592592593,38.26010699996711,SEC61A1;SPCS2;EDEM1;ZFAND2A;SRP54
Reactome_2022,"Synthesis, Secretion, And Inactivation Of Glucose-dependent Insulinotropic Polypeptide (GIP) R-HSA-400511",2/13,0.0036076458861899,0.0222772133472228,0,0,26.151515151515152,147.09442278621572,SPCS2;SEC11C
GO_Biological_Process_2021,cellular protein localization (GO:0034613),8/329,0.0022501915001144,0.0236405661216841,0,0,3.689039932030586,22.491117150033563,ARMCX3;COPA;SCFD1;SAR1B;USO1;ARL1;RAB5A;TMED5
GO_Biological_Process_2021,protein glycosylation (GO:0006486),5/130,0.0022243896026001,0.0236405661216841,0,0,5.847407407407408,35.71755924827775,RPN2;RPN1;GFPT1;PGM3;DDOST
Reactome_2022,Metabolism Of Amino Acids And Derivatives R-HSA-71291,8/364,0.0041587733453505,0.0246392859083452,0,0,3.320394960844399,18.20418197546286,EPRS1;PSAT1;MARS1;ASNS;PHGDH;SLC3A2;IARS1;PSPH
Reactome_2022,Golgi Cisternae Pericentriolar Stack Reorganization R-HSA-162658,2/14,0.0041896761463583,0.0246392859083452,0,0,23.971014492753625,131.24446468814745,GORASP2;USO1
GO_Biological_Process_2021,PERK-mediated unfolded protein response (GO:0036499),2/11,0.0025672941356666,0.025731959612659,0,0,31.966183574879228,190.67517791835436,DDIT3;HERPUD1
GO_Biological_Process_2021,intracellular protein transport (GO:0006886),8/336,0.0025616014289763,0.025731959612659,0,0,3.6090169992609016,21.53544710895206,COPA;SCFD1;SAR1B;USO1;ARL1;PREB;RAB5A;TMED5
GO_Biological_Process_2021,positive regulation of transcription from RNA polymerase II promoter in response to endoplasmic reticulum stress (GO:1990440),2/11,0.0025672941356666,0.025731959612659,0,0,31.966183574879228,190.67517791835436,DDIT3;ATF3
GO_Biological_Process_2021,tetrahydrofolate metabolic process (GO:0046653),2/11,0.0025672941356666,0.025731959612659,0,0,31.966183574879228,190.67517791835436,MTHFD2;SHMT2
GO_Biological_Process_2021,cellular protein metabolic process (GO:0044267),9/417,0.0027129718698353,0.0268830848920052,0,0,3.275482712168837,19.3571549501282,DNAJC3;SPCS2;RPN2;STC2;HM13;RPN1;PDIA6;HSP90B1;SEC11C
GO_Biological_Process_2021,response to organonitrogen compound (GO:0010243),3/40,0.0027442876968701,0.0268878524906832,0,0,11.731899782994674,69.19748700315135,ERLEC1;SEL1L;SYVN1
GO_Biological_Process_2021,protein-containing complex assembly (GO:0065003),7/267,0.002783102345579,0.0269651693927215,0,0,3.967611336032389,23.346175066424102,SCFD1;EPRS1;SAR1B;USO1;PREB;SEC24D;BET1
GO_Biological_Process_2021,positive regulation of endoplasmic reticulum unfolded protein response (GO:1900103),2/12,0.0030666522479577,0.0293859424199905,0,0,28.768115942028984,166.48594259330514,ERN1;XBP1
GO_Biological_Process_2021,proteasomal protein catabolic process (GO:0010498),6/205,0.0032455616596483,0.0307622800784063,0,0,4.423835595889897,25.35064327264636,ERLEC1;DDIT3;ZFAND2A;SEL1L;SYVN1;PMAIP1
GO_Biological_Process_2021,nitrogen compound transport (GO:0071705),5/143,0.0033572554271608,0.0313170138428541,0,0,5.293075684380033,30.15270154825018,SLC1A4;SLC3A2;SLC7A11;SLC7A1;HSP90B1
GO_Biological_Process_2021,cellular glucose homeostasis (GO:0001678),3/43,0.0033759166298489,0.0313170138428541,0,0,10.85036496350365,61.75038615247198,ERN1;XBP1;PCK2
Reactome_2022,ABC-family Proteins Mediated Transport R-HSA-382556,4/102,0.0057557432848449,0.0330620602641093,0,0,5.930972388955582,30.58932869837678,ERLEC1;SEL1L;DERL2;EIF2S2
GO_Biological_Process_2021,negative regulation of autophagosome assembly (GO:1902902),2/13,0.0036076458861899,0.0331143917132381,0,0,26.151515151515152,147.09442278621572,SCFD1;TMEM39A
Reactome_2022,Transport Of Inorganic Cations/Anions And Amino Acids/Oligopeptides R-HSA-425393,4/104,0.0061615857299632,0.0338998763926544,0,0,5.811764705882353,29.578517985522016,SLC1A4;SLC3A2;SLC7A11;SLC7A1
Reactome_2022,Metabolism Of Folate And Pterines R-HSA-196757,2/17,0.0061760908407669,0.0338998763926544,0,0,19.17391304347826,97.53903318014083,SHMT2;MTHFD2
GO_Biological_Process_2021,amino acid transmembrane transport (GO:0003333),3/45,0.0038424343183172,0.0349021117247149,0,0,10.332638164754954,57.466508536712766,SLC3A2;SLC7A11;SLC7A1
Reactome_2022,Post-translational Protein Phosphorylation R-HSA-8957275,4/106,0.0065860329199606,0.035364133287615,0,0,5.697231833910035,28.616079394442696,DNAJC3;STC2;PDIA6;HSP90B1
GO_Biological_Process_2021,regulation of IRE1-mediated unfolded protein response (GO:1903894),2/14,0.0041896761463583,0.0372795673431065,0,0,23.971014492753625,131.24446468814745,FICD;DNAJB9
GO_Biological_Process_2021,COPII-coated vesicle cargo loading (GO:0090110),2/14,0.0041896761463583,0.0372795673431065,0,0,23.971014492753625,131.24446468814745,SEC24D;SEC23B
GO_Biological_Process_2021,cotranslational protein targeting to membrane (GO:0006613),4/94,0.0043110438998048,0.0379720230366653,0,0,6.46078431372549,35.189147616087496,SRP19;SEC61A1;TRAM1;SRP54
KEGG_2021_Human,Various types of N-glycan biosynthesis,3/39,0.0025514275717719,0.0382714135765797,0,0,12.058394160583942,72.00190443602459,RPN2;RPN1;DDOST
Reactome_2022,"Synthesis, Secretion, And Deacylation Of Ghrelin R-HSA-422085",2/19,0.0076948486099146,0.040438885247849,0,0,16.916453537936913,82.33583346721679,SPCS2;SEC11C
Reactome_2022,Disorders Of Transmembrane Transporters R-HSA-5619115,5/176,0.0080078087425119,0.0412068491541759,0,0,4.264457439896036,20.585977963103623,ERLEC1;SEL1L;SLC33A1;DERL2;SLC3A2
GO_Biological_Process_2021,integrated stress response signaling (GO:0140467),2/15,0.004812150361469,0.0419619511520105,0,0,22.12597547380156,118.0777292804548,DDIT3;HERPUD1
Reactome_2022,Defective CFTR Causes Cystic Fibrosis R-HSA-5678895,3/60,0.008587501166456,0.0432880160839725,0,0,7.607760276603918,36.1935199989907,ERLEC1;SEL1L;DERL2
Reactome_2022,"Synthesis, Secretion, And Inactivation Of Glucagon-like Peptide-1 (GLP-1) R-HSA-381771",2/21,0.0093639011818873,0.0462576718385233,0,0,15.134248665141111,70.69046042402755,SPCS2;SEC11C
GO_Biological_Process_2021,organic acid transport (GO:0015849),4/100,0.0053681424911885,0.04634673517145,0,0,6.055147058823529,31.651908760738745,SLC1A4;SLC3A2;SLC7A11;SLC7A1
GO_Biological_Process_2021,regulation of intrinsic apoptotic signaling pathway (GO:2001242),3/52,0.0057753528461118,0.0489784192136669,0,0,8.853418739758677,45.631900658875296,DDIT3;PMAIP1;HERPUD1
GO_Biological_Process_2021,regulation of autophagy (GO:0010506),6/231,0.0057852949300546,0.0489784192136669,0,0,3.907462686567164,20.132951171791177,ERN1;HAX1;DDIT3;CISD2;TRIB3;MTDH
GO_Biological_Process_2021,cellular response to organonitrogen compound (GO:0071417),4/103,0.0059563614241251,0.0499417996330494,0,0,5.870766488413548,30.077671435613684,XBP1;SESN2;HSP90B1;CPEB4
