0_names,0_logfoldchanges,0_pvals_adj,1_names,1_logfoldchanges,1_pvals_adj,2_names,2_logfoldchanges,2_pvals_adj,3_names,3_logfoldchanges,3_pvals_adj,4_names,4_logfoldchanges,4_pvals_adj,5_names,5_logfoldchanges,5_pvals_adj,6_names,6_logfoldchanges,6_pvals_adj,7_names,7_logfoldchanges,7_pvals_adj,8_names,8_logfoldchanges,8_pvals_adj,9_names,9_logfoldchanges,9_pvals_adj,10_names,10_logfoldchanges,10_pvals_adj,11_names,11_logfoldchanges,11_pvals_adj,12_names,12_logfoldchanges,12_pvals_adj
H4C3,2.669797,8.642657108062726e-88,COL2A1,4.6671395,5.505323865589754e-127,MT2A,2.1578035,1.9193326562914817e-44,PCNA,2.2228892,3.857839368887017e-101,VIM,2.5153246,4.3051976829863616e-16,SRP9,1.3409721,5.987397972489458e-65,CCNB1,2.2762957,4.380041739468942e-19,CCNB1,3.1663313,8.838409251056603e-93,TXN,0.78920454,3.0113573900335395e-31,SDF2L1,2.4832044,1.9853729069371957e-22,RPS15,1.8158532,3.993594398222138e-12,SELENOS,1.9274337,2.375513757321838e-89,SCFD1,1.5450221,1.894471991040557e-59
UBE2C,2.7113168,1.2150626105697137e-72,S100A10,2.1447585,3.222182570214813e-115,APOA2,1.5364349,8.252237848747341e-41,MCM6,2.219619,7.135120477190614e-89,TUBA1A,4.7549434,6.602335695072409e-16,CD164,1.2721019,1.4833824601782647e-60,PTTG1,1.8239678,4.5637265360435825e-18,ARL6IP1,2.4775324,1.7978800924932103e-92,NPM1,0.6706739,3.0113573900335395e-31,CDK2AP2,1.8826275,5.501365436744932e-22,RPS27,2.3312562,3.993594398222138e-12,HERPUD1,2.5161893,3.9629577070987496e-87,SLC43A1,2.2270365,1.5926660341966604e-53
H1-1,3.0344968,7.475195795751651e-63,LGALS3,3.0788662,3.546081932781739e-114,FTL,0.5850072,8.252237848747341e-41,MCM4,2.0750606,2.9730230067593596e-82,PRSS23,2.5968413,1.7583916942796042e-15,MT-ND2,1.0237181,4.980381794215905e-59,CDC20,2.0811498,9.796828200017637e-18,CDC20,2.6801257,4.487216715924837e-84,PRDX1,0.5575555,3.0113573900335395e-31,H4C3,2.8677452,2.2230237244743953e-21,RPL31,1.8178074,3.993594398222138e-12,SELENOK,2.0738235,3.574810254664744e-85,PLIN2,1.5013219,4.873946792429718e-53
CDK1,2.1648366,2.0098473302623876e-60,LGALS2,3.9117293,8.423185924114036e-100,MT1E,1.937488,1.9011951617672403e-39,CDK1,2.5593636,3.8016511451084852e-81,UBD,3.07572,2.3703129600368654e-15,LDHA,0.9396564,1.3863872983292012e-48,CCNB2,2.088409,4.720249447104748e-17,TUBB4B,1.7638392,1.5011401778843483e-82,HNRNPA1,0.7121025,7.524714074970814e-30,UBE2C,3.1634562,6.530975635596268e-20,NDUFS5,1.7390038,3.993594398222138e-12,CDK2AP2,1.6012378,3.6065237338115816e-85,PSAT1,1.7331817,1.4739254390873496e-52
MKI67,2.186275,8.851329282197895e-60,PPP1R14A,3.1984532,2.2311683050115265e-99,MT1X,1.9921143,1.5599057678976017e-38,UNG,1.8931202,1.0952534174131474e-78,CSRP1,2.2107346,2.3703129600368654e-15,EIF4G2,1.0338817,5.463535595808445e-48,H3-3B,0.6043945,2.830119657441112e-16,PLK1,3.1947768,1.0669159089502314e-80,RPL14,0.6970805,2.0867229086784057e-29,SELENOK,1.6987467,5.790327191834213e-18,RPL37A,1.6203845,3.993594398222138e-12,DDIT3,2.8033926,5.797818724031787e-84,DDIT3,2.5147843,1.0075950371677327e-50
TOP2A,2.2598083,1.1446676456435873e-56,C19orf33,3.3887136,4.1470635683889207e-94,FTH1,0.4277222,3.876664252128992e-30,FBXO5,2.259428,3.831591180222502e-76,ANXA3,2.8096356,7.905999253924197e-15,ATP5F1B,0.5563406,3.1832028176037505e-46,MT1X,2.0996518,1.2544043638801418e-15,KIF20A,3.275718,1.1524497322037012e-80,RPS7,0.7755144,4.187643229166868e-27,HERPUD1,2.3175657,6.0402996684194186e-18,RPS19,1.8538367,4.267416951678338e-12,EIF4EBP1,1.6351818,1.2866411106770923e-83,HBP1,2.4917383,1.3970840611378273e-50
ZWINT,1.4804925,8.721774532954499e-54,CST3,1.3666643,1.588157432281891e-86,RRBP1,0.92993236,1.2100192759910195e-28,FEN1,1.5941722,5.557227684993527e-75,MYL12A,1.1623961,1.1040842815898336e-14,PTGES3,0.7869498,2.328926912582966e-44,POLR2L,1.0215491,3.2436432165683866e-15,CCNB2,2.7748716,6.4693523901326516e-80,HMGB1P6,1.1969343,5.680713945194332e-27,EIF4EBP1,1.56532,2.3020083170208284e-17,RPL35A,1.4284965,4.277936463736475e-12,HSPA5,1.6611509,6.405962387181949e-81,NFKBIE,3.2605872,2.43642971884692e-50
RRM2,1.9241467,2.787769204029591e-52,ANXA4,1.913478,1.31514454432964e-85,MT-ND4L,0.73562735,1.4672853066587712e-27,MCM2,1.7956334,6.927742041523226e-73,EMP3,2.8018026,4.902331260827436e-14,CAPZA2,0.8706795,7.919478155834125e-42,CENPF,1.7384044,3.2436432165683866e-15,TPX2,2.4835987,4.18787325021392e-77,NACA,0.49639362,5.680713945194332e-27,HSPA5,1.5567454,8.592972190745943e-17,RPS21,1.9384551,4.277936463736475e-12,SEC61G,1.3067619,2.1815159001290324e-80,SEC23B,1.7963437,3.289392779548774e-50
NUSAP1,1.7541451,6.4475047418545396e-52,GSTP1,1.0286188,5.217242375383374e-85,RPL18A,0.6185648,1.9523135075275124e-26,TK1,1.8517491,8.750725273035661e-71,TUBB6,1.6664927,1.575459502278829e-13,EEF1A1P5,0.809538,1.4436849135463333e-41,HMGN2,0.9643238,1.8529961866965962e-14,PIMREG,3.026294,8.393572984072334e-73,GNG5,0.5934132,1.8690537453179944e-26,DDIT4,2.3818812,1.6506287011162558e-16,RPL35,1.8842554,4.384681494536998e-12,SDF2L1,2.1559217,2.328656097270271e-77,CTH,2.910407,3.393374350209537e-50
HJURP,2.2150998,1.5151225099182643e-50,EPCAM,2.3158145,6.337451131692053e-83,RPS3,0.40613037,5.797006351821987e-25,EXO1,2.7121758,7.986848561763072e-70,MLLT11,2.6068292,4.679416420743914e-13,ABCD3,1.3825991,1.4436849135463333e-41,HMGB1,0.746649,9.978003670482865e-14,BUB1,2.799366,3.5508167870652915e-72,RPL41,0.61289907,7.913849272508048e-26,CRELD2,1.7149389,1.1041144677589285e-15,RPS18,1.6872072,4.384681494536998e-12,NUCB2,2.0824707,1.0384495352812504e-75,CHIC2,2.0641582,4.863568901521389e-50
NCAPG,2.0489066,4.16270791645443e-50,MGLL,1.731414,2.5196542331284026e-79,MDK,0.6767988,6.671808701793225e-23,SLBP,1.3606957,1.4762076919998297e-69,MYL6,1.0200751,1.053958588658072e-12,HIGD1A,0.7987387,1.6927348877735825e-41,DYNLL1,0.8607681,1.241082563279103e-13,SPAG5,2.410604,6.328616393770562e-71,RPL26,0.6501251,9.883167801248242e-26,DDIT3,2.2359724,1.6780958796325399e-15,RPS8,1.5772196,4.384681494536998e-12,SERP1,1.3106142,4.891257117765888e-75,TSC22D3,3.0382135,5.072448966190833e-50
SPC25,1.9009576,2.1190210261460675e-49,APOA1,1.5372646,8.012999207076634e-79,RPS15,0.4887299,6.671808701793225e-23,PCLAF,1.7813853,6.412101693048967e-69,IL32,2.0814764,1.053958588658072e-12,MAL2,1.4589014,1.324805380168558e-40,MT2A,2.0903258,2.12545139460319e-12,TUBA1C,1.457827,1.6161849466511996e-69,EEF1A1,0.5266207,3.3985228059220055e-25,AURKB,2.0693507,7.96737074588277e-14,COX6B1,1.820047,4.384681494536998e-12,SSR4,1.3741055,7.260418144602508e-75,TRIB3,2.3827617,6.504091826538556e-50
FBXO5,1.7750902,2.333087579153409e-47,SLC7A7,3.2952843,1.825909015416281e-75,NDUFA3,0.7263614,6.728871723651637e-23,CDCA7,1.807543,1.0337991394922253e-68,TPM4,1.6565659,2.145554358021968e-12,CMPK1,0.9560622,2.0838464139662698e-39,RRBP1,1.1379725,3.282580064124249e-12,NEK2,3.0276992,1.4088149042519154e-67,POMP,0.62643105,9.559246193434679e-25,TRIB3,2.0263786,9.305140555343447e-14,PFDN5,1.5918782,4.384681494536998e-12,SLC35B1,1.4493556,2.0522821447384696e-74,MARS1,1.4320524,9.464106495716594e-50
NDC80,2.139683,1.1930046842595481e-46,FABP1,1.6595281,1.9130475051872295e-67,PFDN5,0.44171396,1.7091986456865452e-22,RRM2,2.2151213,1.642497822021142e-68,GLIPR1,4.4654655,5.7474340100205e-12,AGT,1.1788336,2.1937510301408586e-39,BIRC5,1.3017247,5.815995326826737e-12,MAD2L1,1.7664986,1.1932939548869438e-66,RPS28P7,0.84601486,1.0067546063296985e-24,UBE2T,1.4096724,1.3983009051144424e-13,ROMO1,2.1308231,4.384681494536998e-12,SLC3A2,1.8382057,9.166246616527537e-74,KLF10,3.0306616,3.7084985184050795e-49
HMGB2,1.5977226,9.771989579601334e-45,S100A11,1.3329357,8.493240339228263e-67,RPS11,0.5585018,4.53661359399425e-22,MCM5,1.9273964,7.855766978858743e-66,PDLIM7,1.795831,8.783992958442839e-12,PROS1,1.1740581,2.7102601540358848e-39,SOX4,1.0048424,5.815995326826737e-12,PBK,2.3390772,2.2209070848686698e-66,RPL6,0.5863442,1.7250340357159616e-24,CHAC1,2.7400308,1.6591301154023494e-13,RPL32,1.524233,4.384681494536998e-12,TRIB3,2.2438798,4.442103530859305e-71,IFRD1,1.9161047,7.504695259469532e-49
KIF23,2.279895,1.2801616251720646e-44,CDH17,2.428808,8.639444916519747e-67,POLR2L,0.64175254,1.2751651512483734e-21,ASF1B,1.917768,9.565952577853814e-66,ANXA2,0.83821887,9.215778912162947e-12,SELENOP,0.8948874,3.0349372360992425e-38,MT1E,1.9276836,9.712044932438483e-12,BIRC5,1.7335323,4.3866007515596185e-66,RPL24,0.69779706,3.626718389821422e-24,DNAJC3,1.535967,1.8119248653741252e-13,ATP5MG,1.5643439,4.384681494536998e-12,SEC11C,1.7760774,7.523583937646135e-70,PCK2,2.4364479,2.821398058284106e-48
CENPX,1.0888854,3.4465367729404222e-43,COX5A,0.6676617,2.7497951957622145e-65,RPL27P4,0.7883652,2.0926248643659743e-21,MELK,1.9462597,4.861603739827287e-65,ACTB,1.0489912,1.048141117169427e-11,PSMA2,0.7134802,1.303200459795854e-37,TPX2,1.5487037,1.0639917356120947e-11,UBE2S,1.6990072,2.4207987598749323e-64,HSPE1,0.7562829,3.2079768781829897e-23,H1-1,2.4594972,1.8119248653741252e-13,RPL21,1.5799938,4.419670607137831e-12,EIF1,1.1087381,1.1567302616199632e-69,TMED2,1.1855704,1.0634372637643706e-47
ESCO2,1.9045779,2.165990066849371e-42,CKB,1.2956647,3.5318402278530887e-65,NQO1,0.6504278,3.552069381236328e-21,MMS22L,1.5975337,6.850815955771463e-64,CXCL8,4.0341573,1.9119681936300564e-11,SRSF1,1.0216345,2.6190994472536986e-37,PLK1,1.7823982,1.884360514806714e-11,DLGAP5,2.7929132,8.709988576449561e-63,NDUFC2,0.65073013,8.902059092958015e-23,MANF,1.6083394,3.5762315611628007e-13,RPL27,1.4981668,4.8331444041817125e-12,GAS5,1.5720221,6.406092045949113e-69,RAB5A,2.1350927,1.6274761172318655e-47
PCLAF,1.3855963,5.0273556806303166e-42,CA4,4.987517,1.1342393781211328e-63,COX6B1,0.46117768,6.015763345655823e-21,UHRF1,2.2132287,1.2426600249833564e-63,S100A6,2.113746,2.178729798507164e-11,YWHAQ,0.75250983,5.348419219482725e-37,CDKN3,1.3589025,6.54089385013673e-11,CDKN3,1.8313338,2.0240096328517174e-62,SUB1,0.59947747,1.6824379098823437e-22,MALAT1,1.219546,3.914102361836095e-13,SNRPD2,1.948422,4.929957835632689e-12,PLPP5,1.4363204,1.224371469265003e-68,IRF1,2.947864,3.343319908719919e-45
TK1,1.5125105,1.097553058416416e-41,AGR2,2.4919567,1.221739702859697e-62,ELOB,0.5527982,6.927741875736579e-21,MCM7,1.2848246,1.4237299223147073e-63,RHOC,1.1769785,1.0423440844319719e-10,XRCC6,0.5897767,1.2099588105527605e-36,SNRPD1,0.624332,7.385310324853806e-11,PRC1,2.1216006,2.832580941817929e-62,RPLP0,0.47870904,2.523332006838321e-22,MYDGF,0.91461635,5.137213706177742e-13,NOP10,1.7815845,5.5221308300247204e-12,SPCS2,1.2572305,3.414412128766498e-66,PPP1R15A,2.2741928,3.3540620108550193e-45
UBE2T,1.1855619,1.1579909455257182e-41,TFF1,2.7034137,1.2041784113493412e-61,RPL31,0.48518404,9.979468167365365e-21,SRSF2,1.0964866,1.7670800010811292e-63,KRT8,1.0960721,1.1238203161038997e-10,IDH1,0.8310397,1.2099588105527605e-36,KNSTRN,1.5051708,2.392950499617168e-10,TACC3,2.3563545,1.2054976625071396e-59,RPS15A,0.61456776,6.443988125558531e-22,SPC25,1.9719706,7.864221977948305e-13,SLIRP,2.0095797,5.798737899667167e-12,HSP90B1,1.0159258,3.1614969927672875e-65,TMEM39A,1.8598154,6.705793175283784e-45
SGO1,1.3576714,1.7240535819136742e-41,GSTA2,3.4946632,7.392238527840839e-61,NICOL1,0.71020573,1.442524413896643e-20,MCM3,1.5220118,4.2881324880641314e-63,CAV1,2.7735994,1.1238203161038997e-10,SDHD,0.872301,1.7333870464650716e-35,AURKB,1.5375086,2.392950499617168e-10,CCNA2,2.4244676,1.947217185408121e-59,BCCIP,0.81501764,9.078829355906674e-22,DNAJB11,1.0429368,7.864221977948305e-13,UQCRQ,1.9579945,6.246390760286568e-12,SEC61B,0.9555219,5.871649838149697e-65,RBM14-RBM4,2.2659113,1.9186476434350847e-44
BUB3,0.99448144,2.4347477369899883e-41,RBP2,3.3720536,8.708320707993884e-59,RPS27,0.5161872,2.7095322308301016e-19,RFC3,1.6335187,4.570033703752897e-63,TAGLN2,1.7400835,1.7399155266213955e-10,TXNDC5,1.2563231,8.534581022679257e-35,KIF4A,1.6016518,2.8475033570967787e-10,NCAPD2,1.8572274,8.993515898116297e-57,PTTG1,1.5122399,1.5232066006745603e-21,HMGB2,1.7327167,1.5883661495230102e-12,ATP5ME,2.313239,6.354731650848729e-12,MYDGF,0.977079,7.965667800997343e-65,GADD45A,2.108965,5.609668391804067e-44
AURKB,1.7105297,4.410746669802161e-41,CALML4,2.9489858,3.635638232411496e-57,UBE2I,0.6385198,5.137800028664129e-19,CDC45,1.9249748,2.7273553087025316e-61,KRT18,0.9563427,2.0350806602405044e-10,ATP1B3,0.79527014,1.762718100681926e-34,UBE2I,0.8802273,2.977847788873053e-10,AURKB,2.0837119,1.755486164129994e-56,RPL41P1,0.95602125,1.5232066006745603e-21,SELENOS,1.1875641,1.6332728157992773e-12,RPLP1,1.3974735,6.602091784978461e-12,ZFAS1,1.7010646,2.484758198457321e-64,SLC3A2,1.5212145,6.623310023911857e-44
SUPT16H,0.9401873,3.612531093487902e-39,REEP6,1.7052183,1.09893624052101e-55,SNRPD2,0.43556988,1.1653136411247017e-18,CLSPN,1.6292702,3.2574326286398585e-60,S100A3,4.5453973,2.1296698062543305e-10,ITM2B,0.5993303,1.9191201845498513e-34,HMGN2P5,1.0176492,1.004133565344794e-09,CENPF,1.9993353,1.3342189031633592e-55,TMA7,0.59701157,3.500170730520226e-21,ATF4,1.1579581,2.489485953982127e-12,COX6A1,1.3957659,7.70529859827058e-12,SSR3,1.581992,3.005268774876357e-64,COQ10B,1.9809984,8.830117010466674e-44
CDC45,1.6705904,9.270144059774173e-39,ACY3,2.265644,1.2381781193635695e-53,UQCR10,0.4364809,3.018123451544403e-18,MCM10,1.9867536,5.228481136250167e-60,LSP1P4,1.4522785,3.472862191087289e-10,CTNNB1,0.8461034,6.206611166847303e-34,SEC62,0.7194457,1.49717349938996e-09,KPNA2,1.1427073,1.5850789221409728e-55,DBI,0.56339884,1.497879392041767e-20,SLC35B1,1.1336305,4.799287463219032e-12,UBA52,1.6497973,7.70529859827058e-12,NANS,1.4517244,4.2163984560035894e-64,NRBF2,1.680889,1.2281279317540498e-43
CDCA3,1.8119514,3.028799172913093e-36,USH1C,2.108655,1.8713117095358988e-52,TMEM258,0.56546456,7.015002121866452e-18,HELLS,1.465846,3.756445256722196e-59,MAP1B,2.9751709,3.494155398256773e-10,SCP2,0.74252796,7.071392912231873e-34,DKK1,1.7837307,3.352013851021979e-09,MZT1,1.6918517,2.240812420361811e-55,RPS20,0.6338419,3.1753701636652905e-20,CDK1,1.9580088,6.2726159330654335e-12,ATP5F1E,1.7460563,7.743433294822706e-12,SELENOM,1.5324597,2.5975758372117294e-62,GARS1,1.4582645,5.041393799266044e-43
KIF15,2.0676718,1.248934695419919e-35,SLC51B,1.7960056,7.296872257714994e-51,ATP5MF,0.4728619,1.0359072225111729e-17,GINS2,1.6879448,2.581730334399763e-58,KRT19,1.8958198,4.1262262536627023e-10,A2M,1.0470593,2.713295294474685e-33,NUCKS1,0.7941889,3.352013851021979e-09,HMMR,2.5067775,9.132685498329115e-55,RPS3A,0.5581713,3.496743356457631e-20,ASNS,1.7678255,8.970688361924383e-12,RPS14,1.3976454,9.592419701913689e-12,DNAJB11,1.1163756,2.8463472083090764e-60,ASNS,2.1212041,8.041736963866966e-43
CDCA8,1.7448305,1.3155246523270978e-35,SCGN,1.4720044,3.2961766561601772e-49,ATP5ME,0.5388558,1.1299697312235132e-17,CCNE1,2.2533824,4.903818983782987e-58,TMSB10,1.2054816,4.1262262536627023e-10,PGAM1,0.67680293,3.513334132941959e-33,SNRPG,0.51111025,3.690694747807993e-09,KNSTRN,1.9867322,3.3439539816221423e-53,MGST1,0.7156541,3.496743356457631e-20,MTHFD2,1.4820606,1.1662799043923044e-11,TMA7,1.4851826,9.98901670307669e-12,ASNS,1.9858199,6.921468181647563e-60,DNAJB9,1.9948127,8.332057163005942e-43
CLSPN,1.3998407,1.8943678474521694e-35,KRT19,1.5384691,3.981553409046661e-48,MT-RNR1,0.5830052,1.1670946810699004e-17,GINS1,1.8414901,1.1246697133848259e-56,SERPINE1,2.5222583,4.1262262536627023e-10,ABCA1,1.3200054,4.618913741080183e-33,NOP56,0.57519996,9.280730308476223e-09,PRR11,2.1571033,1.9173012439890343e-52,PSMA4,0.49544212,5.507076893385735e-20,TOP2A,2.0262716,1.5282939738190116e-11,RPL41,1.2948568,1.0788632495492045e-11,SARS1,1.4704261,1.052290742099215e-59,SHMT2,1.4521453,8.851886733314528e-43
FANCD2,1.3020834,4.464555827642677e-35,TMEM160,0.89084995,7.148288897629783e-48,RPS28,0.4955243,1.247111241643827e-17,NCAPG,2.0364585,2.8856224116749373e-55,MYH9,1.6154991,8.466001426716905e-10,ALB,0.99670833,6.329617923646241e-33,PTMA,0.7028089,1.981429438627989e-08,KIF2C,2.1963377,8.722512108354436e-52,ETFA,0.55716884,5.592837667265882e-20,TMEM258,0.9861279,1.5282939738190116e-11,NDUFB2,1.9052783,1.1595307004084108e-11,EIF2S2,0.98401,1.8607114260474258e-59,MTHFD2,1.9465424,1.2228280882871179e-42
CENPF,1.6038095,1.0948672923158039e-34,CD9,2.0405486,7.148288897629783e-48,RPL8,0.3635067,2.2339914055644182e-17,TYMS,1.3526344,7.274958362056242e-55,ACTG1,1.3884293,1.1553393477983112e-09,MMD,0.89207006,8.147295373483342e-33,RPS15,0.53827727,2.4898797203611892e-08,CDC25B,2.0403416,1.2317468466065783e-51,RPL41P5,0.9632702,2.154837302412695e-19,EXOSC8,0.8481368,1.8006282126442897e-11,RPL36,1.9231815,1.1595307004084108e-11,DERL2,1.3289741,5.980341349711837e-59,ARL8B,1.5311846,1.2431666193139271e-42
CDCA2,2.177892,1.1662268429458604e-34,TIMP3,1.4690139,1.4497182965796236e-47,CCND1,0.72580636,2.4253704643984816e-17,RAD51,1.97897,4.2069724049969616e-54,TNFRSF12A,1.5215393,2.6998271358925448e-09,SEC23A,1.1461462,9.201238562087715e-33,TRMT112,0.5648074,2.5078108614662656e-08,HMGB2,1.7827268,1.3843219840679177e-50,HINT1,0.5399827,4.630550168540737e-19,H1-0,2.1184113,1.8006282126442897e-11,RPS17,1.4888237,1.1837530992575687e-11,RPL10,0.68746746,3.087230275356478e-58,ASNSP1,2.6819508,3.149069437354717e-42
PTMA,0.77235126,1.1662268429458604e-34,RAMP1,1.8626332,1.1894757477430035e-46,RPS9,0.44688335,4.498493101138231e-17,CDCA5,2.0427518,4.806335973901328e-53,RAC1,0.7202237,4.464964425420595e-09,SLC40A1,1.1533018,9.660056860809593e-33,HMGB3,0.9541119,2.5078108614662656e-08,DYNLL1,0.9072855,1.4055886726442688e-49,RPL7A,0.49876145,5.835598971314197e-19,CDCA3,2.0604405,1.8006282126442897e-11,RPL37,1.5039779,1.2366705723365668e-11,MANF,1.779897,2.0117005381352943e-57,EIF1,0.90960413,3.489018713498753e-42
MELK,1.4196793,5.225051266428705e-34,CDX2,2.12126,1.3078745960957774e-46,ETFB,0.44982675,7.064211276391428e-17,CDCA4,1.7656633,2.562992037236998e-51,CNN3,0.7740014,5.925214205371891e-09,FGA,1.1241763,1.0785153954036613e-32,JPT1,0.81964546,3.030543146453827e-08,HSPA8,1.236198,1.907503038458171e-49,MPC2,0.63476026,1.1100201523122786e-18,NDC80,2.1591368,2.176527914435347e-11,NDUFB1,2.0507865,1.309773492040706e-11,DNAJC3,1.6415747,2.2143596254484535e-57,MOB4,1.7945284,7.758392147250175e-42
DNMT1,0.98723745,2.425367916814612e-33,TECR,0.8016986,1.5276157514105207e-46,ATOX1,0.5273646,7.668301669759839e-17,CDC6,1.4578731,3.731794412868707e-51,CFL1,0.6770881,1.2007824292803895e-08,HMGN2P41,1.198184,2.9650470876561825e-32,RPL36AL,0.6503621,4.078623126188841e-08,BUB1B,2.1278393,5.807841229963061e-49,HMGN3,0.7224654,1.1772711874407513e-18,SEC11C,1.186419,2.7849341956341227e-11,RPS16,1.3548851,1.309773492040706e-11,CTH,2.4428017,4.254460711311106e-57,TES,1.5986578,3.147682127218705e-41
H2AZ1,0.7649934,4.758070665525988e-33,AIG1,0.9964001,1.5560353166788397e-44,NEDD8,0.37485135,1.4388177799040104e-16,CHAF1B,2.0231576,1.1172260619954212e-50,ANKRD1,2.649357,1.854439833940035e-08,CHKA,0.8769313,4.664417472596141e-32,RPL29,0.38870212,5.416283163089692e-08,NUSAP1,1.713815,8.168592163222304e-49,GABARAP,0.6177272,1.784718662313994e-18,MT-ATP8,1.2323179,2.9937309704436057e-11,COX5B,1.7179184,1.3231934907114254e-11,RPS27,0.92842704,6.347166850126125e-56,FNTA,1.4982482,5.52153082649614e-41
CCNF,2.0002775,5.083972750347707e-33,ST3GAL2,1.2376738,6.072481354379787e-44,RPS17,0.42030206,1.5819037398414286e-16,C19orf48P,1.0517653,1.9954108094747183e-50,AKAP12,3.342035,1.854439833940035e-08,ARL5A,0.9757028,6.577964301893788e-32,LARP1,0.7364949,5.659981188008113e-08,AURKA,2.2458863,1.6952603628569764e-48,UBE2V2,0.7224808,1.784718662313994e-18,NUSAP1,1.7179581,3.2435329617741504e-11,TMEM258,2.0968418,1.3231934907114254e-11,SHMT2,1.3714604,7.930343311991542e-56,TARS1,1.4728878,2.2335374526230998e-40
TMEM106C,0.96755815,3.914604885039598e-32,SPINK1,1.2229795,1.042039150443642e-43,APOC1,0.48489353,2.413360140776694e-16,DTL,1.7588785,2.2232929655123927e-50,TUBB3,2.2861714,1.854439833940035e-08,SNHG16,0.82699126,7.788453026921781e-32,RAN,0.47191915,5.659981188008113e-08,CKS1B,0.8942677,1.6952603628569764e-48,HMGN1,0.57433987,1.851733153148632e-18,SPCS2,0.9972123,3.33149952125835e-11,FAU,1.6920308,1.3231934907114254e-11,DNAJB9,1.8500346,7.989058068481128e-56,PPIL4,1.6686829,9.622731687495654e-40
CENPM,1.1431961,2.390965643413871e-31,GOLM1,1.2258037,1.0680014714781308e-43,MT-TP,0.6322522,2.7939017645374015e-16,E2F1,1.8961337,2.57276497708759e-50,THBS1,2.4105623,2.5188257169666595e-08,PSMA1,0.6160226,1.0926961309699037e-31,RPL36,0.5754001,5.659981188008113e-08,OIP5,1.6280375,1.9874953612404906e-48,RPL7,0.5292822,9.526805778479773e-18,PLPP5,1.2165208,4.1306831787422807e-11,POLR2L,2.168235,1.3378651836094332e-11,FKBP2,1.2007736,1.0923373957713822e-54,IRAK2,2.820222,1.0040817745094966e-39
GTSE1,1.8307312,7.3833488804265645e-31,STARD10,1.7428776,1.512160829905495e-43,SCARNA22,0.6813659,3.991608788031377e-16,DSN1,1.469426,2.7042105745933377e-50,KLRK1-AS1,2.90287,2.5580530039390564e-08,GLO1,0.7683293,1.6482664227247736e-31,ZNF326,0.9523447,7.485354178552738e-08,CDCA3,2.0162842,1.0571563975339072e-47,RPL30,0.45720008,9.582018410263884e-18,KIF2C,1.9170327,5.0920461302081686e-11,APOC1,1.866341,1.3763378293975047e-11,SRPRB,1.1293664,2.6267119673095856e-53,BCL3,2.6727052,1.868067496242697e-39
SMC4,1.0869491,1.6321561262408037e-30,FMOD,2.3248281,2.7943588069780364e-43,CALD1,0.49697885,4.901341396325129e-16,GMNN,1.0584787,3.2312477245312673e-50,WDR1,1.2633052,2.5770292992499774e-08,MGST1,0.67472893,2.159416843142973e-31,MRPL51,0.51097107,9.974574454302852e-08,LBR,1.5327762,1.7786334501740479e-47,RPS24,0.55210406,1.4062480314467192e-17,RPS19,0.7674959,9.926180040367138e-11,RPL34,1.7439907,1.3763378293975047e-11,SNHG32,1.2562178,1.8066481429440662e-52,TANK,1.5615448,1.868067496242697e-39
DUT,1.1817956,6.518797487926687e-30,TSPAN3,0.8199152,7.723795504130832e-43,RPS19,0.43206966,5.187078464540378e-16,COCH,1.2893381,9.056180637803838e-50,CD59,1.4227109,2.5817408052752242e-08,RCN2,0.79633516,4.609602493626049e-31,RPS9,0.5751399,1.194278573215219e-07,RNF26,2.0650792,2.9289375598060514e-46,BTF3,0.5051294,2.3016112424615687e-17,NUCB2,1.2321295,1.9423857175291918e-10,RPS28,2.286046,1.3763378293975047e-11,RNF181,0.994811,6.085027215262844e-52,BHLHE40,2.5897489,3.943652770384433e-39
MALAT1,0.8673824,1.2345630794608233e-29,FKBP11,0.9301472,1.5749187596459327e-39,MT1F,1.1827163,6.61485943237451e-16,DNAJC9,1.2076308,1.1766905462313608e-49,MYL12B,0.6792939,2.5817408052752242e-08,MTND2P28,0.78057325,7.1556822365855325e-31,PHF19,1.1904367,1.2448046481045002e-07,CDCA8,2.1062756,2.283068056526728e-45,SUMO2,0.5489056,3.8437534995608007e-17,SEC61B,0.7255427,2.5524498666312584e-10,SNRPF,1.4189446,1.4444373591819213e-11,HYOU1,1.839763,6.235373968758999e-52,TSC22D1,1.5855538,4.0392669547984464e-39
UBE2I,0.80053926,1.2345630794608233e-29,TSPAN8,1.5773596,3.2482568929350526e-39,TRAPPC6A,0.6197177,8.393114220742876e-16,RAD51AP1,1.5998503,1.2598468670685715e-49,OPTN,1.7504444,3.092128820975011e-08,CAPRIN1,1.068308,9.535257602477812e-31,TUBB4B,0.9051306,1.3123271335239904e-07,SAPCD2,2.290758,2.9659067157581615e-45,EEF1B2,0.44835335,2.6174744834193426e-16,CKS1B,0.8639619,3.5621601868423445e-10,ANAPC11,1.5114145,1.4517908703529465e-11,WARS1,1.4654279,3.789962877366553e-51,COPE,0.773188,8.560023277222723e-39
RANBP1,0.5660186,1.7956120494079602e-29,ABCB1,1.999344,6.458682446741563e-39,RPL36,0.4157857,1.2584736017150704e-15,H2AC16,3.467313,1.3016400181100661e-49,NDUFV2,0.81817436,3.107513804346475e-08,WDR72,0.9863155,2.745800441113507e-30,ILF2,0.45557278,1.3896380659285595e-07,KIF22,1.5101587,2.996257611238615e-45,NDUFB4,0.49649203,2.7696821465071884e-16,RPS11,0.7868284,3.957135287801221e-10,UQCR10,1.8094229,1.60417717246054e-11,RPS9,0.83451015,6.231837258762183e-51,SRP19,1.328764,1.0413152880570601e-38
SMC2,1.0993447,2.1481169450059386e-29,PRDM1,3.4448104,3.6869019000866103e-38,HSPB1,0.6064077,1.4955368934416392e-15,DSCC1,2.300468,1.3301242745561268e-49,CCN1,2.5372932,1.381426448624555e-07,MRPL42,0.648718,2.9277058379109438e-30,CKS2,0.8053708,1.3896380659285595e-07,CENPE,2.4207695,2.367014729044677e-44,ATP5F1C,0.49145138,3.351442874895685e-16,MKI67,1.5794371,4.2285182804155036e-10,RPS15A,1.2457312,1.60417717246054e-11,DDIT4,2.1501012,1.1923324951642579e-50,CNOT10,1.4920042,1.0745012774001697e-38
NCAPH,1.6144279,2.983015440947641e-29,MT-ND6,0.78540903,1.1361227342401036e-37,SERF2,0.41753358,1.4955368934416392e-15,MYBL2,1.4954069,2.2847481055078336e-49,ICAM1,2.0353487,1.53169233384304e-07,CCNC,0.8251907,3.754734151322246e-30,RPL35,0.5327849,1.4959949298764507e-07,DDX5,0.85507905,2.386083462176867e-42,RPS27A,0.4255398,3.8193355286259536e-16,RPL36AL,0.8004379,4.5875808647315136e-10,RPS23,1.2274326,1.628901309839172e-11,S100P,1.592407,2.6554123398926816e-50,TUBE1,2.260282,1.7025502388619125e-38
POLR2L,0.7448805,3.058388239975848e-29,ANXA13,3.6083407,2.169909851545125e-37,PSMB6,0.3266433,1.5280868344101014e-15,ZWINT,1.3238487,3.465301348480793e-48,LINC02802,1.5700707,2.0824770332603604e-07,CD46,1.0410706,4.47477300123713e-30,RPL13,0.44817224,1.6179048323594505e-07,ASPM,1.7187009,2.908049972916685e-41,COXFA4,0.45499766,5.224292682350399e-16,H1-2,2.081824,5.370062791267134e-10,ELOB,2.0183735,1.7768856974909734e-11,UBXN4,0.91218805,8.72054837392887e-50,SQSTM1,1.3134749,1.9546587749356237e-38
GINS2,1.3649553,3.2233059700245797e-29,BIN1,1.4809883,7.497228077023237e-37,COA3,0.4906241,7.305522791489383e-15,PRIM1,1.4730121,1.2151641252481159e-46,MIR4435-2HG,1.1718482,2.1183797798613608e-07,PAH,0.95634437,9.29130184181662e-30,RBM8A,0.5443921,1.8957629875509723e-07,NUF2,2.0248272,2.913183654171754e-41,PFDN4,0.6765872,8.159897493204099e-16,SEC61G,0.8122399,6.327750656012023e-10,ATP5MJ,1.4578052,1.839276001959046e-11,HAX1,1.0664437,2.378617564831249e-49,RCHY1,1.9097106,3.965792041278458e-38
