"Gene","Group_1","Group_2","Mock_expression","ZIKV_expression","log2FoldChange","pvalue","Original_significant_call","padj","Regulation"
"SIGLEC10","Mock","ZIKV",0.810017,0.0664947,-3.60664,5e-05,"yes",0.000320686218678815,"Down_in_ZIKV"
"CCNO","Mock","ZIKV",4.30137,0.53558,-3.00562,5e-05,"yes",0.000320686218678815,"Down_in_ZIKV"
"RRM2","Mock","ZIKV",34.1419,5.48555,-2.63783,5e-05,"yes",0.000320686218678815,"Down_in_ZIKV"
"SFXN2","Mock","ZIKV",5.93441,0.967533,-2.61672,5e-05,"yes",0.000320686218678815,"Down_in_ZIKV"
"COLEC12","Mock","ZIKV",0.875222,0.143901,-2.60458,5e-05,"yes",0.000320686218678815,"Down_in_ZIKV"
"CHRNA1","Mock","ZIKV",5.02148,0.846344,-2.5688,5e-05,"yes",0.000320686218678815,"Down_in_ZIKV"
"DHFR","Mock","ZIKV",53.4126,9.23853,-2.53145,5e-05,"yes",0.000320686218678815,"Down_in_ZIKV"
"MFI2","Mock","ZIKV",1.9761,0.347521,-2.50748,5e-05,"yes",0.000320686218678815,"Down_in_ZIKV"
"MAPK15","Mock","ZIKV",20.7939,3.77391,-2.46203,5e-05,"yes",0.000320686218678815,"Down_in_ZIKV"
"C21orf58","Mock","ZIKV",11.4277,2.1697,-2.39697,5e-05,"yes",0.000320686218678815,"Down_in_ZIKV"
"SPEF1","Mock","ZIKV",1.78022,0.338308,-2.39565,5e-05,"yes",0.000320686218678815,"Down_in_ZIKV"
"ATG16L2","Mock","ZIKV",5.80167,1.1441,-2.34225,5e-05,"yes",0.000320686218678815,"Down_in_ZIKV"
"LOC100134868","Mock","ZIKV",6.6332,1.34332,-2.3039,5e-05,"yes",0.000320686218678815,"Down_in_ZIKV"
"SUSD2","Mock","ZIKV",7.24014,1.48148,-2.28898,5e-05,"yes",0.000320686218678815,"Down_in_ZIKV"
"C6orf118","Mock","ZIKV",5.98062,1.23151,-2.27987,5e-05,"yes",0.000320686218678815,"Down_in_ZIKV"
"DLX6-AS1","Mock","ZIKV",3.14473,0.653523,-2.26662,5e-05,"yes",0.000320686218678815,"Down_in_ZIKV"
"ADAM28","Mock","ZIKV",0.630283,0.131671,-2.25906,5e-05,"yes",0.000320686218678815,"Down_in_ZIKV"
"C17orf72","Mock","ZIKV",1.09581,0.232334,-2.23773,5e-05,"yes",0.000320686218678815,"Down_in_ZIKV"
"NXPH2","Mock","ZIKV",1.17552,0.250823,-2.22856,5e-05,"yes",0.000320686218678815,"Down_in_ZIKV"
"AQP7P1","Mock","ZIKV",1.70333,0.364215,-2.2255,5e-05,"yes",0.000320686218678815,"Down_in_ZIKV"
"EFCAB1","Mock","ZIKV",1.66037,0.361564,-2.19918,5e-05,"yes",0.000320686218678815,"Down_in_ZIKV"
"WNT8B","Mock","ZIKV",45.952,10.0449,-2.19366,5e-05,"yes",0.000320686218678815,"Down_in_ZIKV"
"PI15","Mock","ZIKV",18.3203,4.05363,-2.17615,5e-05,"yes",0.000320686218678815,"Down_in_ZIKV"
"OTX2-AS1","Mock","ZIKV",0.858558,0.190734,-2.17035,5e-05,"yes",0.000320686218678815,"Down_in_ZIKV"
"LOC100507032","Mock","ZIKV",1.15984,0.258594,-2.16517,5e-05,"yes",0.000320686218678815,"Down_in_ZIKV"
"GINS3","Mock","ZIKV",6.46625,1.44722,-2.15965,5e-05,"yes",0.000320686218678815,"Down_in_ZIKV"
"MFGE8","Mock","ZIKV",40.2086,9.30133,-2.112,5e-05,"yes",0.000320686218678815,"Down_in_ZIKV"
"SPARCL1","Mock","ZIKV",4.20209,0.974964,-2.10768,5e-05,"yes",0.000320686218678815,"Down_in_ZIKV"
"TPBG","Mock","ZIKV",191.205,44.9644,-2.08826,5e-05,"yes",0.000320686218678815,"Down_in_ZIKV"
"SLC35G1","Mock","ZIKV",1.02038,0.240317,-2.08609,5e-05,"yes",0.000320686218678815,"Down_in_ZIKV"
"MFI2-AS1","Mock","ZIKV",6.59999,1.5699,-2.07179,5e-05,"yes",0.000320686218678815,"Down_in_ZIKV"
"VSX1","Mock","ZIKV",1.75166,0.419639,-2.0615,5e-05,"yes",0.000320686218678815,"Down_in_ZIKV"
"TTF2","Mock","ZIKV",3.9222,0.944564,-2.05394,5e-05,"yes",0.000320686218678815,"Down_in_ZIKV"
"SLC6A16","Mock","ZIKV",2.81808,0.679649,-2.05185,5e-05,"yes",0.000320686218678815,"Down_in_ZIKV"
"KCNJ2-AS1","Mock","ZIKV",1.29628,0.312764,-2.05123,5e-05,"yes",0.000320686218678815,"Down_in_ZIKV"
"ATHL1","Mock","ZIKV",8.46073,2.05377,-2.04251,5e-05,"yes",0.000320686218678815,"Down_in_ZIKV"
"EMILIN2","Mock","ZIKV",1.07357,0.267416,-2.00526,5e-05,"yes",0.000320686218678815,"Down_in_ZIKV"
"SPC24","Mock","ZIKV",9.18216,2.29269,-2.00179,5e-05,"yes",0.000320686218678815,"Down_in_ZIKV"
"ART5","Mock","ZIKV",2.36852,0.595252,-1.99241,5e-05,"yes",0.000320686218678815,"Down_in_ZIKV"
"NRGN","Mock","ZIKV",3.02313,0.765049,-1.98242,5e-05,"yes",0.000320686218678815,"Down_in_ZIKV"
"EGR3","Mock","ZIKV",13.5077,3.4285,-1.97813,5e-05,"yes",0.000320686218678815,"Down_in_ZIKV"
"PPFIA4","Mock","ZIKV",4.97917,1.26831,-1.973,5e-05,"yes",0.000320686218678815,"Down_in_ZIKV"
"SPON2","Mock","ZIKV",3.39686,0.872257,-1.96138,5e-05,"yes",0.000320686218678815,"Down_in_ZIKV"
"AQP7P3","Mock","ZIKV",11.183,2.8748,-1.95978,5e-05,"yes",0.000320686218678815,"Down_in_ZIKV"
"LOC643401","Mock","ZIKV",26.1175,6.74903,-1.95226,5e-05,"yes",0.000320686218678815,"Down_in_ZIKV"
"RDM1","Mock","ZIKV",2.02621,0.529359,-1.93647,5e-05,"yes",0.000320686218678815,"Down_in_ZIKV"
"UHRF1","Mock","ZIKV",28.7659,7.52346,-1.93489,5e-05,"yes",0.000320686218678815,"Down_in_ZIKV"
"DUSP23","Mock","ZIKV",5.3384,1.40784,-1.92293,5e-05,"yes",0.000320686218678815,"Down_in_ZIKV"
"RNASE4","Mock","ZIKV",2.06416,0.545542,-1.91979,5e-05,"yes",0.000320686218678815,"Down_in_ZIKV"
"MCM6","Mock","ZIKV",30.1178,7.96902,-1.91814,5e-05,"yes",0.000320686218678815,"Down_in_ZIKV"
"TCF19","Mock","ZIKV",6.89786,1.83752,-1.90839,5e-05,"yes",0.000320686218678815,"Down_in_ZIKV"
"GDF10","Mock","ZIKV",39.9571,10.7196,-1.8982,5e-05,"yes",0.000320686218678815,"Down_in_ZIKV"
"CEP152","Mock","ZIKV",5.53591,1.50158,-1.88234,5e-05,"yes",0.000320686218678815,"Down_in_ZIKV"
"MYLK","Mock","ZIKV",4.42557,1.20605,-1.87557,5e-05,"yes",0.000320686218678815,"Down_in_ZIKV"
"LOC100505648","Mock","ZIKV",3.88473,1.0599,-1.87389,5e-05,"yes",0.000320686218678815,"Down_in_ZIKV"
"GDPD2","Mock","ZIKV",9.03461,2.47079,-1.87049,5e-05,"yes",0.000320686218678815,"Down_in_ZIKV"
"TEK","Mock","ZIKV",0.824733,0.225733,-1.86931,5e-05,"yes",0.000320686218678815,"Down_in_ZIKV"
"SCARA3","Mock","ZIKV",4.23261,1.16408,-1.86235,5e-05,"yes",0.000320686218678815,"Down_in_ZIKV"
"PLAT","Mock","ZIKV",0.827737,0.22867,-1.8559,5e-05,"yes",0.000320686218678815,"Down_in_ZIKV"
"VTCN1","Mock","ZIKV",1.11604,0.311018,-1.84332,5e-05,"yes",0.000320686218678815,"Down_in_ZIKV"
"SLC2A4","Mock","ZIKV",1.12867,0.315695,-1.83802,5e-05,"yes",0.000320686218678815,"Down_in_ZIKV"
"CENPM","Mock","ZIKV",16.2502,4.55329,-1.83548,5e-05,"yes",0.000320686218678815,"Down_in_ZIKV"
"CCNB1","Mock","ZIKV",52.4407,14.7138,-1.83352,5e-05,"yes",0.000320686218678815,"Down_in_ZIKV"
"LOC100506233","Mock","ZIKV",11.0387,3.10358,-1.83056,5e-05,"yes",0.000320686218678815,"Down_in_ZIKV"
"CILP2","Mock","ZIKV",4.1398,1.17345,-1.8188,5e-05,"yes",0.000320686218678815,"Down_in_ZIKV"
"CD248","Mock","ZIKV",2.44054,0.692247,-1.81784,5e-05,"yes",0.000320686218678815,"Down_in_ZIKV"
"E2F2","Mock","ZIKV",4.93902,1.40491,-1.81375,5e-05,"yes",0.000320686218678815,"Down_in_ZIKV"
"PGAP3","Mock","ZIKV",8.57487,2.4523,-1.80598,5e-05,"yes",0.000320686218678815,"Down_in_ZIKV"
"WSB1","Mock","ZIKV",1510.07,432.483,-1.8039,5e-05,"yes",0.000320686218678815,"Down_in_ZIKV"
"GALNT12","Mock","ZIKV",8.16934,2.34569,-1.80021,5e-05,"yes",0.000320686218678815,"Down_in_ZIKV"
"BCL2L2-PABPN1","Mock","ZIKV",75.9843,21.9076,-1.79427,5e-05,"yes",0.000320686218678815,"Down_in_ZIKV"
"NTSR1","Mock","ZIKV",4.6173,1.33247,-1.79294,5e-05,"yes",0.000320686218678815,"Down_in_ZIKV"
"SLC44A3","Mock","ZIKV",7.93021,2.30247,-1.78418,5e-05,"yes",0.000320686218678815,"Down_in_ZIKV"
"MCM4","Mock","ZIKV",39.5149,11.4818,-1.78305,5e-05,"yes",0.000320686218678815,"Down_in_ZIKV"
"NCAPH","Mock","ZIKV",8.48194,2.46459,-1.78305,5e-05,"yes",0.000320686218678815,"Down_in_ZIKV"
"DGCR5","Mock","ZIKV",1.62268,0.479192,-1.7597,5e-05,"yes",0.000320686218678815,"Down_in_ZIKV"
"HPDL","Mock","ZIKV",1.57883,0.466784,-1.75803,5e-05,"yes",0.000320686218678815,"Down_in_ZIKV"
"MCM3","Mock","ZIKV",43.5562,12.9109,-1.75429,5e-05,"yes",0.000320686218678815,"Down_in_ZIKV"
"ASF1B","Mock","ZIKV",14.8831,4.43026,-1.74821,5e-05,"yes",0.000320686218678815,"Down_in_ZIKV"
"DDX11","Mock","ZIKV",13.1953,3.93447,-1.74578,5e-05,"yes",0.000320686218678815,"Down_in_ZIKV"
"BTBD17","Mock","ZIKV",82.6365,24.873,-1.7322,5e-05,"yes",0.000320686218678815,"Down_in_ZIKV"
"E2F1","Mock","ZIKV",26.7148,8.04177,-1.73205,5e-05,"yes",0.000320686218678815,"Down_in_ZIKV"
"SLC43A3","Mock","ZIKV",0.957012,0.28838,-1.73057,5e-05,"yes",0.000320686218678815,"Down_in_ZIKV"
"SNRPA","Mock","ZIKV",60.1597,18.1485,-1.72894,5e-05,"yes",0.000320686218678815,"Down_in_ZIKV"
"TRIM45","Mock","ZIKV",21.168,6.39741,-1.72633,5e-05,"yes",0.000320686218678815,"Down_in_ZIKV"
"LOC646168","Mock","ZIKV",2.15248,0.652233,-1.72254,5e-05,"yes",0.000320686218678815,"Down_in_ZIKV"
"PMEL","Mock","ZIKV",1.63696,0.497176,-1.71919,5e-05,"yes",0.000320686218678815,"Down_in_ZIKV"
"RAD51AP1","Mock","ZIKV",15.5002,4.70888,-1.71883,5e-05,"yes",0.000320686218678815,"Down_in_ZIKV"
"STOX1","Mock","ZIKV",1.58189,0.481453,-1.71618,5e-05,"yes",0.000320686218678815,"Down_in_ZIKV"
"PLAUR","Mock","ZIKV",3.55308,1.08439,-1.71219,5e-05,"yes",0.000320686218678815,"Down_in_ZIKV"
"GLB1L","Mock","ZIKV",5.04734,1.54473,-1.70817,5e-05,"yes",0.000320686218678815,"Down_in_ZIKV"
"GINS4","Mock","ZIKV",8.19618,2.51325,-1.7054,5e-05,"yes",0.000320686218678815,"Down_in_ZIKV"
"BRCA1","Mock","ZIKV",8.95543,2.7468,-1.70501,5e-05,"yes",0.000320686218678815,"Down_in_ZIKV"
"CTSL2","Mock","ZIKV",1.23166,0.378524,-1.70214,5e-05,"yes",0.000320686218678815,"Down_in_ZIKV"
"MBOAT1","Mock","ZIKV",1.06678,0.328264,-1.70033,5e-05,"yes",0.000320686218678815,"Down_in_ZIKV"
"CDCA3","Mock","ZIKV",20.8038,6.41614,-1.69707,5e-05,"yes",0.000320686218678815,"Down_in_ZIKV"
"ACBD7","Mock","ZIKV",15.5718,4.8042,-1.69656,5e-05,"yes",0.000320686218678815,"Down_in_ZIKV"
"FAM122B","Mock","ZIKV",14.604,4.55292,-1.6815,5e-05,"yes",0.000320686218678815,"Down_in_ZIKV"
"GINS2","Mock","ZIKV",35.1129,11.0212,-1.67172,5e-05,"yes",0.000320686218678815,"Down_in_ZIKV"
"CDC7","Mock","ZIKV",13.8347,4.34448,-1.67103,5e-05,"yes",0.000320686218678815,"Down_in_ZIKV"
"TTC32","Mock","ZIKV",9.66665,3.04575,-1.66622,5e-05,"yes",0.000320686218678815,"Down_in_ZIKV"
"IZUMO4","Mock","ZIKV",5.80232,1.83175,-1.6634,5e-05,"yes",0.000320686218678815,"Down_in_ZIKV"
"FANCD2","Mock","ZIKV",14.5566,4.59921,-1.66222,5e-05,"yes",0.000320686218678815,"Down_in_ZIKV"
"SPAG6","Mock","ZIKV",2.82268,0.895093,-1.65696,5e-05,"yes",0.000320686218678815,"Down_in_ZIKV"
"FLJ31306","Mock","ZIKV",40.0562,12.7064,-1.65647,5e-05,"yes",0.000320686218678815,"Down_in_ZIKV"
"BUB1B","Mock","ZIKV",24.1215,7.66016,-1.65487,5e-05,"yes",0.000320686218678815,"Down_in_ZIKV"
"SLC25A10","Mock","ZIKV",7.09287,2.2576,-1.65158,5e-05,"yes",0.000320686218678815,"Down_in_ZIKV"
"RAD51","Mock","ZIKV",6.07518,1.94154,-1.64573,5e-05,"yes",0.000320686218678815,"Down_in_ZIKV"
"PAQR6","Mock","ZIKV",5.98713,1.93018,-1.63313,5e-05,"yes",0.000320686218678815,"Down_in_ZIKV"
"LOC283177","Mock","ZIKV",1.76717,0.570312,-1.63161,5e-05,"yes",0.000320686218678815,"Down_in_ZIKV"
"FAM111B","Mock","ZIKV",3.64105,1.17648,-1.62988,5e-05,"yes",0.000320686218678815,"Down_in_ZIKV"
"KIAA1755","Mock","ZIKV",0.903176,0.291993,-1.62907,5e-05,"yes",0.000320686218678815,"Down_in_ZIKV"
"OIP5","Mock","ZIKV",13.4961,4.37033,-1.62673,5e-05,"yes",0.000320686218678815,"Down_in_ZIKV"
"ABHD16B","Mock","ZIKV",3.68379,1.19296,-1.62665,5e-05,"yes",0.000320686218678815,"Down_in_ZIKV"
"TRIP13","Mock","ZIKV",6.89292,2.23251,-1.62645,5e-05,"yes",0.000320686218678815,"Down_in_ZIKV"
"CCDC19","Mock","ZIKV",1.94566,0.631891,-1.62251,5e-05,"yes",0.000320686218678815,"Down_in_ZIKV"
"SAMD15","Mock","ZIKV",3.47714,1.13651,-1.61329,5e-05,"yes",0.000320686218678815,"Down_in_ZIKV"
"FLJ46906","Mock","ZIKV",5.62627,1.84234,-1.61064,5e-05,"yes",0.000320686218678815,"Down_in_ZIKV"
"LOC100506054","Mock","ZIKV",3.89588,1.27578,-1.61057,5e-05,"yes",0.000320686218678815,"Down_in_ZIKV"
"FBLN7","Mock","ZIKV",5.52888,1.81074,-1.61041,5e-05,"yes",0.000320686218678815,"Down_in_ZIKV"
"MAK","Mock","ZIKV",1.73151,0.567619,-1.60904,5e-05,"yes",0.000320686218678815,"Down_in_ZIKV"
"CDK2","Mock","ZIKV",29.9841,9.85202,-1.60571,5e-05,"yes",0.000320686218678815,"Down_in_ZIKV"
"ANKRD34B","Mock","ZIKV",3.6468,1.20396,-1.59885,5e-05,"yes",0.000320686218678815,"Down_in_ZIKV"
"ERMAP","Mock","ZIKV",3.64191,1.20272,-1.5984,5e-05,"yes",0.000320686218678815,"Down_in_ZIKV"
"PROM1","Mock","ZIKV",10.5053,3.47768,-1.59493,5e-05,"yes",0.000320686218678815,"Down_in_ZIKV"
"KCNK2","Mock","ZIKV",1.44528,0.479172,-1.59273,5e-05,"yes",0.000320686218678815,"Down_in_ZIKV"
"C1orf216","Mock","ZIKV",6.08957,2.02218,-1.59043,5e-05,"yes",0.000320686218678815,"Down_in_ZIKV"
"KIFC1","Mock","ZIKV",31.2261,10.3721,-1.59004,5e-05,"yes",0.000320686218678815,"Down_in_ZIKV"
"UNC50","Mock","ZIKV",32.2922,10.7783,-1.58306,5e-05,"yes",0.000320686218678815,"Down_in_ZIKV"
"XRCC2","Mock","ZIKV",7.97586,2.66488,-1.58157,5e-05,"yes",0.000320686218678815,"Down_in_ZIKV"
"SARS2","Mock","ZIKV",12.4423,4.15975,-1.58069,5e-05,"yes",0.000320686218678815,"Down_in_ZIKV"
"DDX12P","Mock","ZIKV",5.87183,1.97258,-1.57373,5e-05,"yes",0.000320686218678815,"Down_in_ZIKV"
"SAPCD2","Mock","ZIKV",12.393,4.16738,-1.57231,5e-05,"yes",0.000320686218678815,"Down_in_ZIKV"
"CENPK","Mock","ZIKV",18.2829,6.15754,-1.57007,5e-05,"yes",0.000320686218678815,"Down_in_ZIKV"
"IMPA2","Mock","ZIKV",10.8634,3.67679,-1.56296,5e-05,"yes",0.000320686218678815,"Down_in_ZIKV"
"RD3","Mock","ZIKV",0.994074,0.336542,-1.56257,5e-05,"yes",0.000320686218678815,"Down_in_ZIKV"
"SFRP2","Mock","ZIKV",480.639,162.786,-1.56197,5e-05,"yes",0.000320686218678815,"Down_in_ZIKV"
"COL12A1","Mock","ZIKV",0.675838,0.23036,-1.55279,5e-05,"yes",0.000320686218678815,"Down_in_ZIKV"
"EMILIN3","Mock","ZIKV",11.5136,3.92774,-1.55157,5e-05,"yes",0.000320686218678815,"Down_in_ZIKV"
"NME5","Mock","ZIKV",7.24066,2.47361,-1.5495,5e-05,"yes",0.000320686218678815,"Down_in_ZIKV"
"PIF1","Mock","ZIKV",11.9596,4.08687,-1.5491,5e-05,"yes",0.000320686218678815,"Down_in_ZIKV"
"LOC729013","Mock","ZIKV",5.28636,1.80724,-1.54848,5e-05,"yes",0.000320686218678815,"Down_in_ZIKV"
"KDELC2","Mock","ZIKV",6.88804,2.3584,-1.54628,5e-05,"yes",0.000320686218678815,"Down_in_ZIKV"
"AURKB","Mock","ZIKV",49.17,16.8746,-1.54293,5e-05,"yes",0.000320686218678815,"Down_in_ZIKV"
"SDC1","Mock","ZIKV",21.1631,7.2661,-1.5423,5e-05,"yes",0.000320686218678815,"Down_in_ZIKV"
"CLSPN","Mock","ZIKV",4.80638,1.65344,-1.53948,5e-05,"yes",0.000320686218678815,"Down_in_ZIKV"
"KIF19","Mock","ZIKV",4.31374,1.48441,-1.53905,5e-05,"yes",0.000320686218678815,"Down_in_ZIKV"
"PABPN1","Mock","ZIKV",41.6024,14.3579,-1.53482,5e-05,"yes",0.000320686218678815,"Down_in_ZIKV"
"ACYP1","Mock","ZIKV",32.2776,11.162,-1.53194,5e-05,"yes",0.000320686218678815,"Down_in_ZIKV"
"ENPP1","Mock","ZIKV",0.981995,0.340077,-1.52985,5e-05,"yes",0.000320686218678815,"Down_in_ZIKV"
"DLGAP5","Mock","ZIKV",25.8165,9.00609,-1.51932,5e-05,"yes",0.000320686218678815,"Down_in_ZIKV"
"LINC00472","Mock","ZIKV",4.84566,1.69054,-1.51921,5e-05,"yes",0.000320686218678815,"Down_in_ZIKV"
"MCM5","Mock","ZIKV",31.9678,11.1746,-1.51639,5e-05,"yes",0.000320686218678815,"Down_in_ZIKV"
"MCM2","Mock","ZIKV",46.0244,16.102,-1.51516,5e-05,"yes",0.000320686218678815,"Down_in_ZIKV"
"DSCC1","Mock","ZIKV",7.45626,2.6094,-1.51473,5e-05,"yes",0.000320686218678815,"Down_in_ZIKV"
"NID1","Mock","ZIKV",2.07787,0.72785,-1.51339,5e-05,"yes",0.000320686218678815,"Down_in_ZIKV"
"TMEM80","Mock","ZIKV",7.99078,2.80534,-1.51016,5e-05,"yes",0.000320686218678815,"Down_in_ZIKV"
"PYCRL","Mock","ZIKV",4.17166,1.46566,-1.50907,5e-05,"yes",0.000320686218678815,"Down_in_ZIKV"
"MED11","Mock","ZIKV",6.69997,2.36687,-1.50118,5e-05,"yes",0.000320686218678815,"Down_in_ZIKV"
"DTL","Mock","ZIKV",11.6342,4.11367,-1.49987,5e-05,"yes",0.000320686218678815,"Down_in_ZIKV"
"FLT4","Mock","ZIKV",0.917688,0.324838,-1.49829,5e-05,"yes",0.000320686218678815,"Down_in_ZIKV"
"ASB16-AS1","Mock","ZIKV",8.89913,3.15494,-1.49605,5e-05,"yes",0.000320686218678815,"Down_in_ZIKV"
"MMP2","Mock","ZIKV",7.22021,2.56126,-1.49519,5e-05,"yes",0.000320686218678815,"Down_in_ZIKV"
"C1QTNF6","Mock","ZIKV",7.27339,2.58231,-1.49397,5e-05,"yes",0.000320686218678815,"Down_in_ZIKV"
"HYAL1","Mock","ZIKV",1.35553,0.481698,-1.49266,5e-05,"yes",0.000320686218678815,"Down_in_ZIKV"
"GABPB1-AS1","Mock","ZIKV",12.9252,4.60228,-1.48977,5e-05,"yes",0.000320686218678815,"Down_in_ZIKV"
"WDR76","Mock","ZIKV",3.83815,1.37838,-1.47744,5e-05,"yes",0.000320686218678815,"Down_in_ZIKV"
"CYP26B1","Mock","ZIKV",9.74987,3.50148,-1.47742,5e-05,"yes",0.000320686218678815,"Down_in_ZIKV"
"FANCB","Mock","ZIKV",1.77015,0.636514,-1.47561,5e-05,"yes",0.000320686218678815,"Down_in_ZIKV"
"BIRC5","Mock","ZIKV",38.673,13.93,-1.47313,5e-05,"yes",0.000320686218678815,"Down_in_ZIKV"
"HES6","Mock","ZIKV",458.282,165.232,-1.47174,5e-05,"yes",0.000320686218678815,"Down_in_ZIKV"
"ATP1A2","Mock","ZIKV",0.705665,0.254622,-1.47062,5e-05,"yes",0.000320686218678815,"Down_in_ZIKV"
"SGOL2","Mock","ZIKV",10.4207,3.77349,-1.46548,5e-05,"yes",0.000320686218678815,"Down_in_ZIKV"
"LOC642846","Mock","ZIKV",3.36894,1.22217,-1.46285,5e-05,"yes",0.000320686218678815,"Down_in_ZIKV"
"SMIM7","Mock","ZIKV",30.4819,11.0582,-1.46284,5e-05,"yes",0.000320686218678815,"Down_in_ZIKV"
"OLFML2A","Mock","ZIKV",1.05767,0.384278,-1.46067,5e-05,"yes",0.000320686218678815,"Down_in_ZIKV"
"OLIG3","Mock","ZIKV",6.48879,2.36295,-1.45736,5e-05,"yes",0.000320686218678815,"Down_in_ZIKV"
"PSMG3-AS1","Mock","ZIKV",3.31998,1.20939,-1.4569,5e-05,"yes",0.000320686218678815,"Down_in_ZIKV"
"HYAL2","Mock","ZIKV",42.9039,15.6534,-1.45464,5e-05,"yes",0.000320686218678815,"Down_in_ZIKV"
"MKRN3","Mock","ZIKV",21.1597,7.74115,-1.4507,5e-05,"yes",0.000320686218678815,"Down_in_ZIKV"
"C10orf114","Mock","ZIKV",6.45843,2.36357,-1.45021,5e-05,"yes",0.000320686218678815,"Down_in_ZIKV"
"SLC38A4","Mock","ZIKV",2.24434,0.824021,-1.44554,5e-05,"yes",0.000320686218678815,"Down_in_ZIKV"
"ACTC1","Mock","ZIKV",4.33595,1.59555,-1.44229,5e-05,"yes",0.000320686218678815,"Down_in_ZIKV"
"OLFML2B","Mock","ZIKV",2.9443,1.08346,-1.44228,5e-05,"yes",0.000320686218678815,"Down_in_ZIKV"
"ATF6B","Mock","ZIKV",51.4517,18.9395,-1.44182,5e-05,"yes",0.000320686218678815,"Down_in_ZIKV"
"ARHGEF6","Mock","ZIKV",3.43016,1.26416,-1.44009,5e-05,"yes",0.000320686218678815,"Down_in_ZIKV"
"EMB","Mock","ZIKV",5.61677,2.07003,-1.44009,5e-05,"yes",0.000320686218678815,"Down_in_ZIKV"
"MFAP2","Mock","ZIKV",71.5649,26.4559,-1.43566,5e-05,"yes",0.000320686218678815,"Down_in_ZIKV"
"ORC6","Mock","ZIKV",25.5913,9.46072,-1.43563,5e-05,"yes",0.000320686218678815,"Down_in_ZIKV"
"SLC19A1","Mock","ZIKV",6.71354,2.48242,-1.43533,5e-05,"yes",0.000320686218678815,"Down_in_ZIKV"
"CPAMD8","Mock","ZIKV",2.07057,0.766279,-1.43408,5e-05,"yes",0.000320686218678815,"Down_in_ZIKV"
"MIS18BP1","Mock","ZIKV",11.9929,4.45353,-1.42916,5e-05,"yes",0.000320686218678815,"Down_in_ZIKV"
"TMEM194A","Mock","ZIKV",18.3202,6.80743,-1.42825,5e-05,"yes",0.000320686218678815,"Down_in_ZIKV"
"KCNAB3","Mock","ZIKV",2.01764,0.752086,-1.4237,5e-05,"yes",0.000320686218678815,"Down_in_ZIKV"
"CDCA7","Mock","ZIKV",16.0813,5.99482,-1.42359,5e-05,"yes",0.000320686218678815,"Down_in_ZIKV"
"MAPK11","Mock","ZIKV",36.4828,13.6309,-1.42034,5e-05,"yes",0.000320686218678815,"Down_in_ZIKV"
"DPY19L2","Mock","ZIKV",3.36007,1.25621,-1.41942,5e-05,"yes",0.000320686218678815,"Down_in_ZIKV"
"LOC100272228","Mock","ZIKV",7.04284,2.64307,-1.41395,5e-05,"yes",0.000320686218678815,"Down_in_ZIKV"
"ITGB5","Mock","ZIKV",13.3888,5.048,-1.40724,5e-05,"yes",0.000320686218678815,"Down_in_ZIKV"
"CENPI","Mock","ZIKV",6.12824,2.31591,-1.40389,5e-05,"yes",0.000320686218678815,"Down_in_ZIKV"
"RABL2A","Mock","ZIKV",9.71278,3.67137,-1.40357,5e-05,"yes",0.000320686218678815,"Down_in_ZIKV"
"C19orf57","Mock","ZIKV",2.42022,0.915129,-1.40309,5e-05,"yes",0.000320686218678815,"Down_in_ZIKV"
"TNFAIP8","Mock","ZIKV",2.23079,0.845925,-1.39895,5e-05,"yes",0.000320686218678815,"Down_in_ZIKV"
"KIAA0101","Mock","ZIKV",13.6888,5.19246,-1.39851,5e-05,"yes",0.000320686218678815,"Down_in_ZIKV"
"MCM10","Mock","ZIKV",9.08775,3.44719,-1.3985,5e-05,"yes",0.000320686218678815,"Down_in_ZIKV"
"RBM14","Mock","ZIKV",16.144,6.12616,-1.39794,5e-05,"yes",0.000320686218678815,"Down_in_ZIKV"
"SEPT10","Mock","ZIKV",22.5815,8.57177,-1.39748,5e-05,"yes",0.000320686218678815,"Down_in_ZIKV"
"METTL3","Mock","ZIKV",34.5605,13.135,-1.39571,5e-05,"yes",0.000320686218678815,"Down_in_ZIKV"
"IRS4","Mock","ZIKV",7.59487,2.89875,-1.38959,5e-05,"yes",0.000320686218678815,"Down_in_ZIKV"
"PLEKHH2","Mock","ZIKV",0.912058,0.348232,-1.38908,5e-05,"yes",0.000320686218678815,"Down_in_ZIKV"
"FOSB","Mock","ZIKV",134.086,51.3114,-1.38581,5e-05,"yes",0.000320686218678815,"Down_in_ZIKV"
"PIGW","Mock","ZIKV",2.82191,1.0853,-1.37857,5e-05,"yes",0.000320686218678815,"Down_in_ZIKV"
"CEMP1","Mock","ZIKV",8.49384,3.26927,-1.37745,5e-05,"yes",0.000320686218678815,"Down_in_ZIKV"
"BHLHE23","Mock","ZIKV",3.20201,1.23277,-1.37707,5e-05,"yes",0.000320686218678815,"Down_in_ZIKV"
"ARGLU1","Mock","ZIKV",173.807,67.0666,-1.37382,5e-05,"yes",0.000320686218678815,"Down_in_ZIKV"
"APOLD1","Mock","ZIKV",2.30218,0.88837,-1.37377,5e-05,"yes",0.000320686218678815,"Down_in_ZIKV"
"CDH24","Mock","ZIKV",25.8319,9.98442,-1.3714,5e-05,"yes",0.000320686218678815,"Down_in_ZIKV"
"LENG8","Mock","ZIKV",71.2716,27.557,-1.37091,5e-05,"yes",0.000320686218678815,"Down_in_ZIKV"
"IQGAP3","Mock","ZIKV",10.2495,3.96793,-1.3691,5e-05,"yes",0.000320686218678815,"Down_in_ZIKV"
"POLD1","Mock","ZIKV",18.2362,7.07088,-1.36684,5e-05,"yes",0.000320686218678815,"Down_in_ZIKV"
"OGFOD3","Mock","ZIKV",5.96806,2.32256,-1.36155,5e-05,"yes",0.000320686218678815,"Down_in_ZIKV"
"PROCA1","Mock","ZIKV",7.37259,2.87315,-1.35954,5e-05,"yes",0.000320686218678815,"Down_in_ZIKV"
"POLA2","Mock","ZIKV",11.157,4.35755,-1.35636,5e-05,"yes",0.000320686218678815,"Down_in_ZIKV"
"B3GNTL1","Mock","ZIKV",3.94546,1.54418,-1.35335,5e-05,"yes",0.000320686218678815,"Down_in_ZIKV"
"CDKN2C","Mock","ZIKV",6.63467,2.60034,-1.35133,5e-05,"yes",0.000320686218678815,"Down_in_ZIKV"
"SUZ12P1","Mock","ZIKV",27.4597,10.767,-1.3507,5e-05,"yes",0.000320686218678815,"Down_in_ZIKV"
"DNAI1","Mock","ZIKV",4.27431,1.67599,-1.35068,5e-05,"yes",0.000320686218678815,"Down_in_ZIKV"
"TRABD2B","Mock","ZIKV",1.5532,0.609365,-1.34986,5e-05,"yes",0.000320686218678815,"Down_in_ZIKV"
"TTC31","Mock","ZIKV",10.2527,4.03819,-1.34422,5e-05,"yes",0.000320686218678815,"Down_in_ZIKV"
"NUP62CL","Mock","ZIKV",4.38912,1.73332,-1.34039,5e-05,"yes",0.000320686218678815,"Down_in_ZIKV"
"PLEKHB1","Mock","ZIKV",3.52025,1.39041,-1.34017,5e-05,"yes",0.000320686218678815,"Down_in_ZIKV"
"SLC18A1","Mock","ZIKV",14.4419,5.70924,-1.33889,5e-05,"yes",0.000320686218678815,"Down_in_ZIKV"
"CAHM","Mock","ZIKV",4.99498,1.97965,-1.33524,5e-05,"yes",0.000320686218678815,"Down_in_ZIKV"
"SMIM11","Mock","ZIKV",10.6679,4.22808,-1.3352,5e-05,"yes",0.000320686218678815,"Down_in_ZIKV"
"IGFBP4","Mock","ZIKV",13.8159,5.49098,-1.33119,5e-05,"yes",0.000320686218678815,"Down_in_ZIKV"
"VWA1","Mock","ZIKV",4.46397,1.77588,-1.32979,5e-05,"yes",0.000320686218678815,"Down_in_ZIKV"
"GPC3","Mock","ZIKV",181.68,72.3287,-1.32876,5e-05,"yes",0.000320686218678815,"Down_in_ZIKV"
"TOP2A","Mock","ZIKV",90.5651,36.0761,-1.32791,5e-05,"yes",0.000320686218678815,"Down_in_ZIKV"
"USP43","Mock","ZIKV",4.42546,1.76302,-1.32777,5e-05,"yes",0.000320686218678815,"Down_in_ZIKV"
"DNA2","Mock","ZIKV",7.83487,3.12304,-1.32696,5e-05,"yes",0.000320686218678815,"Down_in_ZIKV"
"SNHG3","Mock","ZIKV",6.28345,2.50514,-1.32666,5e-05,"yes",0.000320686218678815,"Down_in_ZIKV"
"RMI2","Mock","ZIKV",15.5622,6.20946,-1.3255,5e-05,"yes",0.000320686218678815,"Down_in_ZIKV"
"SIRPA","Mock","ZIKV",2.97538,1.18804,-1.32449,5e-05,"yes",0.000320686218678815,"Down_in_ZIKV"
"ZNF732","Mock","ZIKV",1.35273,0.541134,-1.32182,5e-05,"yes",0.000320686218678815,"Down_in_ZIKV"
"ATP5S","Mock","ZIKV",7.56457,3.02638,-1.32167,5e-05,"yes",0.000320686218678815,"Down_in_ZIKV"
"HCG18","Mock","ZIKV",9.04824,3.62454,-1.31984,5e-05,"yes",0.000320686218678815,"Down_in_ZIKV"
"ADAM11","Mock","ZIKV",2.53183,1.01529,-1.31829,5e-05,"yes",0.000320686218678815,"Down_in_ZIKV"
"LOC646903","Mock","ZIKV",4.41806,1.77333,-1.31695,5e-05,"yes",0.000320686218678815,"Down_in_ZIKV"
"C1orf106","Mock","ZIKV",6.26078,2.51774,-1.31421,5e-05,"yes",0.000320686218678815,"Down_in_ZIKV"
"AHSA2","Mock","ZIKV",26.1476,10.5201,-1.31353,5e-05,"yes",0.000320686218678815,"Down_in_ZIKV"
"CTSC","Mock","ZIKV",9.00863,3.625,-1.31333,5e-05,"yes",0.000320686218678815,"Down_in_ZIKV"
"EHHADH","Mock","ZIKV",1.03987,0.419351,-1.31017,5e-05,"yes",0.000320686218678815,"Down_in_ZIKV"
"GRIN2A","Mock","ZIKV",6.04508,2.44353,-1.30679,5e-05,"yes",0.000320686218678815,"Down_in_ZIKV"
"ILF3-AS1","Mock","ZIKV",10.6739,4.31579,-1.30639,5e-05,"yes",0.000320686218678815,"Down_in_ZIKV"
"OGG1","Mock","ZIKV",12.9112,5.22125,-1.30616,5e-05,"yes",0.000320686218678815,"Down_in_ZIKV"
"TCTA","Mock","ZIKV",7.06069,2.8562,-1.30571,5e-05,"yes",0.000320686218678815,"Down_in_ZIKV"
"RCCD1","Mock","ZIKV",3.54534,1.43578,-1.30409,5e-05,"yes",0.000320686218678815,"Down_in_ZIKV"
"CD9","Mock","ZIKV",3.45071,1.39768,-1.30386,5e-05,"yes",0.000320686218678815,"Down_in_ZIKV"
"NRBP2","Mock","ZIKV",33.0747,13.3988,-1.30362,5e-05,"yes",0.000320686218678815,"Down_in_ZIKV"
"KLHDC8A","Mock","ZIKV",56.8669,23.1005,-1.29966,5e-05,"yes",0.000320686218678815,"Down_in_ZIKV"
"MMRN1","Mock","ZIKV",28.1489,11.4363,-1.29946,5e-05,"yes",0.000320686218678815,"Down_in_ZIKV"
"MFNG","Mock","ZIKV",13.4981,5.49318,-1.29704,5e-05,"yes",0.000320686218678815,"Down_in_ZIKV"
"FLJ35282","Mock","ZIKV",4.99299,2.03335,-1.29604,5e-05,"yes",0.000320686218678815,"Down_in_ZIKV"
"PSMG4","Mock","ZIKV",8.17794,3.33132,-1.29564,5e-05,"yes",0.000320686218678815,"Down_in_ZIKV"
"PIEZO2","Mock","ZIKV",1.72322,0.701977,-1.29561,5e-05,"yes",0.000320686218678815,"Down_in_ZIKV"
"CDC45","Mock","ZIKV",13.9584,5.6873,-1.29532,5e-05,"yes",0.000320686218678815,"Down_in_ZIKV"
"DKFZP434I0714","Mock","ZIKV",2.91511,1.18814,-1.29484,5e-05,"yes",0.000320686218678815,"Down_in_ZIKV"
"SMC2","Mock","ZIKV",12.644,5.15738,-1.29374,5e-05,"yes",0.000320686218678815,"Down_in_ZIKV"
"SPRYD4","Mock","ZIKV",2.59759,1.06039,-1.29257,5e-05,"yes",0.000320686218678815,"Down_in_ZIKV"
"TIMELESS","Mock","ZIKV",34.4657,14.0795,-1.29157,5e-05,"yes",0.000320686218678815,"Down_in_ZIKV"
"HILPDA","Mock","ZIKV",15.2973,6.24997,-1.29136,5e-05,"yes",0.000320686218678815,"Down_in_ZIKV"
"RFC3","Mock","ZIKV",13.1073,5.35879,-1.29039,5e-05,"yes",0.000320686218678815,"Down_in_ZIKV"
"C8orf46","Mock","ZIKV",11.5686,4.72983,-1.29036,5e-05,"yes",0.000320686218678815,"Down_in_ZIKV"
"QTRT1","Mock","ZIKV",21.1598,8.65483,-1.28975,5e-05,"yes",0.000320686218678815,"Down_in_ZIKV"
"ARMC4","Mock","ZIKV",1.44209,0.589865,-1.2897,5e-05,"yes",0.000320686218678815,"Down_in_ZIKV"
"FANCL","Mock","ZIKV",29.4916,12.0635,-1.28966,5e-05,"yes",0.000320686218678815,"Down_in_ZIKV"
"GMNN","Mock","ZIKV",27.7379,11.3584,-1.2881,5e-05,"yes",0.000320686218678815,"Down_in_ZIKV"
"ESPL1","Mock","ZIKV",9.45665,3.87495,-1.28715,5e-05,"yes",0.000320686218678815,"Down_in_ZIKV"
"CENPN","Mock","ZIKV",13.9246,5.71082,-1.28587,5e-05,"yes",0.000320686218678815,"Down_in_ZIKV"
"GINS1","Mock","ZIKV",14.3153,5.87109,-1.28586,5e-05,"yes",0.000320686218678815,"Down_in_ZIKV"
"CCBL1","Mock","ZIKV",7.81406,3.2051,-1.2857,5e-05,"yes",0.000320686218678815,"Down_in_ZIKV"
"SH2D5","Mock","ZIKV",1.97145,0.808943,-1.28515,5e-05,"yes",0.000320686218678815,"Down_in_ZIKV"
"DLL3","Mock","ZIKV",96.1273,39.4722,-1.28411,5e-05,"yes",0.000320686218678815,"Down_in_ZIKV"
"SLC9A3","Mock","ZIKV",2.60801,1.07113,-1.28381,5e-05,"yes",0.000320686218678815,"Down_in_ZIKV"
"DPM3","Mock","ZIKV",45.0623,18.5117,-1.28349,5e-05,"yes",0.000320686218678815,"Down_in_ZIKV"
"BOK","Mock","ZIKV",3.69955,1.5206,-1.28271,5e-05,"yes",0.000320686218678815,"Down_in_ZIKV"
"IL13RA1","Mock","ZIKV",4.01183,1.65241,-1.27969,5e-05,"yes",0.000320686218678815,"Down_in_ZIKV"
"LOC100131434","Mock","ZIKV",3.62773,1.4967,-1.27728,5e-05,"yes",0.000320686218678815,"Down_in_ZIKV"
"PNMA3","Mock","ZIKV",4.08809,1.68874,-1.27548,5e-05,"yes",0.000320686218678815,"Down_in_ZIKV"
"IFI27L1","Mock","ZIKV",16.3793,6.77078,-1.27448,5e-05,"yes",0.000320686218678815,"Down_in_ZIKV"
"ALDH1A1","Mock","ZIKV",1.62884,0.673515,-1.27406,5e-05,"yes",0.000320686218678815,"Down_in_ZIKV"
"CHRNB4","Mock","ZIKV",22.5705,9.35682,-1.27035,5e-05,"yes",0.000320686218678815,"Down_in_ZIKV"
"CPXM1","Mock","ZIKV",40.1174,16.6352,-1.26999,5e-05,"yes",0.000320686218678815,"Down_in_ZIKV"
"KIF20A","Mock","ZIKV",20.4341,8.48208,-1.26849,5e-05,"yes",0.000320686218678815,"Down_in_ZIKV"
"AIF1L","Mock","ZIKV",36.5615,15.2063,-1.26566,5e-05,"yes",0.000320686218678815,"Down_in_ZIKV"
"MGC45800","Mock","ZIKV",2.36966,0.985954,-1.26509,5e-05,"yes",0.000320686218678815,"Down_in_ZIKV"
"PSRC1","Mock","ZIKV",27.9852,11.6529,-1.26398,5e-05,"yes",0.000320686218678815,"Down_in_ZIKV"
"TMEM48","Mock","ZIKV",16.1024,6.70737,-1.26346,5e-05,"yes",0.000320686218678815,"Down_in_ZIKV"
"FAM107A","Mock","ZIKV",3.78685,1.57753,-1.26333,5e-05,"yes",0.000320686218678815,"Down_in_ZIKV"
"HSD17B8","Mock","ZIKV",7.71744,3.21656,-1.2626,5e-05,"yes",0.000320686218678815,"Down_in_ZIKV"
"EFCAB12","Mock","ZIKV",2.34074,0.97637,-1.26147,5e-05,"yes",0.000320686218678815,"Down_in_ZIKV"
"DARS2","Mock","ZIKV",9.84236,4.1147,-1.25822,5e-05,"yes",0.000320686218678815,"Down_in_ZIKV"
"SLC4A4","Mock","ZIKV",1.8992,0.794633,-1.25703,5e-05,"yes",0.000320686218678815,"Down_in_ZIKV"
"GTSE1","Mock","ZIKV",17.3506,7.25993,-1.25696,5e-05,"yes",0.000320686218678815,"Down_in_ZIKV"
"PAQR4","Mock","ZIKV",16.3454,6.84022,-1.25677,5e-05,"yes",0.000320686218678815,"Down_in_ZIKV"
"TIE1","Mock","ZIKV",1.07418,0.449923,-1.25549,5e-05,"yes",0.000320686218678815,"Down_in_ZIKV"
"C10orf32","Mock","ZIKV",12.4642,5.22113,-1.25536,5e-05,"yes",0.000320686218678815,"Down_in_ZIKV"
"TRIM74","Mock","ZIKV",2.80922,1.17688,-1.2552,5e-05,"yes",0.000320686218678815,"Down_in_ZIKV"
"SDC4","Mock","ZIKV",2.21793,0.930706,-1.25282,5e-05,"yes",0.000320686218678815,"Down_in_ZIKV"
"TTLL6","Mock","ZIKV",1.39502,0.586055,-1.25117,5e-05,"yes",0.000320686218678815,"Down_in_ZIKV"
"POLD3","Mock","ZIKV",13.5353,5.70749,-1.2458,5e-05,"yes",0.000320686218678815,"Down_in_ZIKV"
"ZNF589","Mock","ZIKV",11.1425,4.6987,-1.24574,5e-05,"yes",0.000320686218678815,"Down_in_ZIKV"
"ARMC3","Mock","ZIKV",1.9409,0.818868,-1.24502,5e-05,"yes",0.000320686218678815,"Down_in_ZIKV"
"EMID1","Mock","ZIKV",4.63012,1.95386,-1.24472,5e-05,"yes",0.000320686218678815,"Down_in_ZIKV"
"C5orf55","Mock","ZIKV",3.053,1.28859,-1.24444,5e-05,"yes",0.000320686218678815,"Down_in_ZIKV"
"TMEM109","Mock","ZIKV",13.9466,5.88754,-1.24418,5e-05,"yes",0.000320686218678815,"Down_in_ZIKV"
"TK1","Mock","ZIKV",15.6617,6.61271,-1.24393,5e-05,"yes",0.000320686218678815,"Down_in_ZIKV"
"DGCR9","Mock","ZIKV",2.62935,1.11031,-1.24375,5e-05,"yes",0.000320686218678815,"Down_in_ZIKV"
"GRAMD1C","Mock","ZIKV",2.11928,0.895657,-1.24256,5e-05,"yes",0.000320686218678815,"Down_in_ZIKV"
"TYMS","Mock","ZIKV",59.481,25.1547,-1.2416,5e-05,"yes",0.000320686218678815,"Down_in_ZIKV"
"KDM8","Mock","ZIKV",2.4543,1.03809,-1.24138,5e-05,"yes",0.000320686218678815,"Down_in_ZIKV"
"EGR1","Mock","ZIKV",616.45,261.459,-1.2374,5e-05,"yes",0.000320686218678815,"Down_in_ZIKV"
"LOC730101","Mock","ZIKV",12.9644,5.50236,-1.23643,5e-05,"yes",0.000320686218678815,"Down_in_ZIKV"
"DEPDC1B","Mock","ZIKV",19.265,8.18518,-1.2349,5e-05,"yes",0.000320686218678815,"Down_in_ZIKV"
"PPIF","Mock","ZIKV",14.5118,6.17052,-1.23376,5e-05,"yes",0.000320686218678815,"Down_in_ZIKV"
"LOXL2","Mock","ZIKV",17.5678,7.4706,-1.23364,5e-05,"yes",0.000320686218678815,"Down_in_ZIKV"
"ENOSF1","Mock","ZIKV",16.1599,6.87772,-1.23242,5e-05,"yes",0.000320686218678815,"Down_in_ZIKV"
"CENPF","Mock","ZIKV",48.4378,20.62,-1.23209,5e-05,"yes",0.000320686218678815,"Down_in_ZIKV"
"ZNF488","Mock","ZIKV",1.5685,0.667788,-1.23193,5e-05,"yes",0.000320686218678815,"Down_in_ZIKV"
"RCC1","Mock","ZIKV",16.4009,6.98403,-1.23164,5e-05,"yes",0.000320686218678815,"Down_in_ZIKV"
"C1orf228","Mock","ZIKV",3.79599,1.61703,-1.23113,5e-05,"yes",0.000320686218678815,"Down_in_ZIKV"
"ENTPD1","Mock","ZIKV",4.13881,1.76306,-1.23113,5e-05,"yes",0.000320686218678815,"Down_in_ZIKV"
"AKT2","Mock","ZIKV",25.5282,10.8981,-1.22801,5e-05,"yes",0.000320686218678815,"Down_in_ZIKV"
"DPY19L2P2","Mock","ZIKV",3.57975,1.52863,-1.22762,5e-05,"yes",0.000320686218678815,"Down_in_ZIKV"
"FAHD2A","Mock","ZIKV",12.6297,5.39647,-1.22673,5e-05,"yes",0.000320686218678815,"Down_in_ZIKV"
"PKMYT1","Mock","ZIKV",13.6394,5.83124,-1.2259,5e-05,"yes",0.000320686218678815,"Down_in_ZIKV"
"LOC440288","Mock","ZIKV",3.79171,1.62393,-1.22336,5e-05,"yes",0.000320686218678815,"Down_in_ZIKV"
"MAMDC4","Mock","ZIKV",6.94363,2.97406,-1.22326,5e-05,"yes",0.000320686218678815,"Down_in_ZIKV"
"ZNF587B","Mock","ZIKV",2.7654,1.18691,-1.22028,5e-05,"yes",0.000320686218678815,"Down_in_ZIKV"
"TUBB1","Mock","ZIKV",1.22902,0.529232,-1.21554,5e-05,"yes",0.000320686218678815,"Down_in_ZIKV"
"CTSF","Mock","ZIKV",15.5639,6.7037,-1.21517,5e-05,"yes",0.000320686218678815,"Down_in_ZIKV"
"MMP23B","Mock","ZIKV",3.6239,1.56116,-1.21493,5e-05,"yes",0.000320686218678815,"Down_in_ZIKV"
"MYL9","Mock","ZIKV",12.7265,5.48355,-1.21465,5e-05,"yes",0.000320686218678815,"Down_in_ZIKV"
"SCRN2","Mock","ZIKV",12.225,5.26852,-1.21436,5e-05,"yes",0.000320686218678815,"Down_in_ZIKV"
"ORC1","Mock","ZIKV",7.13011,3.07634,-1.21271,5e-05,"yes",0.000320686218678815,"Down_in_ZIKV"
"CDK1","Mock","ZIKV",55.6045,23.9927,-1.2126,5e-05,"yes",0.000320686218678815,"Down_in_ZIKV"
"GSTZ1","Mock","ZIKV",9.29256,4.01154,-1.21192,5e-05,"yes",0.000320686218678815,"Down_in_ZIKV"
"CD58","Mock","ZIKV",3.76849,1.6273,-1.21151,5e-05,"yes",0.000320686218678815,"Down_in_ZIKV"
"TMEM218","Mock","ZIKV",7.37404,3.18424,-1.21151,5e-05,"yes",0.000320686218678815,"Down_in_ZIKV"
"FANK1","Mock","ZIKV",5.43904,2.35307,-1.20881,5e-05,"yes",0.000320686218678815,"Down_in_ZIKV"
"CHAF1B","Mock","ZIKV",10.2515,4.44311,-1.20619,5e-05,"yes",0.000320686218678815,"Down_in_ZIKV"
"CHRNA5","Mock","ZIKV",7.71101,3.34208,-1.20618,5e-05,"yes",0.000320686218678815,"Down_in_ZIKV"
"LOC155060","Mock","ZIKV",1.97545,0.856628,-1.20544,5e-05,"yes",0.000320686218678815,"Down_in_ZIKV"
"PLD2","Mock","ZIKV",4.93516,2.14108,-1.20476,5e-05,"yes",0.000320686218678815,"Down_in_ZIKV"
"SSPO","Mock","ZIKV",2.40571,1.04687,-1.20037,5e-05,"yes",0.000320686218678815,"Down_in_ZIKV"
"AURKA","Mock","ZIKV",13.3004,5.79773,-1.19791,5e-05,"yes",0.000320686218678815,"Down_in_ZIKV"
"FAM66C","Mock","ZIKV",1.73186,0.755727,-1.19639,5e-05,"yes",0.000320686218678815,"Down_in_ZIKV"
"TRIL","Mock","ZIKV",6.14785,2.68658,-1.19431,5e-05,"yes",0.000320686218678815,"Down_in_ZIKV"
"EPHX2","Mock","ZIKV",5.89743,2.57895,-1.19331,5e-05,"yes",0.000320686218678815,"Down_in_ZIKV"
"CSRP2","Mock","ZIKV",107.622,47.0757,-1.19292,5e-05,"yes",0.000320686218678815,"Down_in_ZIKV"
"DNPH1","Mock","ZIKV",27.7906,12.1561,-1.19292,5e-05,"yes",0.000320686218678815,"Down_in_ZIKV"
"TRDMT1","Mock","ZIKV",4.24427,1.85747,-1.19218,5e-05,"yes",0.000320686218678815,"Down_in_ZIKV"
"TAGLN","Mock","ZIKV",59.0826,25.8724,-1.19132,5e-05,"yes",0.000320686218678815,"Down_in_ZIKV"
"ZWINT","Mock","ZIKV",35.043,15.3455,-1.19131,5e-05,"yes",0.000320686218678815,"Down_in_ZIKV"
"CHRAC1","Mock","ZIKV",8.76683,3.84772,-1.18805,5e-05,"yes",0.000320686218678815,"Down_in_ZIKV"
"TCHP","Mock","ZIKV",9.76041,4.28541,-1.18751,5e-05,"yes",0.000320686218678815,"Down_in_ZIKV"
"RBBP7","Mock","ZIKV",61.6993,27.0898,-1.1875,5e-05,"yes",0.000320686218678815,"Down_in_ZIKV"
"CDH20","Mock","ZIKV",37.1137,16.3031,-1.1868,5e-05,"yes",0.000320686218678815,"Down_in_ZIKV"
"ANXA11","Mock","ZIKV",2.2468,0.990636,-1.18145,5e-05,"yes",0.000320686218678815,"Down_in_ZIKV"
"TMPRSS5","Mock","ZIKV",2.08404,0.919604,-1.1803,5e-05,"yes",0.000320686218678815,"Down_in_ZIKV"
"GPD2","Mock","ZIKV",1.43223,0.632141,-1.17995,5e-05,"yes",0.000320686218678815,"Down_in_ZIKV"
"SNHG10","Mock","ZIKV",6.26131,2.7636,-1.17991,5e-05,"yes",0.000320686218678815,"Down_in_ZIKV"
"PRR11","Mock","ZIKV",13.1837,5.81984,-1.1797,5e-05,"yes",0.000320686218678815,"Down_in_ZIKV"
"WNT7B","Mock","ZIKV",103.534,45.7136,-1.17941,5e-05,"yes",0.000320686218678815,"Down_in_ZIKV"
"NUDT13","Mock","ZIKV",1.89449,0.836549,-1.17929,5e-05,"yes",0.000320686218678815,"Down_in_ZIKV"
"SFXN5","Mock","ZIKV",5.56782,2.45917,-1.17894,5e-05,"yes",0.000320686218678815,"Down_in_ZIKV"
"GJA1","Mock","ZIKV",42.4466,18.7478,-1.17893,5e-05,"yes",0.000320686218678815,"Down_in_ZIKV"
"C1GALT1C1","Mock","ZIKV",9.72633,4.29678,-1.17864,5e-05,"yes",0.000320686218678815,"Down_in_ZIKV"
"KEL","Mock","ZIKV",2.55719,1.13019,-1.178,5e-05,"yes",0.000320686218678815,"Down_in_ZIKV"
"KIF18B","Mock","ZIKV",12.1193,5.36124,-1.17666,5e-05,"yes",0.000320686218678815,"Down_in_ZIKV"
"ERVK13-1","Mock","ZIKV",4.3039,1.90489,-1.17594,5e-05,"yes",0.000320686218678815,"Down_in_ZIKV"
"C2CD4C","Mock","ZIKV",12.8128,5.67142,-1.17581,5e-05,"yes",0.000320686218678815,"Down_in_ZIKV"
"DHRS11","Mock","ZIKV",8.06451,3.57479,-1.17373,5e-05,"yes",0.000320686218678815,"Down_in_ZIKV"
"ASPM","Mock","ZIKV",15.8065,7.01433,-1.17214,5e-05,"yes",0.000320686218678815,"Down_in_ZIKV"
"HELLS","Mock","ZIKV",11.9011,5.29201,-1.16921,5e-05,"yes",0.000320686218678815,"Down_in_ZIKV"
"MYBL2","Mock","ZIKV",29.9232,13.3083,-1.16894,5e-05,"yes",0.000320686218678815,"Down_in_ZIKV"
"CCDC18","Mock","ZIKV",5.09029,2.26418,-1.16876,5e-05,"yes",0.000320686218678815,"Down_in_ZIKV"
"CA14","Mock","ZIKV",5.69219,2.53268,-1.16832,5e-05,"yes",0.000320686218678815,"Down_in_ZIKV"
"FGFBP3","Mock","ZIKV",204.952,91.3048,-1.16652,5e-05,"yes",0.000320686218678815,"Down_in_ZIKV"
"PDDC1","Mock","ZIKV",23.6873,10.5554,-1.16613,5e-05,"yes",0.000320686218678815,"Down_in_ZIKV"
"DBF4B","Mock","ZIKV",9.09986,4.0573,-1.16533,5e-05,"yes",0.000320686218678815,"Down_in_ZIKV"
"PFN2","Mock","ZIKV",223.66,99.7904,-1.16433,5e-05,"yes",0.000320686218678815,"Down_in_ZIKV"
"E2F8","Mock","ZIKV",2.30044,1.02727,-1.16309,5e-05,"yes",0.000320686218678815,"Down_in_ZIKV"
"EMP2","Mock","ZIKV",7.83037,3.49683,-1.16303,5e-05,"yes",0.000320686218678815,"Down_in_ZIKV"
"H2AFX","Mock","ZIKV",121.683,54.3662,-1.16234,5e-05,"yes",0.000320686218678815,"Down_in_ZIKV"
"TK2","Mock","ZIKV",4.27868,1.9124,-1.16178,5e-05,"yes",0.000320686218678815,"Down_in_ZIKV"
"B3GAT3","Mock","ZIKV",24.6687,11.0361,-1.16045,5e-05,"yes",0.000320686218678815,"Down_in_ZIKV"
"FOXM1","Mock","ZIKV",24.8844,11.1391,-1.15962,5e-05,"yes",0.000320686218678815,"Down_in_ZIKV"
"TSEN2","Mock","ZIKV",8.28943,3.72226,-1.1551,5e-05,"yes",0.000320686218678815,"Down_in_ZIKV"
"TKTL1","Mock","ZIKV",7.83277,3.52295,-1.15274,5e-05,"yes",0.000320686218678815,"Down_in_ZIKV"
"CYP27C1","Mock","ZIKV",2.22814,1.00289,-1.15167,5e-05,"yes",0.000320686218678815,"Down_in_ZIKV"
"LUC7L3","Mock","ZIKV",148.784,67.1344,-1.1481,5e-05,"yes",0.000320686218678815,"Down_in_ZIKV"
"HMGN2","Mock","ZIKV",371.216,167.523,-1.1479,5e-05,"yes",0.000320686218678815,"Down_in_ZIKV"
"LYPD6","Mock","ZIKV",3.27689,1.47913,-1.14758,5e-05,"yes",0.000320686218678815,"Down_in_ZIKV"
"FHAD1","Mock","ZIKV",1.99733,0.901914,-1.14701,5e-05,"yes",0.000320686218678815,"Down_in_ZIKV"
"MEGF6","Mock","ZIKV",12.5302,5.65887,-1.14683,5e-05,"yes",0.000320686218678815,"Down_in_ZIKV"
"GCDH","Mock","ZIKV",6.93761,3.13351,-1.14666,5e-05,"yes",0.000320686218678815,"Down_in_ZIKV"
"BTBD19","Mock","ZIKV",3.1296,1.41396,-1.14624,5e-05,"yes",0.000320686218678815,"Down_in_ZIKV"
"TMEM168","Mock","ZIKV",11.3048,5.10939,-1.14571,5e-05,"yes",0.000320686218678815,"Down_in_ZIKV"
"TRAF5","Mock","ZIKV",2.6353,1.19145,-1.14525,5e-05,"yes",0.000320686218678815,"Down_in_ZIKV"
"POLE2","Mock","ZIKV",6.93771,3.13671,-1.14521,5e-05,"yes",0.000320686218678815,"Down_in_ZIKV"
"DANCR","Mock","ZIKV",48.098,21.7476,-1.14512,5e-05,"yes",0.000320686218678815,"Down_in_ZIKV"
"ANLN","Mock","ZIKV",13.6141,6.16524,-1.14288,5e-05,"yes",0.000320686218678815,"Down_in_ZIKV"
"NUDT1","Mock","ZIKV",26.4488,11.9818,-1.14236,5e-05,"yes",0.000320686218678815,"Down_in_ZIKV"
"CHAF1A","Mock","ZIKV",17.1645,7.77785,-1.14199,5e-05,"yes",0.000320686218678815,"Down_in_ZIKV"
"PXMP2","Mock","ZIKV",18.4842,8.40631,-1.13675,5e-05,"yes",0.000320686218678815,"Down_in_ZIKV"
"H19","Mock","ZIKV",9.14327,4.15957,-1.13628,5e-05,"yes",0.000320686218678815,"Down_in_ZIKV"
"WDHD1","Mock","ZIKV",8.18176,3.72347,-1.13576,5e-05,"yes",0.000320686218678815,"Down_in_ZIKV"
"LPL","Mock","ZIKV",5.37121,2.44634,-1.13462,5e-05,"yes",0.000320686218678815,"Down_in_ZIKV"
"ZNF605","Mock","ZIKV",8.38898,3.82453,-1.13321,5e-05,"yes",0.000320686218678815,"Down_in_ZIKV"
"MKI67","Mock","ZIKV",38.6335,17.6364,-1.1313,5e-05,"yes",0.000320686218678815,"Down_in_ZIKV"
"LEPROT","Mock","ZIKV",16.1611,7.37767,-1.13129,5e-05,"yes",0.000320686218678815,"Down_in_ZIKV"
"ZNF474","Mock","ZIKV",2.90032,1.32539,-1.1298,5e-05,"yes",0.000320686218678815,"Down_in_ZIKV"
"FZD2","Mock","ZIKV",30.0716,13.7614,-1.12777,5e-05,"yes",0.000320686218678815,"Down_in_ZIKV"
"FAM210B","Mock","ZIKV",20.9906,9.61049,-1.12706,5e-05,"yes",0.000320686218678815,"Down_in_ZIKV"
"LOC284581","Mock","ZIKV",6.36444,2.91606,-1.12601,5e-05,"yes",0.000320686218678815,"Down_in_ZIKV"
"TMEM107","Mock","ZIKV",12.5021,5.72881,-1.12586,5e-05,"yes",0.000320686218678815,"Down_in_ZIKV"
"EXOSC3","Mock","ZIKV",10.455,4.79434,-1.12479,5e-05,"yes",0.000320686218678815,"Down_in_ZIKV"
"PCNA","Mock","ZIKV",117.325,53.8122,-1.1245,5e-05,"yes",0.000320686218678815,"Down_in_ZIKV"
"ZRANB2","Mock","ZIKV",64.2961,29.4905,-1.12448,5e-05,"yes",0.000320686218678815,"Down_in_ZIKV"
"NES","Mock","ZIKV",172.014,79.0011,-1.12258,5e-05,"yes",0.000320686218678815,"Down_in_ZIKV"
"TMEM91","Mock","ZIKV",13.2869,6.10526,-1.12188,5e-05,"yes",0.000320686218678815,"Down_in_ZIKV"
"ADCY3","Mock","ZIKV",12.8572,5.90912,-1.12157,5e-05,"yes",0.000320686218678815,"Down_in_ZIKV"
"BRIP1","Mock","ZIKV",4.5931,2.11157,-1.12115,5e-05,"yes",0.000320686218678815,"Down_in_ZIKV"
"HMBS","Mock","ZIKV",13.1817,6.06162,-1.12076,5e-05,"yes",0.000320686218678815,"Down_in_ZIKV"
"CDC42EP2","Mock","ZIKV",4.21953,1.94044,-1.1207,5e-05,"yes",0.000320686218678815,"Down_in_ZIKV"
"LOC100507053","Mock","ZIKV",2.65462,1.22114,-1.12028,5e-05,"yes",0.000320686218678815,"Down_in_ZIKV"
"ZDHHC8P1","Mock","ZIKV",2.83317,1.30366,-1.11985,5e-05,"yes",0.000320686218678815,"Down_in_ZIKV"
"PLK4","Mock","ZIKV",11.6827,5.37718,-1.11944,5e-05,"yes",0.000320686218678815,"Down_in_ZIKV"
"HIBCH","Mock","ZIKV",12.0907,5.5722,-1.11758,5e-05,"yes",0.000320686218678815,"Down_in_ZIKV"
"MXD3","Mock","ZIKV",24.7019,11.3958,-1.11613,5e-05,"yes",0.000320686218678815,"Down_in_ZIKV"
"LOC400927","Mock","ZIKV",14.713,6.79743,-1.11403,5e-05,"yes",0.000320686218678815,"Down_in_ZIKV"
"TMEM17","Mock","ZIKV",3.29201,1.52164,-1.11335,5e-05,"yes",0.000320686218678815,"Down_in_ZIKV"
"NOL12","Mock","ZIKV",4.7445,2.19448,-1.11238,5e-05,"yes",0.000320686218678815,"Down_in_ZIKV"
"CDPF1","Mock","ZIKV",5.52977,2.55926,-1.11149,5e-05,"yes",0.000320686218678815,"Down_in_ZIKV"
"TMEM254","Mock","ZIKV",33.1019,15.3221,-1.11131,5e-05,"yes",0.000320686218678815,"Down_in_ZIKV"
"NDRG2","Mock","ZIKV",24.3792,11.286,-1.11112,5e-05,"yes",0.000320686218678815,"Down_in_ZIKV"
"ZNF781","Mock","ZIKV",2.38577,1.10465,-1.11087,5e-05,"yes",0.000320686218678815,"Down_in_ZIKV"
"FOS","Mock","ZIKV",770.023,356.613,-1.11054,5e-05,"yes",0.000320686218678815,"Down_in_ZIKV"
"CDC20","Mock","ZIKV",75.6677,35.0897,-1.10863,5e-05,"yes",0.000320686218678815,"Down_in_ZIKV"
"HMGN3","Mock","ZIKV",130.101,60.3344,-1.10858,5e-05,"yes",0.000320686218678815,"Down_in_ZIKV"
"TUBB4B","Mock","ZIKV",193.337,89.6756,-1.10833,5e-05,"yes",0.000320686218678815,"Down_in_ZIKV"
"CCNB2","Mock","ZIKV",59.0539,27.4097,-1.10735,5e-05,"yes",0.000320686218678815,"Down_in_ZIKV"
"NCAPD2","Mock","ZIKV",42.2072,19.6012,-1.10654,5e-05,"yes",0.000320686218678815,"Down_in_ZIKV"
"PTN","Mock","ZIKV",340.021,158.106,-1.10474,5e-05,"yes",0.000320686218678815,"Down_in_ZIKV"
"RNASEH2A","Mock","ZIKV",37.1538,17.2795,-1.10445,5e-05,"yes",0.000320686218678815,"Down_in_ZIKV"
"POP5","Mock","ZIKV",21.0213,9.78556,-1.10313,5e-05,"yes",0.000320686218678815,"Down_in_ZIKV"
"TROAP","Mock","ZIKV",24.4202,11.3767,-1.10199,5e-05,"yes",0.000320686218678815,"Down_in_ZIKV"
"DLL4","Mock","ZIKV",2.84379,1.32621,-1.10051,5e-05,"yes",0.000320686218678815,"Down_in_ZIKV"
"SRD5A3","Mock","ZIKV",1.81059,0.844729,-1.0999,5e-05,"yes",0.000320686218678815,"Down_in_ZIKV"
"ADAMTS8","Mock","ZIKV",1.03491,0.482846,-1.09988,5e-05,"yes",0.000320686218678815,"Down_in_ZIKV"
"TEX9","Mock","ZIKV",14.4897,6.76079,-1.09977,5e-05,"yes",0.000320686218678815,"Down_in_ZIKV"
"TPM1","Mock","ZIKV",77.4198,36.1421,-1.09902,5e-05,"yes",0.000320686218678815,"Down_in_ZIKV"
"LOC729683","Mock","ZIKV",5.17886,2.41782,-1.09893,5e-05,"yes",0.000320686218678815,"Down_in_ZIKV"
"EFEMP1","Mock","ZIKV",3.84499,1.79602,-1.09818,5e-05,"yes",0.000320686218678815,"Down_in_ZIKV"
"COBL","Mock","ZIKV",3.25255,1.51962,-1.09787,5e-05,"yes",0.000320686218678815,"Down_in_ZIKV"
"C5","Mock","ZIKV",2.86913,1.34123,-1.09706,5e-05,"yes",0.000320686218678815,"Down_in_ZIKV"
"CTGF","Mock","ZIKV",318.659,149.033,-1.09638,5e-05,"yes",0.000320686218678815,"Down_in_ZIKV"
"PRSS23","Mock","ZIKV",75.5884,35.3892,-1.09485,5e-05,"yes",0.000320686218678815,"Down_in_ZIKV"
"CASC5","Mock","ZIKV",6.74773,3.16122,-1.09392,5e-05,"yes",0.000320686218678815,"Down_in_ZIKV"
"TTC14","Mock","ZIKV",24.7165,11.5823,-1.09355,5e-05,"yes",0.000320686218678815,"Down_in_ZIKV"
"LY6E","Mock","ZIKV",13.4329,6.29657,-1.09313,5e-05,"yes",0.000320686218678815,"Down_in_ZIKV"
"KAT2A","Mock","ZIKV",21.9143,10.2807,-1.09193,5e-05,"yes",0.000320686218678815,"Down_in_ZIKV"
"LOC100506123","Mock","ZIKV",7.55615,3.5486,-1.0904,5e-05,"yes",0.000320686218678815,"Down_in_ZIKV"
"IFT81","Mock","ZIKV",40.4733,19.0284,-1.08882,5e-05,"yes",0.000320686218678815,"Down_in_ZIKV"
"JRK","Mock","ZIKV",9.07228,4.26673,-1.08833,5e-05,"yes",0.000320686218678815,"Down_in_ZIKV"
"PBK","Mock","ZIKV",26.6053,12.5322,-1.08607,5e-05,"yes",0.000320686218678815,"Down_in_ZIKV"
"FOXN4","Mock","ZIKV",5.31267,2.50288,-1.08584,5e-05,"yes",0.000320686218678815,"Down_in_ZIKV"
"DCAF16","Mock","ZIKV",18.0094,8.49112,-1.08472,5e-05,"yes",0.000320686218678815,"Down_in_ZIKV"
"EXTL2","Mock","ZIKV",48.3411,22.7952,-1.08452,5e-05,"yes",0.000320686218678815,"Down_in_ZIKV"
"MLF1IP","Mock","ZIKV",24.1568,11.3958,-1.08392,5e-05,"yes",0.000320686218678815,"Down_in_ZIKV"
"EGR2","Mock","ZIKV",18.535,8.75263,-1.08246,5e-05,"yes",0.000320686218678815,"Down_in_ZIKV"
"PACSIN3","Mock","ZIKV",4.66114,2.20213,-1.08178,5e-05,"yes",0.000320686218678815,"Down_in_ZIKV"
"PAICS","Mock","ZIKV",104.068,49.2487,-1.07937,5e-05,"yes",0.000320686218678815,"Down_in_ZIKV"
"C4orf3","Mock","ZIKV",24.1919,11.4503,-1.07914,5e-05,"yes",0.000320686218678815,"Down_in_ZIKV"
"CENPH","Mock","ZIKV",40.8143,19.3194,-1.07902,5e-05,"yes",0.000320686218678815,"Down_in_ZIKV"
"ASIC1","Mock","ZIKV",11.6373,5.50977,-1.0787,5e-05,"yes",0.000320686218678815,"Down_in_ZIKV"
"SSTR2","Mock","ZIKV",8.69994,4.12193,-1.07768,5e-05,"yes",0.000320686218678815,"Down_in_ZIKV"
"UBE2C","Mock","ZIKV",95.1669,45.0956,-1.07747,5e-05,"yes",0.000320686218678815,"Down_in_ZIKV"
"MOGS","Mock","ZIKV",22.1114,10.4829,-1.07675,5e-05,"yes",0.000320686218678815,"Down_in_ZIKV"
"CLN6","Mock","ZIKV",13.6259,6.46456,-1.07573,5e-05,"yes",0.000320686218678815,"Down_in_ZIKV"
"RGS5","Mock","ZIKV",6.47985,3.07568,-1.07505,5e-05,"yes",0.000320686218678815,"Down_in_ZIKV"
"GEN1","Mock","ZIKV",7.68777,3.65264,-1.07363,5e-05,"yes",0.000320686218678815,"Down_in_ZIKV"
"NME4","Mock","ZIKV",140.655,66.8436,-1.0733,5e-05,"yes",0.000320686218678815,"Down_in_ZIKV"
"DEPDC1","Mock","ZIKV",6.39212,3.03985,-1.0723,5e-05,"yes",0.000320686218678815,"Down_in_ZIKV"
"CREG1","Mock","ZIKV",9.11771,4.33658,-1.07212,5e-05,"yes",0.000320686218678815,"Down_in_ZIKV"
"MTAP","Mock","ZIKV",6.62622,3.15177,-1.07202,5e-05,"yes",0.000320686218678815,"Down_in_ZIKV"
"CD82","Mock","ZIKV",17.4792,8.31978,-1.07102,5e-05,"yes",0.000320686218678815,"Down_in_ZIKV"
"TSPAN19","Mock","ZIKV",5.98767,2.85022,-1.07092,5e-05,"yes",0.000320686218678815,"Down_in_ZIKV"
"AMT","Mock","ZIKV",5.81453,2.76786,-1.07089,5e-05,"yes",0.000320686218678815,"Down_in_ZIKV"
"SKA3","Mock","ZIKV",7.0218,3.34461,-1.07,5e-05,"yes",0.000320686218678815,"Down_in_ZIKV"
"IGFBP5","Mock","ZIKV",3.74332,1.78578,-1.06777,5e-05,"yes",0.000320686218678815,"Down_in_ZIKV"
"FAM64A","Mock","ZIKV",37.1955,17.7492,-1.06738,5e-05,"yes",0.000320686218678815,"Down_in_ZIKV"
"UBXN8","Mock","ZIKV",4.02126,1.9194,-1.06699,5e-05,"yes",0.000320686218678815,"Down_in_ZIKV"
"PBXIP1","Mock","ZIKV",23.5463,11.2422,-1.06658,5e-05,"yes",0.000320686218678815,"Down_in_ZIKV"
"KIF4A","Mock","ZIKV",17.6742,8.4415,-1.06608,5e-05,"yes",0.000320686218678815,"Down_in_ZIKV"
"CCDC80","Mock","ZIKV",1.72518,0.825017,-1.06425,5e-05,"yes",0.000320686218678815,"Down_in_ZIKV"
"SMOC1","Mock","ZIKV",7.46321,3.56917,-1.06421,5e-05,"yes",0.000320686218678815,"Down_in_ZIKV"
"LOC100131564","Mock","ZIKV",7.8222,3.74179,-1.06384,5e-05,"yes",0.000320686218678815,"Down_in_ZIKV"
"MIR210HG","Mock","ZIKV",2.14886,1.02847,-1.06308,5e-05,"yes",0.000320686218678815,"Down_in_ZIKV"
"PPCDC","Mock","ZIKV",1.76713,0.846039,-1.06261,5e-05,"yes",0.000320686218678815,"Down_in_ZIKV"
"C17orf53","Mock","ZIKV",3.7802,1.81008,-1.06241,5e-05,"yes",0.000320686218678815,"Down_in_ZIKV"
"ADCY6","Mock","ZIKV",23.702,11.358,-1.06129,5e-05,"yes",0.000320686218678815,"Down_in_ZIKV"
"TUBA1B","Mock","ZIKV",671.683,321.95,-1.06094,5e-05,"yes",0.000320686218678815,"Down_in_ZIKV"
"ARSA","Mock","ZIKV",5.06977,2.43073,-1.06053,5e-05,"yes",0.000320686218678815,"Down_in_ZIKV"
"KLHDC9","Mock","ZIKV",7.87249,3.77685,-1.05964,5e-05,"yes",0.000320686218678815,"Down_in_ZIKV"
"TMED1","Mock","ZIKV",16.8843,8.10321,-1.05912,5e-05,"yes",0.000320686218678815,"Down_in_ZIKV"
"LOC338799","Mock","ZIKV",15.2015,7.30265,-1.05772,5e-05,"yes",0.000320686218678815,"Down_in_ZIKV"
"MURC","Mock","ZIKV",9.21208,4.42553,-1.05768,5e-05,"yes",0.000320686218678815,"Down_in_ZIKV"
"CKLF","Mock","ZIKV",11.4436,5.49796,-1.05757,5e-05,"yes",0.000320686218678815,"Down_in_ZIKV"
"MZF1","Mock","ZIKV",20.3329,9.76993,-1.0574,5e-05,"yes",0.000320686218678815,"Down_in_ZIKV"
"CKS1B","Mock","ZIKV",100.207,48.1523,-1.0573,5e-05,"yes",0.000320686218678815,"Down_in_ZIKV"
"CSGALNACT1","Mock","ZIKV",5.65008,2.71591,-1.05684,5e-05,"yes",0.000320686218678815,"Down_in_ZIKV"
"LRRC8A","Mock","ZIKV",23.0242,11.0755,-1.05578,5e-05,"yes",0.000320686218678815,"Down_in_ZIKV"
"PDLIM1","Mock","ZIKV",4.93366,2.37387,-1.05542,5e-05,"yes",0.000320686218678815,"Down_in_ZIKV"
"HEPH","Mock","ZIKV",11.0181,5.302,-1.05526,5e-05,"yes",0.000320686218678815,"Down_in_ZIKV"
"NSMCE4A","Mock","ZIKV",30.0772,14.4764,-1.05497,5e-05,"yes",0.000320686218678815,"Down_in_ZIKV"
"LOC100505876","Mock","ZIKV",13.597,6.55195,-1.05329,5e-05,"yes",0.000320686218678815,"Down_in_ZIKV"
"FANCI","Mock","ZIKV",23.4415,11.305,-1.05211,5e-05,"yes",0.000320686218678815,"Down_in_ZIKV"
"SRSF5","Mock","ZIKV",240.564,116.025,-1.05198,5e-05,"yes",0.000320686218678815,"Down_in_ZIKV"
"CHRDL1","Mock","ZIKV",3.21054,1.54941,-1.05109,5e-05,"yes",0.000320686218678815,"Down_in_ZIKV"
"E2F3","Mock","ZIKV",9.06759,4.37673,-1.05086,5e-05,"yes",0.000320686218678815,"Down_in_ZIKV"
"PGBD2","Mock","ZIKV",3.4837,1.68215,-1.05032,5e-05,"yes",0.000320686218678815,"Down_in_ZIKV"
"CCDC14","Mock","ZIKV",58.793,28.3966,-1.04992,5e-05,"yes",0.000320686218678815,"Down_in_ZIKV"
"TICRR","Mock","ZIKV",5.33835,2.57887,-1.04966,5e-05,"yes",0.000320686218678815,"Down_in_ZIKV"
"AMDHD2","Mock","ZIKV",5.51021,2.66336,-1.04886,5e-05,"yes",0.000320686218678815,"Down_in_ZIKV"
"ARV1","Mock","ZIKV",11.0852,5.35823,-1.04881,5e-05,"yes",0.000320686218678815,"Down_in_ZIKV"
"KIF23","Mock","ZIKV",16.9531,8.19495,-1.04874,5e-05,"yes",0.000320686218678815,"Down_in_ZIKV"
"RRM1","Mock","ZIKV",46.8632,22.6551,-1.04862,5e-05,"yes",0.000320686218678815,"Down_in_ZIKV"
"C18orf54","Mock","ZIKV",6.9304,3.35625,-1.04609,5e-05,"yes",0.000320686218678815,"Down_in_ZIKV"
"RBL1","Mock","ZIKV",4.03641,1.95725,-1.04424,5e-05,"yes",0.000320686218678815,"Down_in_ZIKV"
"CASP6","Mock","ZIKV",6.91115,3.3544,-1.04287,5e-05,"yes",0.000320686218678815,"Down_in_ZIKV"
"RBM12","Mock","ZIKV",31.5387,15.308,-1.04283,5e-05,"yes",0.000320686218678815,"Down_in_ZIKV"
"KIF15","Mock","ZIKV",15.4846,7.51703,-1.0426,5e-05,"yes",0.000320686218678815,"Down_in_ZIKV"
"GFRA1","Mock","ZIKV",29.3986,14.272,-1.04256,5e-05,"yes",0.000320686218678815,"Down_in_ZIKV"
"ADAMTS15","Mock","ZIKV",3.31198,1.61125,-1.03952,5e-05,"yes",0.000320686218678815,"Down_in_ZIKV"
"CENPA","Mock","ZIKV",11.6756,5.69242,-1.03638,5e-05,"yes",0.000320686218678815,"Down_in_ZIKV"
"PARPBP","Mock","ZIKV",4.0855,1.99502,-1.03411,5e-05,"yes",0.000320686218678815,"Down_in_ZIKV"
"LOC202781","Mock","ZIKV",5.45045,2.66201,-1.03386,5e-05,"yes",0.000320686218678815,"Down_in_ZIKV"
"C16orf59","Mock","ZIKV",9.54524,4.66585,-1.03264,5e-05,"yes",0.000320686218678815,"Down_in_ZIKV"
"LIX1","Mock","ZIKV",35.4382,17.338,-1.03137,5e-05,"yes",0.000320686218678815,"Down_in_ZIKV"
"SECISBP2","Mock","ZIKV",38.3301,18.7551,-1.0312,5e-05,"yes",0.000320686218678815,"Down_in_ZIKV"
"CENPO","Mock","ZIKV",10.5712,5.17952,-1.02925,5e-05,"yes",0.000320686218678815,"Down_in_ZIKV"
"MAFG-AS1","Mock","ZIKV",4.96304,2.43309,-1.02843,5e-05,"yes",0.000320686218678815,"Down_in_ZIKV"
"PTGR2","Mock","ZIKV",6.36701,3.1238,-1.02731,5e-05,"yes",0.000320686218678815,"Down_in_ZIKV"
"MIAT","Mock","ZIKV",286.183,140.497,-1.0264,5e-05,"yes",0.000320686218678815,"Down_in_ZIKV"
"ANKRD45","Mock","ZIKV",5.81098,2.85639,-1.02459,5e-05,"yes",0.000320686218678815,"Down_in_ZIKV"
"MAT2A","Mock","ZIKV",105.801,52.0109,-1.02447,5e-05,"yes",0.000320686218678815,"Down_in_ZIKV"
"PNISR","Mock","ZIKV",133.419,65.6012,-1.02418,5e-05,"yes",0.000320686218678815,"Down_in_ZIKV"
"CTTN","Mock","ZIKV",50.1566,24.6765,-1.0233,5e-05,"yes",0.000320686218678815,"Down_in_ZIKV"
"CHRNA3","Mock","ZIKV",29.7045,14.6275,-1.022,5e-05,"yes",0.000320686218678815,"Down_in_ZIKV"
"TRIOBP","Mock","ZIKV",14.8388,7.31515,-1.02042,5e-05,"yes",0.000320686218678815,"Down_in_ZIKV"
"SUMF1","Mock","ZIKV",3.82927,1.88794,-1.02026,5e-05,"yes",0.000320686218678815,"Down_in_ZIKV"
"ZNF169","Mock","ZIKV",1.14324,0.56377,-1.01995,5e-05,"yes",0.000320686218678815,"Down_in_ZIKV"
"CYB5RL","Mock","ZIKV",2.48569,1.22623,-1.01941,5e-05,"yes",0.000320686218678815,"Down_in_ZIKV"
"MNF1","Mock","ZIKV",22.2672,10.9968,-1.01783,5e-05,"yes",0.000320686218678815,"Down_in_ZIKV"
"PTX3","Mock","ZIKV",50.7893,25.1138,-1.01604,5e-05,"yes",0.000320686218678815,"Down_in_ZIKV"
"CKAP2","Mock","ZIKV",37.2783,18.4404,-1.01547,5e-05,"yes",0.000320686218678815,"Down_in_ZIKV"
"EFHC1","Mock","ZIKV",14.6595,7.25282,-1.01522,5e-05,"yes",0.000320686218678815,"Down_in_ZIKV"
"RABL3","Mock","ZIKV",7.36202,3.64545,-1.01401,5e-05,"yes",0.000320686218678815,"Down_in_ZIKV"
"COL4A1","Mock","ZIKV",9.14445,4.53012,-1.01335,5e-05,"yes",0.000320686218678815,"Down_in_ZIKV"
"CBR4","Mock","ZIKV",14.9738,7.42117,-1.01272,5e-05,"yes",0.000320686218678815,"Down_in_ZIKV"
"VSTM4","Mock","ZIKV",2.06223,1.02208,-1.0127,5e-05,"yes",0.000320686218678815,"Down_in_ZIKV"
"KANK2","Mock","ZIKV",3.06656,1.52178,-1.01087,5e-05,"yes",0.000320686218678815,"Down_in_ZIKV"
"EBF2","Mock","ZIKV",12.0894,6.00405,-1.00973,5e-05,"yes",0.000320686218678815,"Down_in_ZIKV"
"KIF11","Mock","ZIKV",21.9079,10.8845,-1.00917,5e-05,"yes",0.000320686218678815,"Down_in_ZIKV"
"C19orf48","Mock","ZIKV",32.9071,16.3761,-1.00681,5e-05,"yes",0.000320686218678815,"Down_in_ZIKV"
"SMC4","Mock","ZIKV",58.6823,29.2151,-1.00621,5e-05,"yes",0.000320686218678815,"Down_in_ZIKV"
"TEFM","Mock","ZIKV",6.13857,3.05646,-1.00604,5e-05,"yes",0.000320686218678815,"Down_in_ZIKV"
"ABCC4","Mock","ZIKV",5.01193,2.49576,-1.00589,5e-05,"yes",0.000320686218678815,"Down_in_ZIKV"
"TPX2","Mock","ZIKV",52.1717,25.984,-1.00564,5e-05,"yes",0.000320686218678815,"Down_in_ZIKV"
"PTGIS","Mock","ZIKV",4.37476,2.1796,-1.00514,5e-05,"yes",0.000320686218678815,"Down_in_ZIKV"
"ELP6","Mock","ZIKV",19.4536,9.70207,-1.00367,5e-05,"yes",0.000320686218678815,"Down_in_ZIKV"
"NUSAP1","Mock","ZIKV",70.3669,35.1085,-1.00308,5e-05,"yes",0.000320686218678815,"Down_in_ZIKV"
"NT5DC3","Mock","ZIKV",3.93027,1.96124,-1.00286,5e-05,"yes",0.000320686218678815,"Down_in_ZIKV"
"ZNF782","Mock","ZIKV",1.7455,0.87119,-1.00258,5e-05,"yes",0.000320686218678815,"Down_in_ZIKV"
"COA4","Mock","ZIKV",23.0254,11.4994,-1.00167,5e-05,"yes",0.000320686218678815,"Down_in_ZIKV"
"NEURL1B","Mock","ZIKV",6.48021,3.23946,-1.00029,5e-05,"yes",0.000320686218678815,"Down_in_ZIKV"
"OR51E2","Mock","ZIKV",0.914167,0.109813,-3.05742,1e-04,"yes",0.000607470334412082,"Down_in_ZIKV"
"C2orf48","Mock","ZIKV",4.19704,1.21462,-1.78887,1e-04,"yes",0.000607470334412082,"Down_in_ZIKV"
"EFCAB3","Mock","ZIKV",1.72544,0.533049,-1.69462,1e-04,"yes",0.000607470334412082,"Down_in_ZIKV"
"WDR16","Mock","ZIKV",1.14236,0.378438,-1.59389,1e-04,"yes",0.000607470334412082,"Down_in_ZIKV"
"MNS1","Mock","ZIKV",5.41986,1.93083,-1.48904,1e-04,"yes",0.000607470334412082,"Down_in_ZIKV"
"CTSH","Mock","ZIKV",1.89769,0.740146,-1.35836,1e-04,"yes",0.000607470334412082,"Down_in_ZIKV"
"INHBB","Mock","ZIKV",0.865854,0.344949,-1.32774,1e-04,"yes",0.000607470334412082,"Down_in_ZIKV"
"CES4A","Mock","ZIKV",1.49431,0.597028,-1.32361,1e-04,"yes",0.000607470334412082,"Down_in_ZIKV"
"FAM92B","Mock","ZIKV",1.59491,0.641258,-1.3145,1e-04,"yes",0.000607470334412082,"Down_in_ZIKV"
"CHURC1","Mock","ZIKV",12.9149,5.2208,-1.30669,1e-04,"yes",0.000607470334412082,"Down_in_ZIKV"
"PCED1A","Mock","ZIKV",37.034,15.2528,-1.27978,1e-04,"yes",0.000607470334412082,"Down_in_ZIKV"
"EME2","Mock","ZIKV",3.2724,1.35534,-1.27169,1e-04,"yes",0.000607470334412082,"Down_in_ZIKV"
"RAD54L","Mock","ZIKV",8.81591,3.7405,-1.23688,1e-04,"yes",0.000607470334412082,"Down_in_ZIKV"
"SCN4B","Mock","ZIKV",0.80288,0.358081,-1.1649,1e-04,"yes",0.000607470334412082,"Down_in_ZIKV"
"TMSB15B","Mock","ZIKV",30.6601,13.7455,-1.1574,1e-04,"yes",0.000607470334412082,"Down_in_ZIKV"
"PTPLA","Mock","ZIKV",2.98355,1.3968,-1.09491,1e-04,"yes",0.000607470334412082,"Down_in_ZIKV"
"CLEC11A","Mock","ZIKV",3.57016,1.71619,-1.05678,1e-04,"yes",0.000607470334412082,"Down_in_ZIKV"
"IFITM2","Mock","ZIKV",8.6854,4.28476,-1.01938,1e-04,"yes",0.000607470334412082,"Down_in_ZIKV"
"SCN1B","Mock","ZIKV",1.4483,0.449203,-1.68892,0.00015,"yes",0.000881259780907668,"Down_in_ZIKV"
"LOC282997","Mock","ZIKV",1.62039,0.708309,-1.19389,0.00015,"yes",0.000881259780907668,"Down_in_ZIKV"
"SLC39A8","Mock","ZIKV",1.21779,0.540772,-1.17118,0.00015,"yes",0.000881259780907668,"Down_in_ZIKV"
"SHMT1","Mock","ZIKV",9.5259,4.39305,-1.11663,0.00015,"yes",0.000881259780907668,"Down_in_ZIKV"
"WDR49","Mock","ZIKV",1.49017,0.687813,-1.11539,0.00015,"yes",0.000881259780907668,"Down_in_ZIKV"
"HTR7P1","Mock","ZIKV",0.742192,0.358416,-1.05016,0.00015,"yes",0.000881259780907668,"Down_in_ZIKV"
"C2orf16","Mock","ZIKV",0.690785,0.34132,-1.01711,0.00015,"yes",0.000881259780907668,"Down_in_ZIKV"
"LOC143666","Mock","ZIKV",2.14344,1.06139,-1.01397,0.00015,"yes",0.000881259780907668,"Down_in_ZIKV"
"NAGPA","Mock","ZIKV",2.62362,1.30827,-1.00389,0.00015,"yes",0.000881259780907668,"Down_in_ZIKV"
"CDC20B","Mock","ZIKV",3.83895,0.353524,-3.44083,2e-04,"yes",0.00114835585011471,"Down_in_ZIKV"
"UBXN10","Mock","ZIKV",1.01625,0.421767,-1.26874,2e-04,"yes",0.00114835585011471,"Down_in_ZIKV"
"LINC00648","Mock","ZIKV",1.07456,0.483233,-1.15296,2e-04,"yes",0.00114835585011471,"Down_in_ZIKV"
"RAB26","Mock","ZIKV",1.24381,0.34907,-1.83317,0.00025,"yes",0.00140360169491525,"Down_in_ZIKV"
"ZNF718","Mock","ZIKV",2.84706,1.12033,-1.34556,0.00025,"yes",0.00140360169491525,"Down_in_ZIKV"
"DKK2","Mock","ZIKV",0.959867,0.431414,-1.15376,0.00025,"yes",0.00140360169491525,"Down_in_ZIKV"
"TRIM56","Mock","ZIKV",1.04386,0.471296,-1.14722,0.00025,"yes",0.00140360169491525,"Down_in_ZIKV"
"LOC100129961","Mock","ZIKV",2.40193,1.14703,-1.0663,0.00025,"yes",0.00140360169491525,"Down_in_ZIKV"
"PLAC9","Mock","ZIKV",7.45957,3.68385,-1.01788,0.00025,"yes",0.00140360169491525,"Down_in_ZIKV"
"VIPR2","Mock","ZIKV",0.909797,0.450453,-1.01417,0.00025,"yes",0.00140360169491525,"Down_in_ZIKV"
"LRRC33","Mock","ZIKV",0.669083,0.166873,-2.00343,3e-04,"yes",0.00165341326156105,"Down_in_ZIKV"
"RIBC2","Mock","ZIKV",1.71876,0.620099,-1.4708,3e-04,"yes",0.00165341326156105,"Down_in_ZIKV"
"MGC72080","Mock","ZIKV",5.98499,2.91222,-1.03923,3e-04,"yes",0.00165341326156105,"Down_in_ZIKV"
"ITGA9","Mock","ZIKV",0.915276,0.451869,-1.0183,3e-04,"yes",0.00165341326156105,"Down_in_ZIKV"
"SGPP2","Mock","ZIKV",1.46204,0.226524,-2.69025,0.00035,"yes",0.00190382757787974,"Down_in_ZIKV"
"LOC100506469","Mock","ZIKV",7.22757,2.27879,-1.66524,0.00035,"yes",0.00190382757787974,"Down_in_ZIKV"
"DBX1","Mock","ZIKV",2.32104,0.815923,-1.50827,0.00035,"yes",0.00190382757787974,"Down_in_ZIKV"
"C7orf57","Mock","ZIKV",0.94348,0.342847,-1.46043,0.00035,"yes",0.00190382757787974,"Down_in_ZIKV"
"TNFRSF13C","Mock","ZIKV",2.11856,0.590572,-1.8429,4e-04,"yes",0.00214728312678742,"Down_in_ZIKV"
"UQCRHL","Mock","ZIKV",5.62237,1.8745,-1.58467,4e-04,"yes",0.00214728312678742,"Down_in_ZIKV"
"FGF8","Mock","ZIKV",2.8065,1.03958,-1.43277,4e-04,"yes",0.00214728312678742,"Down_in_ZIKV"
"BCHE","Mock","ZIKV",0.868902,0.336776,-1.3674,4e-04,"yes",0.00214728312678742,"Down_in_ZIKV"
"TAPT1-AS1","Mock","ZIKV",0.908081,0.364586,-1.31656,4e-04,"yes",0.00214728312678742,"Down_in_ZIKV"
"PRR22","Mock","ZIKV",1.15967,0.198456,-2.54683,0.00045,"yes",0.00238612288135593,"Down_in_ZIKV"
"RASD2","Mock","ZIKV",0.646209,0.216057,-1.58059,0.00045,"yes",0.00238612288135593,"Down_in_ZIKV"
"RHPN1-AS1","Mock","ZIKV",1.08773,0.413471,-1.39547,0.00045,"yes",0.00238612288135593,"Down_in_ZIKV"
"SYNDIG1","Mock","ZIKV",1.06302,0.458469,-1.21328,0.00045,"yes",0.00238612288135593,"Down_in_ZIKV"
"HIST1H2BH","Mock","ZIKV",7.27066,2.31014,-1.65411,5e-04,"yes",0.00262345679012346,"Down_in_ZIKV"
"NOXRED1","Mock","ZIKV",1.03235,0.340545,-1.60001,5e-04,"yes",0.00262345679012346,"Down_in_ZIKV"
"KRT19","Mock","ZIKV",1.38417,0.494017,-1.48639,5e-04,"yes",0.00262345679012346,"Down_in_ZIKV"
"CYB561D2","Mock","ZIKV",7.76366,3.20632,-1.27582,5e-04,"yes",0.00262345679012346,"Down_in_ZIKV"
"ACP6","Mock","ZIKV",1.87962,0.90139,-1.06022,0.00055,"yes",0.00285850253807107,"Down_in_ZIKV"
"MKRN7P","Mock","ZIKV",1.0805,0.358519,-1.59158,6e-04,"yes",0.00309055568259776,"Down_in_ZIKV"
"C1orf220","Mock","ZIKV",0.760696,0.295835,-1.36253,6e-04,"yes",0.00309055568259776,"Down_in_ZIKV"
"FLJ33630","Mock","ZIKV",0.845462,0.375628,-1.17044,6e-04,"yes",0.00309055568259776,"Down_in_ZIKV"
"CDNF","Mock","ZIKV",1.91975,0.869772,-1.14221,6e-04,"yes",0.00309055568259776,"Down_in_ZIKV"
"MATN3","Mock","ZIKV",1.20076,0.596009,-1.01054,6e-04,"yes",0.00309055568259776,"Down_in_ZIKV"
"FAM86JP","Mock","ZIKV",1.31734,0.449975,-1.54972,0.00065,"yes",0.00332302541988198,"Down_in_ZIKV"
"NCRNA00185","Mock","ZIKV",1.87691,0.801159,-1.2282,0.00065,"yes",0.00332302541988198,"Down_in_ZIKV"
"PENK","Mock","ZIKV",1.66356,0.614809,-1.43606,7e-04,"yes",0.00354325842696629,"Down_in_ZIKV"
"SPAG17","Mock","ZIKV",0.967071,0.370371,-1.38465,7e-04,"yes",0.00354325842696629,"Down_in_ZIKV"
"CXorf30","Mock","ZIKV",0.679305,0.273478,-1.31263,7e-04,"yes",0.00354325842696629,"Down_in_ZIKV"
"NS3BP","Mock","ZIKV",2.2755,1.06933,-1.08948,7e-04,"yes",0.00354325842696629,"Down_in_ZIKV"
"EFNA4","Mock","ZIKV",10.857,5.41588,-1.00335,7e-04,"yes",0.00354325842696629,"Down_in_ZIKV"
"LOC100129726","Mock","ZIKV",0.954375,0.280156,-1.76832,8e-04,"yes",0.004002665482008,"Down_in_ZIKV"
"DMC1","Mock","ZIKV",0.838619,0.272353,-1.62254,8e-04,"yes",0.004002665482008,"Down_in_ZIKV"
"ANKRD1","Mock","ZIKV",1.12531,0.456784,-1.30074,8e-04,"yes",0.004002665482008,"Down_in_ZIKV"
"C1RL","Mock","ZIKV",0.803256,0.181151,-2.14867,0.00085,"yes",0.00423402255639098,"Down_in_ZIKV"
"ARHGEF39","Mock","ZIKV",6.63872,3.10966,-1.09415,0.00085,"yes",0.00423402255639098,"Down_in_ZIKV"
"RSPH1","Mock","ZIKV",2.23545,1.07268,-1.05934,0.00085,"yes",0.00423402255639098,"Down_in_ZIKV"
"DLEU2L","Mock","ZIKV",4.79197,1.96675,-1.28481,9e-04,"yes",0.00445353690685413,"Down_in_ZIKV"
"ZNF114","Mock","ZIKV",1.1151,0.522745,-1.093,9e-04,"yes",0.00445353690685413,"Down_in_ZIKV"
"P2RX6","Mock","ZIKV",0.856048,0.40165,-1.09175,9e-04,"yes",0.00445353690685413,"Down_in_ZIKV"
"TREX1","Mock","ZIKV",4.15426,1.98954,-1.06215,9e-04,"yes",0.00445353690685413,"Down_in_ZIKV"
"ZNF321P","Mock","ZIKV",2.26599,1.10878,-1.03118,9e-04,"yes",0.00445353690685413,"Down_in_ZIKV"
"NSUN5P1","Mock","ZIKV",9.14125,3.18863,-1.51945,0.00095,"yes",0.00466610335804623,"Down_in_ZIKV"
"IQCD","Mock","ZIKV",2.21033,1.07754,-1.03651,0.00095,"yes",0.00466610335804623,"Down_in_ZIKV"
"FBXL19-AS1","Mock","ZIKV",3.538,1.1032,-1.68123,0.00105,"yes",0.00511046888504754,"Down_in_ZIKV"
"MLLT10P1","Mock","ZIKV",4.19088,1.49859,-1.48365,0.00105,"yes",0.00511046888504754,"Down_in_ZIKV"
"C8orf44","Mock","ZIKV",3.41134,1.27141,-1.42391,0.00105,"yes",0.00511046888504754,"Down_in_ZIKV"
"FGF14-AS2","Mock","ZIKV",4.27175,1.03705,-2.04234,0.0011,"yes",0.00532505910165485,"Down_in_ZIKV"
"WDR65","Mock","ZIKV",1.39755,0.376234,-1.89319,0.0012,"yes",0.00575106382978723,"Down_in_ZIKV"
"SELENBP1","Mock","ZIKV",1.68703,0.823424,-1.03478,0.0012,"yes",0.00575106382978723,"Down_in_ZIKV"
"TAS2R5","Mock","ZIKV",2.38348,1.17356,-1.02217,0.0012,"yes",0.00575106382978723,"Down_in_ZIKV"
"ZNF503-AS2","Mock","ZIKV",12.3347,4.78962,-1.36474,0.00125,"yes",0.00596025613886537,"Down_in_ZIKV"
"C6orf163","Mock","ZIKV",1.86788,0.805159,-1.21405,0.00125,"yes",0.00596025613886537,"Down_in_ZIKV"
"LOC100287042","Mock","ZIKV",1.10965,0.359933,-1.6243,0.00135,"yes",0.00638570978580428,"Down_in_ZIKV"
"CEBPA-AS1","Mock","ZIKV",0.660439,0.21957,-1.58874,0.00135,"yes",0.00638570978580428,"Down_in_ZIKV"
"LOC100131089","Mock","ZIKV",3.09202,1.37021,-1.17416,0.00135,"yes",0.00638570978580428,"Down_in_ZIKV"
"LAMA4","Mock","ZIKV",1.39315,0.675739,-1.04381,0.00135,"yes",0.00638570978580428,"Down_in_ZIKV"
"FBLN5","Mock","ZIKV",0.641181,0.231263,-1.4712,0.00145,"yes",0.00679876144879267,"Down_in_ZIKV"
"MRPL23-AS1","Mock","ZIKV",0.97944,0.422521,-1.21293,0.00145,"yes",0.00679876144879267,"Down_in_ZIKV"
"CXCL14","Mock","ZIKV",0.739516,0.146885,-2.33189,0.0015,"yes",0.00701422046917168,"Down_in_ZIKV"
"DAW1","Mock","ZIKV",0.77965,0.162946,-2.25843,0.0015,"yes",0.00701422046917168,"Down_in_ZIKV"
"OLFML3","Mock","ZIKV",0.625658,0.139187,-2.16835,0.0016,"yes",0.00742021824171299,"Down_in_ZIKV"
"LINC00565","Mock","ZIKV",0.666498,0.247093,-1.43154,0.0016,"yes",0.00742021824171299,"Down_in_ZIKV"
"LOC100506190","Mock","ZIKV",1.03789,0.486137,-1.09422,0.00165,"yes",0.00763324091189156,"Down_in_ZIKV"
"FLJ16779","Mock","ZIKV",1.85894,0.691823,-1.42601,0.0017,"yes",0.00783398117839607,"Down_in_ZIKV"
"C16orf55","Mock","ZIKV",11.765,5.00009,-1.23447,0.00175,"yes",0.00803808115823817,"Down_in_ZIKV"
"FUT2","Mock","ZIKV",0.711923,0.335592,-1.08501,0.00175,"yes",0.00803808115823817,"Down_in_ZIKV"
"LOC100133315","Mock","ZIKV",1.46192,0.621743,-1.23347,0.0018,"yes",0.00823583180987203,"Down_in_ZIKV"
"LOC158696","Mock","ZIKV",0.775554,0.365995,-1.0834,0.00185,"yes",0.00843035605907344,"Down_in_ZIKV"
"MIR181A2HG","Mock","ZIKV",5.91467,1.91336,-1.62819,0.0019,"yes",0.00863549233252623,"Down_in_ZIKV"
"NSUN5P2","Mock","ZIKV",7.26251,2.24779,-1.69196,0.00195,"yes",0.00883066948130277,"Down_in_ZIKV"
"NR2E3","Mock","ZIKV",0.899306,0.394612,-1.18838,0.00195,"yes",0.00883066948130277,"Down_in_ZIKV"
"LOC400043","Mock","ZIKV",0.927252,0.275606,-1.75036,0.002,"yes",0.00902624724504107,"Down_in_ZIKV"
"GNRHR2","Mock","ZIKV",26.4755,12.3459,-1.10062,0.0021,"yes",0.00942468619246862,"Down_in_ZIKV"
"LOC100270746","Mock","ZIKV",1.91536,0.704209,-1.44354,0.00215,"yes",0.00962033174413985,"Down_in_ZIKV"
"CTF1","Mock","ZIKV",1.24051,0.557673,-1.15345,0.00215,"yes",0.00962033174413985,"Down_in_ZIKV"
"FAM47E","Mock","ZIKV",2.27395,0.833844,-1.44735,0.00225,"yes",0.0100101224570413,"Down_in_ZIKV"
"LINC00535","Mock","ZIKV",1.04858,0.474332,-1.14446,0.0023,"yes",0.0102123989749655,"Down_in_ZIKV"
"ARHGAP22","Mock","ZIKV",0.632628,0.284045,-1.15524,0.00245,"yes",0.0107975445118372,"Down_in_ZIKV"
"ARL9","Mock","ZIKV",1.91831,0.679574,-1.49713,0.0025,"yes",0.0110028331379445,"Down_in_ZIKV"
"SPAG8","Mock","ZIKV",2.04259,0.732733,-1.47904,0.0026,"yes",0.0113917525773196,"Down_in_ZIKV"
"LINC00173","Mock","ZIKV",3.30737,0.828424,-1.99724,0.00265,"yes",0.0115748012410316,"Down_in_ZIKV"
"TEX21P","Mock","ZIKV",1.36082,0.423312,-1.68468,0.00265,"yes",0.0115748012410316,"Down_in_ZIKV"
"NOSTRIN","Mock","ZIKV",0.88574,0.388606,-1.18858,0.00265,"yes",0.0115748012410316,"Down_in_ZIKV"
"LINC00441","Mock","ZIKV",1.35347,0.479789,-1.4962,0.0027,"yes",0.0117703696535707,"Down_in_ZIKV"
"IFI44","Mock","ZIKV",0.697663,0.18257,-1.93408,0.00275,"yes",0.0119628717651603,"Down_in_ZIKV"
"FXYD1","Mock","ZIKV",3.36018,1.14113,-1.55808,0.0028,"yes",0.0121686282076018,"Down_in_ZIKV"
"MSH5-SAPCD1","Mock","ZIKV",4.52786,1.75719,-1.36555,0.0028,"yes",0.0121686282076018,"Down_in_ZIKV"
"LOC144486","Mock","ZIKV",0.750806,0.346204,-1.11682,0.00285,"yes",0.012359693877551,"Down_in_ZIKV"
"LOC100130155","Mock","ZIKV",1.44176,0.519413,-1.47288,0.0029,"yes",0.012542722734255,"Down_in_ZIKV"
"TMEM44-AS1","Mock","ZIKV",2.223,0.79773,-1.47854,0.003,"yes",0.0129255929609793,"Down_in_ZIKV"
"NUDT18","Mock","ZIKV",1.23384,0.562369,-1.13356,0.003,"yes",0.0129255929609793,"Down_in_ZIKV"
"RMDN2","Mock","ZIKV",1.16332,0.530263,-1.13346,0.00315,"yes",0.0134790558510638,"Down_in_ZIKV"
"SMOC2","Mock","ZIKV",0.658361,0.321398,-1.03452,0.00315,"yes",0.0134790558510638,"Down_in_ZIKV"
"ZNF511","Mock","ZIKV",20.7455,9.66252,-1.10233,0.0032,"yes",0.0136618650492798,"Down_in_ZIKV"
"LOC100507250","Mock","ZIKV",0.731852,0.2526,-1.5347,0.00325,"yes",0.0138621946601023,"Down_in_ZIKV"
"APOBEC3C","Mock","ZIKV",1.41532,0.543224,-1.3815,0.0035,"yes",0.0147885012192834,"Down_in_ZIKV"
"PAR1","Mock","ZIKV",0.744476,0.352561,-1.07835,0.0035,"yes",0.0147885012192834,"Down_in_ZIKV"
"TPH1","Mock","ZIKV",0.699925,0.222101,-1.65598,0.00355,"yes",0.0149857102698651,"Down_in_ZIKV"
"ITM2A","Mock","ZIKV",0.905308,0.381287,-1.24753,0.0036,"yes",0.0151683501683502,"Down_in_ZIKV"
"TTLL9","Mock","ZIKV",0.701874,0.233228,-1.58947,0.00365,"yes",0.0153359914195113,"Down_in_ZIKV"
"TTC23L","Mock","ZIKV",1.24177,0.520509,-1.25441,0.0037,"yes",0.0155229092940957,"Down_in_ZIKV"
"ZNF345","Mock","ZIKV",4.5513,1.76234,-1.36879,0.004,"yes",0.0166297526762643,"Down_in_ZIKV"
"MT2A","Mock","ZIKV",4.59374,1.28015,-1.84335,0.0041,"yes",0.0170140935887988,"Down_in_ZIKV"
"DYDC2","Mock","ZIKV",0.850095,0.374354,-1.18322,0.0041,"yes",0.0170140935887988,"Down_in_ZIKV"
"UPK3B","Mock","ZIKV",1.16158,0.528134,-1.13711,0.0042,"yes",0.0173938223938224,"Down_in_ZIKV"
"PCNA-AS1","Mock","ZIKV",156.804,60.0125,-1.38563,0.00425,"yes",0.0175814967860422,"Down_in_ZIKV"
"TMEM27","Mock","ZIKV",0.747223,0.232239,-1.68593,0.0045,"yes",0.0184732094040459,"Down_in_ZIKV"
"NKAPP1","Mock","ZIKV",0.719643,0.336443,-1.09692,0.0046,"yes",0.0188219800181653,"Down_in_ZIKV"
"LRRC29","Mock","ZIKV",1.41156,0.690999,-1.03054,0.0047,"yes",0.0191997642364889,"Down_in_ZIKV"
"TAS2R4","Mock","ZIKV",1.55164,0.598666,-1.37397,0.00475,"yes",0.0193653846153846,"Down_in_ZIKV"
"C15orf38","Mock","ZIKV",6.90415,2.92043,-1.24128,0.00485,"yes",0.019733787933526,"Down_in_ZIKV"
"EGR4","Mock","ZIKV",0.676109,0.301836,-1.16349,0.00495,"yes",0.0201007301243916,"Down_in_ZIKV"
"SH2D7","Mock","ZIKV",0.940117,0.463086,-1.02156,0.00495,"yes",0.0201007301243916,"Down_in_ZIKV"
"SRPX","Mock","ZIKV",0.929706,0.454902,-1.03122,0.005,"yes",0.0202672305200648,"Down_in_ZIKV"
"IL21R-AS1","Mock","ZIKV",0.869683,0.303053,-1.52092,0.0053,"yes",0.0213488018597997,"Down_in_ZIKV"
"SAMD13","Mock","ZIKV",0.75992,0.29966,-1.34252,0.00535,"yes",0.0215309540825442,"Down_in_ZIKV"
"CCDC108","Mock","ZIKV",0.77664,0.349205,-1.15317,0.00565,"yes",0.0225529416976785,"Down_in_ZIKV"
"PVRL3-AS1","Mock","ZIKV",0.901288,0.243544,-1.8878,0.0057,"yes",0.0227162951167728,"Down_in_ZIKV"
"LIMS2","Mock","ZIKV",0.706927,0.278962,-1.34149,0.00585,"yes",0.0232646980932203,"Down_in_ZIKV"
"ASPRV1","Mock","ZIKV",1.51901,0.68744,-1.14383,0.0069,"yes",0.0268711099585062,"Down_in_ZIKV"
"LOC100507634","Mock","ZIKV",0.66214,0.295418,-1.16438,0.00705,"yes",0.027351231484671,"Down_in_ZIKV"
"ATP6V1E2","Mock","ZIKV",0.750765,0.35122,-1.09599,0.00755,"yes",0.0290806686046512,"Down_in_ZIKV"
"AGXT2L2","Mock","ZIKV",9.28361,3.65544,-1.34464,0.0076,"yes",0.0292632478632479,"Down_in_ZIKV"
"MMP19","Mock","ZIKV",5.41167,2.56159,-1.07904,0.0077,"yes",0.0296027479091995,"Down_in_ZIKV"
"GHRL","Mock","ZIKV",0.852387,0.166263,-2.35804,0.00805,"yes",0.0307802155830929,"Down_in_ZIKV"
"GNG11","Mock","ZIKV",1.68815,0.799826,-1.07768,0.00805,"yes",0.0307802155830929,"Down_in_ZIKV"
"KLRG1","Mock","ZIKV",0.84947,0.405367,-1.06733,0.0085,"yes",0.032265335355578,"Down_in_ZIKV"
"LOC100506274","Mock","ZIKV",1.14099,0.395278,-1.52935,0.00905,"yes",0.034037610619469,"Down_in_ZIKV"
"FLJ42875","Mock","ZIKV",3.05724,1.35381,-1.17521,0.0099,"yes",0.0368286540049546,"Down_in_ZIKV"
"ICAM2","Mock","ZIKV",0.660578,0.148137,-2.1568,0.00995,"yes",0.0369963271706834,"Down_in_ZIKV"
"ANGPTL2","Mock","ZIKV",2.83852,1.10962,-1.35507,0.01005,"yes",0.0373004201680672,"Down_in_ZIKV"
"TEKT1","Mock","ZIKV",0.697294,0.176746,-1.98009,0.0102,"yes",0.0378010858835143,"Down_in_ZIKV"
"MYLK-AS1","Mock","ZIKV",3.48962,1.03697,-1.7507,0.0106,"yes",0.0390841381568178,"Down_in_ZIKV"
"CBX3P2","Mock","ZIKV",0.841553,0.370091,-1.18517,0.01095,"yes",0.0402035452322738,"Down_in_ZIKV"
"TPI1P2","Mock","ZIKV",0.652426,0.304625,-1.09878,0.01135,"yes",0.0414290633608815,"Down_in_ZIKV"
"BRWD1-IT2","Mock","ZIKV",0.86736,0.237567,-1.8683,0.01165,"yes",0.0423388593094547,"Down_in_ZIKV"
"FLVCR1-AS1","Mock","ZIKV",1.65751,0.746835,-1.15015,0.01235,"yes",0.0445664450496636,"Down_in_ZIKV"
"C1orf189","Mock","ZIKV",1.23248,0.272864,-2.17531,0.01255,"yes",0.0452084999200384,"Down_in_ZIKV"
"MSH5","Mock","ZIKV",5.71745,2.51121,-1.18699,0.0128,"yes",0.0460575079872204,"Down_in_ZIKV"
"C19orf18","Mock","ZIKV",1.12701,0.377961,-1.57619,0.01305,"yes",0.0468448207171315,"Down_in_ZIKV"
"GLTPD2","Mock","ZIKV",1.16395,0.562922,-1.04802,0.01325,"yes",0.047441781910666,"Down_in_ZIKV"
"SAPCD1","Mock","ZIKV",8.76946,2.14182,-2.03365,0.01385,"yes",0.0493547302641987,"Down_in_ZIKV"
"C2orf62","Mock","ZIKV",0.664905,0.243057,-1.45185,0.01395,"yes",0.0496560919721871,"Down_in_ZIKV"
