"ID","Description","GeneRatio","BgRatio","RichFactor","FoldEnrichment","zScore","pvalue","p.adjust","qvalue","geneID","Count"
"GO:0006260","DNA replication","50/541","313/18842",0.159744408945687,5.56359362912132,13.998011311366,2.71485269277692e-23,1.59633338335283e-19,1.59633338335283e-19,"DBF4B/DDX11/DSCC1/TREX1/WDHD1/RAD51/POLD1/GINS2/MCM6/TK1/POLD3/BRCA1/MCM10/POLE2/TYMS/PCNA/MCM2/CHRAC1/TICRR/GMNN/DTL/CHAF1B/POLA2/GEN1/RFC3/RRM1/DHFR/GINS3/DNA2/EME2/TIMELESS/ORC6/CDK1/MCM3/RMI2/CDK2/SHMT1/CHAF1A/RBBP7/FAM111B/GINS1/E2F8/RNASEH2A/ORC1/MCM4/CDC7/MCM5/USP43/GINS4/CDC45",50
"GO:0006261","DNA-templated DNA replication","37/541","171/18842",0.216374269005848,7.53590383846245,14.7615892421753,3.39045262788735e-22,9.96793072598882e-19,9.96793072598882e-19,"DBF4B/DDX11/WDHD1/RAD51/POLD1/MCM6/TK1/POLD3/BRCA1/MCM10/POLE2/PCNA/MCM2/CHRAC1/TICRR/GMNN/DTL/POLA2/GEN1/RFC3/RRM1/GINS3/DNA2/EME2/TIMELESS/ORC6/MCM3/FAM111B/GINS1/E2F8/RNASEH2A/ORC1/MCM4/CDC7/MCM5/GINS4/CDC45",37
"GO:0000280","nuclear division","48/541","422/18842",0.113744075829384,3.96148960587292,10.5787614047309,3.42095475582895e-16,6.70507132142475e-13,6.70507132142475e-13,"DMC1/RAD54L/RAD51/BIRC5/KIFC1/SPC24/TOP2A/KIF11/TRIP13/AURKA/DLGAP5/RCC1/CENPF/CENPI/UBE2C/ESPL1/AURKB/CENPA/ANLN/MKI67/NCAPH/KIF4A/PSRC1/RAD51AP1/GEN1/CCNB1/SKA3/CYP26B1/CENPK/BRIP1/KIF15/KIF18B/NCAPD2/NUSAP1/EME2/TPX2/CDK1/BUB1B/ZWINT/UHRF1/SMC4/MSH5/SMC2/KIF23/PKMYT1/FANCD2/CDC20/MAPK15",48
"GO:0000070","mitotic sister chromatid segregation","33/541","205/18842",0.160975609756098,5.60647400928723,11.4017299328919,7.47237771659422e-16,9.31646041870589e-13,9.31646041870589e-13,"BIRC5/KIFC1/SPC24/KIF11/TRIP13/DLGAP5/RCC1/CENPF/CENPI/UBE2C/ESPL1/AURKB/CENPA/NCAPH/KIF4A/PSRC1/GEN1/CCNB1/SKA3/CENPK/KIF15/KIF18B/NCAPD2/NUSAP1/TPX2/CDK1/BUB1B/ZWINT/UHRF1/SMC4/SMC2/KIF23/CDC20",33
"GO:0000819","sister chromatid segregation","36/541","246/18842",0.146341463414634,5.09679455389748,11.1202657771608,7.922160219988e-16,9.31646041870589e-13,9.31646041870589e-13,"BIRC5/KIFC1/SPC24/TOP2A/KIF11/TRIP13/DLGAP5/RCC1/CENPF/CENPI/UBE2C/ESPL1/AURKB/CENPA/NCAPH/KIF4A/PSRC1/GEN1/CCNB1/SKA3/CENPK/KIF15/KIF18B/NCAPD2/NUSAP1/TPX2/CDK1/BUB1B/RMI2/ZWINT/UHRF1/SMC4/SMC2/KIF23/CDC20/MAPK15",36
"GO:0010948","negative regulation of cell cycle process","39/541","309/18842",0.12621359223301,4.39577912172711,10.3480616518447,7.53136343934279e-15,7.38073617055594e-12,7.38073617055594e-12,"FAM107A/RAD51/BIRC5/SPC24/TRIP13/KANK2/SUSD2/BRCA1/CENPF/ESPL1/AURKB/TICRR/GMNN/DTL/KAT2A/GEN1/CCNB1/RFC3/SKA3/CLSPN/E2F1/BRIP1/DNA2/EME2/TIMELESS/CDK1/BUB1B/CDK2/ZWINT/WDR76/RBM14/RBL1/E2F8/PKMYT1/FANCD2/ORC1/CDC20/CDC7/CDC45",39
"GO:0140014","mitotic nuclear division","37/541","281/18842",0.131672597864769,4.58590589458035,10.4127288531698,9.78387280177454e-15,8.21845315349062e-12,8.21845315349062e-12,"BIRC5/KIFC1/SPC24/KIF11/TRIP13/AURKA/DLGAP5/RCC1/CENPF/CENPI/UBE2C/ESPL1/AURKB/CENPA/ANLN/MKI67/NCAPH/KIF4A/PSRC1/GEN1/CCNB1/SKA3/CENPK/KIF15/KIF18B/NCAPD2/NUSAP1/TPX2/CDK1/BUB1B/ZWINT/UHRF1/SMC4/SMC2/KIF23/PKMYT1/CDC20",37
"GO:0048285","organelle fission","48/541","470/18842",0.102127659574468,3.55691194399654,9.65160810142628,2.27240326836467e-14,1.67021640224803e-11,1.67021640224803e-11,"DMC1/RAD54L/RAD51/BIRC5/KIFC1/SPC24/TOP2A/KIF11/TRIP13/AURKA/DLGAP5/RCC1/CENPF/CENPI/UBE2C/ESPL1/AURKB/CENPA/ANLN/MKI67/NCAPH/KIF4A/PSRC1/RAD51AP1/GEN1/CCNB1/SKA3/CYP26B1/CENPK/BRIP1/KIF15/KIF18B/NCAPD2/NUSAP1/EME2/TPX2/CDK1/BUB1B/ZWINT/UHRF1/SMC4/MSH5/SMC2/KIF23/PKMYT1/FANCD2/CDC20/MAPK15",48
"GO:0098813","nuclear chromosome segregation","38/541","315/18842",0.120634920634921,4.20148461109644,9.85183980832522,7.2610190239775e-14,4.74386576233197e-11,4.74386576233197e-11,"BIRC5/KIFC1/SPC24/TOP2A/KIF11/TRIP13/DLGAP5/RCC1/CENPF/CENPI/UBE2C/ESPL1/AURKB/CENPA/NCAPH/KIF4A/PSRC1/GEN1/CCNB1/SKA3/CENPK/KIF15/KIF18B/NCAPD2/NUSAP1/TPX2/CDK1/BUB1B/RMI2/ZWINT/UHRF1/SMC4/MSH5/SMC2/KIF23/FANCD2/CDC20/MAPK15",38
"GO:0007059","chromosome segregation","44/541","420/18842",0.104761904761905,3.64865768858375,9.43833280491696,1.18570432791041e-13,6.97194144811323e-11,6.97194144811323e-11,"BIRC5/KIFC1/SPC24/TOP2A/KIF11/TRIP13/DLGAP5/RCC1/BRCA1/CENPF/CENPI/UBE2C/CENPN/ESPL1/AURKB/CENPA/CENPM/MKI67/NCAPH/KIF4A/PSRC1/GEN1/CCNB1/SKA3/CENPK/KIF15/CENPO/KIF18B/NCAPD2/NUSAP1/CENPH/TPX2/CDK1/BUB1B/RMI2/ZWINT/UHRF1/SMC4/MSH5/SMC2/KIF23/FANCD2/CDC20/MAPK15",44
"GO:0000075","cell cycle checkpoint signaling","29/541","191/18842",0.151832460732984,5.2880355362863,10.2408780669276,2.05920505545328e-13,1.10073870236957e-10,1.10073870236957e-10,"RAD51/BIRC5/SPC24/TRIP13/BRCA1/CENPF/AURKB/TICRR/DTL/GEN1/CCNB1/RFC3/SKA3/CLSPN/E2F1/BRIP1/DNA2/EME2/TIMELESS/CDK1/BUB1B/CDK2/ZWINT/WDR76/FANCD2/ORC1/CDC20/CDC7/CDC45",29
"GO:1901988","negative regulation of cell cycle phase transition","34/541","269/18842",0.12639405204461,4.40206419339101,9.66252902511604,4.03806619361417e-13,1.97865243487094e-10,1.97865243487094e-10,"FAM107A/RAD51/BIRC5/SPC24/TRIP13/KANK2/SUSD2/BRCA1/CENPF/AURKB/TICRR/DTL/GEN1/CCNB1/RFC3/SKA3/CLSPN/E2F1/BRIP1/DNA2/EME2/TIMELESS/CDK1/BUB1B/CDK2/ZWINT/WDR76/RBL1/PKMYT1/FANCD2/ORC1/CDC20/CDC7/CDC45",34
"GO:1901987","regulation of cell cycle phase transition","45/541","459/18842",0.0980392156862745,3.41451922728426,9.00413533825748,6.52851626119691e-13,2.95289812429522e-10,2.95289812429522e-10,"DBF4B/FAM107A/RAD51/BIRC5/SPC24/TRIP13/AURKA/DLGAP5/KANK2/SUSD2/BRCA1/CENPF/CDKN2C/UBE2C/ESPL1/AURKB/STOX1/TICRR/DTL/ANLN/GEN1/CCNB1/RFC3/SKA3/RRM1/CLSPN/E2F1/RRM2/BRIP1/DNA2/EME2/TIMELESS/CDK1/BUB1B/CDK2/ZWINT/WDR76/RBL1/PKMYT1/FANCD2/ORC1/CDC20/CDC7/MAPK15/CDC45",45
"GO:0006270","DNA replication initiation","14/541","39/18842",0.358974358974359,12.5023934783639,12.3628940497757,1.70919058873166e-12,7.17860047267296e-10,7.17860047267296e-10,"MCM6/MCM10/MCM2/TICRR/GMNN/DTL/POLA2/GINS3/ORC6/MCM3/ORC1/MCM4/MCM5/CDC45",14
"GO:1902969","mitotic DNA replication","10/541","16/18842",0.625,21.7675600739372,14.2882696076529,2.40597101167372e-12,8.85790218250505e-10,8.85790218250506e-10,"RAD51/MCM6/TK1/PCNA/MCM2/GMNN/MCM3/GINS1/MCM4/CDC45",10
"GO:0000727","double-strand break repair via break-induced replication","9/541","12/18842",0.75,26.1210720887246,14.9663821284697,2.53097680983586e-12,8.85790218250505e-10,8.85790218250506e-10,"GINS2/MCM6/MCM2/MCM3/MCM4/CDC7/MCM5/GINS4/CDC45",9
"GO:0044786","cell cycle DNA replication","14/541","40/18842",0.35,12.1898336414048,12.1804910854422,2.56095811398956e-12,8.85790218250505e-10,8.85790218250506e-10,"DBF4B/RAD51/MCM6/TK1/PCNA/MCM2/GMNN/DNA2/MCM3/GINS1/E2F8/MCM4/CDC7/CDC45",14
"GO:0045786","negative regulation of cell cycle","39/541","382/18842",0.102094240837696,3.5557480330201,8.67654982703975,6.91991164128819e-12,2.26050446948747e-09,2.26050446948747e-09,"FAM107A/RAD51/BIRC5/SPC24/TRIP13/KANK2/SUSD2/BRCA1/CENPF/ESPL1/AURKB/TICRR/GMNN/DTL/KAT2A/GEN1/CCNB1/RFC3/SKA3/CLSPN/E2F1/BRIP1/DNA2/EME2/TIMELESS/CDK1/BUB1B/CDK2/ZWINT/WDR76/RBM14/RBL1/E2F8/PKMYT1/FANCD2/ORC1/CDC20/CDC7/CDC45",39
"GO:0033260","nuclear DNA replication","13/541","36/18842",0.361111111111111,12.5768124871637,11.9537792173376,9.86491151948574e-12,3.05293051234611e-09,3.05293051234611e-09,"DBF4B/RAD51/MCM6/TK1/PCNA/MCM2/GMNN/DNA2/MCM3/GINS1/MCM4/CDC7/CDC45",13
"GO:1905818","regulation of chromosome separation","18/541","82/18842",0.219512195121951,7.64519183084622,10.3683877075112,1.41638152341953e-11,4.16416167885342e-09,4.16416167885342e-09,"BIRC5/SPC24/TRIP13/DLGAP5/CENPF/UBE2C/ESPL1/AURKB/NCAPH/GEN1/CCNB1/SKA3/BUB1B/ZWINT/SMC4/SMC2/CDC20/MAPK15",18
"GO:0044772","mitotic cell cycle phase transition","41/541","434/18842",0.0944700460829493,3.29021184527714,8.29908887204357,2.34423775277613e-11,6.56386570777317e-09,6.56386570777317e-09,"DBF4B/FAM107A/BIRC5/SPC24/CCNO/TRIP13/AURKA/DLGAP5/RCC1/KANK2/BRCA1/CENPF/FOXM1/CDKN2C/UBE2C/CCNB2/ESPL1/AURKB/STOX1/TICRR/KDM8/DTL/ANLN/GEN1/CCNB1/SKA3/RRM1/CLSPN/E2F1/RRM2/CDK1/BUB1B/CDK2/ZWINT/E2F3/RBL1/PKMYT1/ORC1/NES/CDC20/CDC7",41
"GO:0007346","regulation of mitotic cell cycle","44/541","492/18842",0.0894308943089431,3.11470778293735,8.17199472412506,2.62755912963484e-11,7.02274894647856e-09,7.02274894647856e-09,"DBF4B/FAM107A/BIRC5/SPC24/TRIP13/AURKA/DLGAP5/RCC1/KANK2/BRCA1/CENPF/FOXM1/CDKN2C/UBE2C/ESPL1/AURKB/STOX1/TICRR/GMNN/DTL/ANLN/MKI67/GEN1/CCNB1/CKS1B/SKA3/RRM1/CLSPN/E2F1/RRM2/SMOC2/NUSAP1/EME2/TIMELESS/CDK1/BUB1B/CDK2/ZWINT/RBL1/PKMYT1/FANCD2/ORC1/CDC20/CDC7",44
"GO:0051304","chromosome separation","18/541","88/18842",0.204545454545455,7.12392875147034,9.90005725695068,4.99012389133186e-11,1.27573602091441e-08,1.27573602091441e-08,"BIRC5/SPC24/TRIP13/DLGAP5/CENPF/UBE2C/ESPL1/AURKB/NCAPH/GEN1/CCNB1/SKA3/BUB1B/ZWINT/SMC4/SMC2/CDC20/MAPK15",18
"GO:0006310","DNA recombination","35/541","338/18842",0.103550295857988,3.60645965722036,8.31361185576999,5.77364726917074e-11,1.41454358094683e-08,1.41454358094683e-08,"DMC1/RAD54L/TREX1/RAD51/PARPBP/TOP2A/GINS2/MCM6/TRIP13/BRCA1/MCM2/HELLS/XRCC2/FANCB/EXOSC3/NCAPH/PIF1/RAD51AP1/GEN1/BRIP1/EME2/TIMELESS/MCM3/RMI2/NSMCE4A/UHRF1/SMC4/MSH5/SMC2/FANCD2/MCM4/CDC7/MCM5/GINS4/CDC45",35
"GO:0007093","mitotic cell cycle checkpoint signaling","22/541","140/18842",0.157142857142857,5.47298653287563,9.1333642657751,8.57244963288187e-11,2.01624015365382e-08,2.01624015365382e-08,"BIRC5/SPC24/TRIP13/BRCA1/CENPF/AURKB/TICRR/DTL/GEN1/CCNB1/SKA3/CLSPN/EME2/TIMELESS/CDK1/BUB1B/CDK2/ZWINT/FANCD2/ORC1/CDC20/CDC7",22
"GO:1901990","regulation of mitotic cell cycle phase transition","34/541","345/18842",0.0985507246376812,3.43233411020922,7.83962567070311,4.11541814832824e-10,9.30717642775772e-08,9.30717642775772e-08,"DBF4B/FAM107A/BIRC5/SPC24/TRIP13/AURKA/DLGAP5/KANK2/BRCA1/CENPF/CDKN2C/UBE2C/ESPL1/AURKB/STOX1/TICRR/DTL/ANLN/GEN1/CCNB1/SKA3/RRM1/CLSPN/E2F1/RRM2/CDK1/BUB1B/CDK2/ZWINT/RBL1/PKMYT1/ORC1/CDC20/CDC7",34
"GO:1905820","positive regulation of chromosome separation","11/541","31/18842",0.354838709677419,12.3583566871385,10.8818717904314,4.9729538546271e-10,1.08299883945212e-07,1.08299883945212e-07,"BIRC5/DLGAP5/UBE2C/ESPL1/AURKB/NCAPH/SKA3/SMC4/SMC2/CDC20/MAPK15",11
"GO:0090068","positive regulation of cell cycle process","28/541","252/18842",0.111111111111111,3.86978845758883,7.88539869831199,1.01150283759183e-09,2.12415595894284e-07,2.12415595894284e-07,"DBF4B/DDX11/BIRC5/AURKA/DLGAP5/RCC1/UBE2C/ESPL1/AURKB/STOX1/DTL/NCAPH/RAD51AP1/GEN1/CCNB1/SKA3/RRM1/RRM2/NUSAP1/CDK1/SMC4/SMC2/E2F8/KIF23/CDC20/CDC7/PLK4/MAPK15",28
"GO:0000086","G2/M transition of mitotic cell cycle","20/541","131/18842",0.152671755725191,5.31726658294648,8.52529099210663,1.04789528358514e-09,2.12469802326918e-07,2.12469802326918e-07,"DBF4B/BIRC5/AURKA/BRCA1/CENPF/FOXM1/AURKB/STOX1/TICRR/KDM8/DTL/CCNB1/RRM1/CLSPN/CDK1/CDK2/PKMYT1/ORC1/NES/CDC7",20
"GO:0045930","negative regulation of mitotic cell cycle","27/541","237/18842",0.113924050632911,3.96775778562905,7.90498382531771,1.15993165557923e-09,2.26068261079971e-07,2.26068261079971e-07,"FAM107A/BIRC5/SPC24/TRIP13/KANK2/BRCA1/CENPF/AURKB/TICRR/GMNN/DTL/GEN1/CCNB1/SKA3/CLSPN/EME2/TIMELESS/CDK1/BUB1B/CDK2/ZWINT/RBL1/PKMYT1/FANCD2/ORC1/CDC20/CDC7",27
"GO:1902850","microtubule cytoskeleton organization involved in mitosis","22/541","160/18842",0.1375,4.78886321626617,8.27504627634371,1.19185647848284e-09,2.26068261079971e-07,2.26068261079971e-07,"BIRC5/KIFC1/KIF11/AURKA/DLGAP5/RCC1/EFHC1/SAPCD2/ESPL1/AURKB/CENPA/GJA1/KIF4A/PSRC1/CCNB1/KIF15/NUSAP1/CENPH/TPX2/CDK1/UHRF1/KIF23",22
"GO:0007088","regulation of mitotic nuclear division","19/541","120/18842",0.158333333333333,5.51444855206408,8.52967349881511,1.46109254148604e-09,2.6847575449806e-07,2.6847575449806e-07,"BIRC5/SPC24/TRIP13/AURKA/DLGAP5/RCC1/CENPF/UBE2C/ESPL1/AURKB/MKI67/GEN1/CCNB1/SKA3/NUSAP1/BUB1B/ZWINT/PKMYT1/CDC20",19
"GO:0051783","regulation of nuclear division","20/541","135/18842",0.148148148148148,5.15971794345177,8.33953607190907,1.80293681811705e-09,3.21250560319038e-07,3.21250560319038e-07,"BIRC5/SPC24/TRIP13/AURKA/DLGAP5/RCC1/CENPF/UBE2C/ESPL1/AURKB/MKI67/RAD51AP1/GEN1/CCNB1/SKA3/NUSAP1/BUB1B/ZWINT/PKMYT1/CDC20",20
"GO:0051983","regulation of chromosome segregation","20/541","140/18842",0.142857142857143,4.97544230261421,8.11743169814655,3.45253677893141e-09,5.97085772356373e-07,5.97085772356373e-07,"BIRC5/SPC24/TRIP13/DLGAP5/CENPF/UBE2C/ESPL1/AURKB/NCAPH/GEN1/CCNB1/SKA3/CDK1/BUB1B/RMI2/ZWINT/SMC4/SMC2/CDC20/MAPK15",20
"GO:0006302","double-strand break repair","31/541","320/18842",0.096875,3.37397181146026,7.36410214608356,3.73705106830854e-09,6.27824579475834e-07,6.27824579475834e-07,"DMC1/RAD54L/DDX11/RAD51/PARPBP/GINS2/MCM6/TRIP13/BRCA1/FOXM1/MCM2/HELLS/OGG1/XRCC2/FANCB/RAD51AP1/GEN1/BRIP1/DNA2/EME2/TIMELESS/MCM3/RMI2/NSMCE4A/UHRF1/FANCD2/MCM4/CDC7/MCM5/GINS4/CDC45",31
"GO:0000724","double-strand break repair via homologous recombination","23/541","186/18842",0.123655913978495,4.30670005763918,7.79211234263146,4.10814595686538e-09,6.70997172954679e-07,6.70997172954679e-07,"DMC1/RAD54L/RAD51/PARPBP/GINS2/MCM6/BRCA1/MCM2/HELLS/XRCC2/FANCB/RAD51AP1/GEN1/TIMELESS/MCM3/RMI2/NSMCE4A/UHRF1/MCM4/CDC7/MCM5/GINS4/CDC45",23
"GO:0090329","regulation of DNA-templated DNA replication","12/541","46/18842",0.260869565217391,9.08559029173029,9.43998112055328,4.44475954443344e-09,7.06356381655909e-07,7.06356381655909e-07,"DBF4B/MCM6/MCM2/TICRR/GMNN/DTL/TIMELESS/MCM3/E2F8/MCM4/CDC7/MCM5",12
"GO:1901991","negative regulation of mitotic cell cycle phase transition","23/541","190/18842",0.121052631578947,4.21603268800467,7.66033474777341,6.21322155850496e-09,9.614142832634e-07,9.614142832634e-07,"FAM107A/BIRC5/SPC24/TRIP13/KANK2/BRCA1/CENPF/AURKB/TICRR/DTL/GEN1/CCNB1/SKA3/CLSPN/CDK1/BUB1B/CDK2/ZWINT/RBL1/PKMYT1/ORC1/CDC20/CDC7",23
"GO:0044839","cell cycle G2/M phase transition","20/541","146/18842",0.136986301369863,4.77097207099992,7.86445426040822,7.24239084505741e-09,1.09192969663942e-06,1.09192969663942e-06,"DBF4B/BIRC5/AURKA/BRCA1/CENPF/FOXM1/AURKB/STOX1/TICRR/KDM8/DTL/CCNB1/RRM1/CLSPN/CDK1/CDK2/PKMYT1/ORC1/NES/CDC7",20
"GO:0000725","recombinational repair","23/541","192/18842",0.119791666666667,4.17211568083795,7.59579805538227,7.60783316165974e-09,1.11835147476398e-06,1.11835147476398e-06,"DMC1/RAD54L/RAD51/PARPBP/GINS2/MCM6/BRCA1/MCM2/HELLS/XRCC2/FANCB/RAD51AP1/GEN1/TIMELESS/MCM3/RMI2/NSMCE4A/UHRF1/MCM4/CDC7/MCM5/GINS4/CDC45",23
"GO:0010965","regulation of mitotic sister chromatid separation","14/541","69/18842",0.202898550724638,7.06657022690134,8.67988820299234,7.93712810832481e-09,1.13830032382805e-06,1.13830032382805e-06,"BIRC5/SPC24/TRIP13/DLGAP5/CENPF/UBE2C/ESPL1/AURKB/GEN1/CCNB1/SKA3/BUB1B/ZWINT/CDC20",14
"GO:0140694","membraneless organelle assembly","36/541","427/18842",0.0843091334894614,2.9363266048215,6.95856815710242,8.57591621966728e-09,1.20062827075342e-06,1.20062827075342e-06,"BIRC5/KIFC1/KIF11/DLGAP5/RCC1/BRCA1/CENPF/CEP152/KRT19/CENPI/CENPN/OIP5/AURKB/CENPA/KAT2A/ANLN/KIF4A/SKA3/CENPK/KIF15/MIS18BP1/CENPO/TPM1/CENPH/TPX2/MYL9/CDK2/ANKRD1/RBM14/UHRF1/CSRP2/CDC20B/KIF23/ACTC1/PLK4/MAPK15",36
"GO:0051321","meiotic cell cycle","28/541","281/18842",0.099644128113879,3.47041527157432,7.17357486054264,1.16127856541868e-08,1.56672816112683e-06,1.56672816112683e-06,"DMC1/RAD54L/RAD51/TOP2A/TRIP13/AURKA/XRCC2/RSPH1/ESPL1/MKI67/NCAPH/MNS1/RAD51AP1/SKA3/ASPM/CYP26B1/METTL3/BRIP1/NCAPD2/EME2/CDK2/ZWINT/SMC4/MSH5/PKMYT1/FANCD2/CDC20/MAPK15",28
"GO:0051306","mitotic sister chromatid separation","14/541","71/18842",0.197183098591549,6.8675119106506,8.51633322757568,1.17238161716974e-08,1.56672816112683e-06,1.56672816112683e-06,"BIRC5/SPC24/TRIP13/DLGAP5/CENPF/UBE2C/ESPL1/AURKB/GEN1/CCNB1/SKA3/BUB1B/ZWINT/CDC20",14
"GO:0031570","DNA integrity checkpoint signaling","18/541","122/18842",0.147540983606557,5.13857155843762,7.88479958186041,1.25104090130732e-08,1.6346934443749e-06,1.6346934443749e-06,"RAD51/BRCA1/TICRR/DTL/RFC3/CLSPN/E2F1/BRIP1/DNA2/EME2/TIMELESS/CDK1/CDK2/WDR76/FANCD2/ORC1/CDC7/CDC45",18
"GO:0006275","regulation of DNA replication","18/541","123/18842",0.146341463414634,5.09679455389748,7.83733870298006,1.42707662268924e-08,1.82417620465494e-06,1.82417620465494e-06,"DBF4B/DSCC1/MCM6/PCNA/MCM2/CHRAC1/TICRR/GMNN/DTL/DNA2/TIMELESS/CDK1/MCM3/CDK2/E2F8/MCM4/CDC7/MCM5",18
"GO:0051382","kinetochore assembly","10/541","33/18842",0.303030303030303,10.5539685206968,9.44432925894219,1.79042880235037e-08,2.23994071442982e-06,2.23994071442982e-06,"DLGAP5/CENPF/CENPI/CENPN/OIP5/CENPA/CENPK/MIS18BP1/CENPO/CENPH",10
"GO:0051383","kinetochore organization","10/541","34/18842",0.294117647058824,10.2435576818528,9.27514062626157,2.47169302267088e-08,3.01083100403241e-06,3.01083100403241e-06,"DLGAP5/CENPF/CENPI/CENPN/OIP5/CENPA/CENPK/MIS18BP1/CENPO/CENPH",10
"GO:0030174","regulation of DNA-templated DNA replication initiation","8/541","19/18842",0.421052631578947,14.6644615234945,10.2456165554599,2.50902583669368e-08,3.01083100403241e-06,3.01083100403241e-06,"MCM6/MCM2/TICRR/GMNN/DTL/MCM3/MCM4/MCM5",8
"GO:0045787","positive regulation of cell cycle","29/541","312/18842",0.092948717948718,3.23722688279065,6.85113954528254,3.00968925796814e-08,3.53939456737054e-06,3.53939456737054e-06,"DBF4B/DDX11/BIRC5/AURKA/DLGAP5/RCC1/UBE2C/ESPL1/AURKB/STOX1/DTL/NCAPH/RAD51AP1/GEN1/CCNB1/SKA3/RRM1/RRM2/SMOC2/NUSAP1/CDK1/SMC4/SMC2/E2F8/KIF23/CDC20/CDC7/PLK4/MAPK15",29
"GO:0033045","regulation of sister chromatid segregation","17/541","115/18842",0.147826086956522,5.14850116531383,7.67218785683611,3.0845374720903e-08,3.5562902619394e-06,3.5562902619394e-06,"BIRC5/SPC24/TRIP13/DLGAP5/CENPF/UBE2C/ESPL1/AURKB/GEN1/CCNB1/SKA3/CDK1/BUB1B/RMI2/ZWINT/CDC20/MAPK15",17
"GO:0033044","regulation of chromosome organization","25/541","246/18842",0.101626016260163,3.53944066242881,6.89301226117679,4.81846249925038e-08,5.44856913376773e-06,5.44856913376773e-06,"DDX11/BIRC5/SPC24/TRIP13/DLGAP5/CENPF/UBE2C/ESPL1/AURKB/NCAPH/PIF1/GEN1/CCNB1/SKA3/NCAPD2/CDK1/BUB1B/RMI2/CDK2/ZWINT/NSMCE4A/SMC4/SMC2/CDC20/MAPK15",25
"GO:0051052","regulation of DNA metabolic process","37/541","481/18842",0.0769230769230769,2.67908431679227,6.41372116128326,5.87606947849123e-08,6.51911104406197e-06,6.51911104406197e-06,"DBF4B/DDX11/DSCC1/RAD51/PARPBP/MCM6/BRCA1/FOXM1/PCNA/MCM2/OGG1/FANCB/CHRAC1/AURKB/STOX1/TICRR/GMNN/DTL/KAT2A/PIF1/RAD51AP1/RFC3/KCNK2/SMOC2/DNA2/TIMELESS/CDK1/MCM3/RMI2/CDK2/ANKRD1/NSMCE4A/E2F8/MCM4/CDC7/MCM5/MAPK15",37
"GO:0006271","DNA strand elongation involved in DNA replication","7/541","15/18842",0.466666666666667,16.2531115218731,10.1607721028794,8.15516516401916e-08,8.8800687341542e-06,8.88006873415419e-06,"POLD3/PCNA/RFC3/DNA2/MCM3/GINS1/MCM4",7
"GO:0010389","regulation of G2/M transition of mitotic cell cycle","15/541","97/18842",0.154639175257732,5.38578805953084,7.44567340321654,1.08479610048099e-07,1.1597456492415e-05,1.1597456492415e-05,"DBF4B/AURKA/BRCA1/CENPF/AURKB/STOX1/TICRR/DTL/CCNB1/RRM1/CLSPN/CDK1/PKMYT1/ORC1/CDC7",15
"GO:1903046","meiotic cell cycle process","21/541","192/18842",0.109375,3.809323012939,6.72707190583471,1.65650202621735e-07,1.73932712752822e-05,1.73932712752822e-05,"DMC1/RAD54L/RAD51/TOP2A/TRIP13/AURKA/ESPL1/NCAPH/RAD51AP1/SKA3/CYP26B1/BRIP1/NCAPD2/EME2/ZWINT/SMC4/MSH5/PKMYT1/FANCD2/CDC20/MAPK15",21
"GO:0045931","positive regulation of mitotic cell cycle","16/541","117/18842",0.136752136752137,4.76281656318625,7.01953367049283,2.37119257774265e-07,2.44607234335558e-05,2.44607234335558e-05,"DBF4B/BIRC5/AURKA/DLGAP5/UBE2C/ESPL1/STOX1/DTL/CCNB1/SKA3/RRM1/RRM2/SMOC2/CDK1/CDC20/CDC7",16
"GO:1902099","regulation of metaphase/anaphase transition of cell cycle","15/541","103/18842",0.145631067961165,5.07205283276206,7.12478900674279,2.44313529838508e-07,2.47683371629384e-05,2.47683371629384e-05,"BIRC5/SPC24/TRIP13/DLGAP5/CENPF/UBE2C/ESPL1/AURKB/GEN1/CCNB1/SKA3/BUB1B/ZWINT/CDC20/MAPK15",15
"GO:0033047","regulation of mitotic sister chromatid segregation","12/541","65/18842",0.184615384615385,6.42980236030144,7.53946959224894,2.80022287436833e-07,2.79073059343827e-05,2.79073059343827e-05,"BIRC5/SPC24/TRIP13/CENPF/AURKB/GEN1/CCNB1/SKA3/CDK1/BUB1B/ZWINT/CDC20",12
"GO:1901992","positive regulation of mitotic cell cycle phase transition","14/541","91/18842",0.153846153846154,5.35816863358453,7.16515693144404,3.07311840727805e-07,3.01165603913249e-05,3.01165603913249e-05,"DBF4B/BIRC5/DLGAP5/UBE2C/ESPL1/STOX1/DTL/CCNB1/SKA3/RRM1/RRM2/CDK1/CDC20/CDC7",14
"GO:0044784","metaphase/anaphase transition of cell cycle","15/541","107/18842",0.14018691588785,4.88244338107002,6.92441945557771,4.06059217953458e-07,3.9141445927317e-05,3.9141445927317e-05,"BIRC5/SPC24/TRIP13/DLGAP5/CENPF/UBE2C/ESPL1/AURKB/GEN1/CCNB1/SKA3/BUB1B/ZWINT/CDC20/MAPK15",15
"GO:0000076","DNA replication checkpoint signaling","8/541","26/18842",0.307692307692308,10.7163372671691,8.5239089088091,4.34214325617474e-07,4.1180326365012e-05,4.1180326365012e-05,"TICRR/RFC3/CLSPN/DNA2/TIMELESS/ORC1/CDC7/CDC45",8
"GO:0007094","mitotic spindle assembly checkpoint signaling","11/541","56/18842",0.196428571428571,6.84123316609453,7.52652647743553,4.56396779549783e-07,4.1286354826965e-05,4.1286354826965e-05,"BIRC5/SPC24/TRIP13/CENPF/AURKB/GEN1/CCNB1/SKA3/BUB1B/ZWINT/CDC20",11
"GO:0071173","spindle assembly checkpoint signaling","11/541","56/18842",0.196428571428571,6.84123316609453,7.52652647743553,4.56396779549783e-07,4.1286354826965e-05,4.1286354826965e-05,"BIRC5/SPC24/TRIP13/CENPF/AURKB/GEN1/CCNB1/SKA3/BUB1B/ZWINT/CDC20",11
"GO:0071174","mitotic spindle checkpoint signaling","11/541","56/18842",0.196428571428571,6.84123316609453,7.52652647743553,4.56396779549783e-07,4.1286354826965e-05,4.1286354826965e-05,"BIRC5/SPC24/TRIP13/CENPF/AURKB/GEN1/CCNB1/SKA3/BUB1B/ZWINT/CDC20",11
"GO:0031577","spindle checkpoint signaling","11/541","57/18842",0.192982456140351,6.72121153160165,7.43760363647654,5.51044515487197e-07,4.90930568343139e-05,4.90930568343139e-05,"BIRC5/SPC24/TRIP13/CENPF/AURKB/GEN1/CCNB1/SKA3/BUB1B/ZWINT/CDC20",11
"GO:1901989","positive regulation of cell cycle phase transition","15/541","110/18842",0.136363636363636,4.74928583431356,6.78056706524485,5.84995397173986e-07,5.05848961085741e-05,5.05848961085741e-05,"DBF4B/BIRC5/DLGAP5/UBE2C/ESPL1/STOX1/DTL/CCNB1/SKA3/RRM1/RRM2/CDK1/CDC20/CDC7/MAPK15",15
"GO:1902749","regulation of cell cycle G2/M phase transition","15/541","110/18842",0.136363636363636,4.74928583431356,6.78056706524485,5.84995397173986e-07,5.05848961085741e-05,5.05848961085741e-05,"DBF4B/AURKA/BRCA1/CENPF/AURKB/STOX1/TICRR/DTL/CCNB1/RRM1/CLSPN/CDK1/PKMYT1/ORC1/CDC7",15
"GO:0071897","DNA biosynthetic process","18/541","157/18842",0.114649681528662,3.99303012821267,6.47481792661975,6.28488714300602e-07,5.33703844762636e-05,5.33703844762636e-05,"DSCC1/POLD1/TK1/POLD3/POLE2/CENPF/TYMS/PCNA/CHRAC1/DTL/PIF1/RFC3/RRM1/TK2/KCNK2/SMOC2/ANKRD1/USP43",18
"GO:0033046","negative regulation of sister chromatid segregation","11/541","58/18842",0.189655172413793,6.60532857416024,7.35079360871862,6.62591507953613e-07,5.33703844762636e-05,5.33703844762636e-05,"BIRC5/SPC24/TRIP13/CENPF/AURKB/GEN1/CCNB1/SKA3/BUB1B/ZWINT/CDC20",11
"GO:0033048","negative regulation of mitotic sister chromatid segregation","11/541","58/18842",0.189655172413793,6.60532857416024,7.35079360871862,6.62591507953613e-07,5.33703844762636e-05,5.33703844762636e-05,"BIRC5/SPC24/TRIP13/CENPF/AURKB/GEN1/CCNB1/SKA3/BUB1B/ZWINT/CDC20",11
"GO:0045841","negative regulation of mitotic metaphase/anaphase transition","11/541","58/18842",0.189655172413793,6.60532857416024,7.35079360871862,6.62591507953613e-07,5.33703844762636e-05,5.33703844762636e-05,"BIRC5/SPC24/TRIP13/CENPF/AURKB/GEN1/CCNB1/SKA3/BUB1B/ZWINT/CDC20",11
"GO:2000816","negative regulation of mitotic sister chromatid separation","11/541","58/18842",0.189655172413793,6.60532857416024,7.35079360871862,6.62591507953613e-07,5.33703844762636e-05,5.33703844762636e-05,"BIRC5/SPC24/TRIP13/CENPF/AURKB/GEN1/CCNB1/SKA3/BUB1B/ZWINT/CDC20",11
"GO:0035825","homologous recombination","12/541","71/18842",0.169014084507042,5.88643878055765,7.09236582474415,7.61104737113195e-07,6.04769710030485e-05,6.04769710030485e-05,"DMC1/RAD54L/RAD51/TOP2A/TRIP13/BRCA1/RAD51AP1/BRIP1/EME2/UHRF1/MSH5/FANCD2",12
"GO:0051984","positive regulation of chromosome segregation","8/541","28/18842",0.285714285714286,9.95088460522841,8.14924924463333,8.21168511729839e-07,6.43796113196194e-05,6.43796113196194e-05,"BIRC5/AURKB/NCAPH/CCNB1/SKA3/CDK1/SMC4/SMC2",8
"GO:1902100","negative regulation of metaphase/anaphase transition of cell cycle","11/541","60/18842",0.183333333333333,6.38515095502157,7.18316406190129,9.46838283592287e-07,7.2304014383411e-05,7.2304014383411e-05,"BIRC5/SPC24/TRIP13/CENPF/AURKB/GEN1/CCNB1/SKA3/BUB1B/ZWINT/CDC20",11
"GO:1905819","negative regulation of chromosome separation","11/541","60/18842",0.183333333333333,6.38515095502157,7.18316406190129,9.46838283592287e-07,7.2304014383411e-05,7.2304014383411e-05,"BIRC5/SPC24/TRIP13/CENPF/AURKB/GEN1/CCNB1/SKA3/BUB1B/ZWINT/CDC20",11
"GO:0030071","regulation of mitotic metaphase/anaphase transition","14/541","100/18842",0.14,4.87593345656192,6.68161645765067,1.00343985741179e-06,7.56439277125811e-05,7.56439277125811e-05,"BIRC5/SPC24/TRIP13/DLGAP5/CENPF/UBE2C/ESPL1/AURKB/GEN1/CCNB1/SKA3/BUB1B/ZWINT/CDC20",14
"GO:0051985","negative regulation of chromosome segregation","11/541","61/18842",0.180327868852459,6.28047634920154,7.10218302171852,1.12556508578666e-06,8.37762367648806e-05,8.37762367648806e-05,"BIRC5/SPC24/TRIP13/CENPF/AURKB/GEN1/CCNB1/SKA3/BUB1B/ZWINT/CDC20",11
"GO:0007052","mitotic spindle organization","16/541","134/18842",0.119402985074627,4.15857864099098,6.30875424026885,1.52854903913313e-06,0.000112348354376285,0.000112348354376285,"BIRC5/KIFC1/KIF11/AURKA/DLGAP5/RCC1/EFHC1/AURKB/KIF4A/PSRC1/CCNB1/KIF15/CENPH/TPX2/UHRF1/KIF23",16
"GO:0007091","metaphase/anaphase transition of mitotic cell cycle","14/541","104/18842",0.134615384615385,4.68839755438646,6.48494018369644,1.62563935440176e-06,0.000118009375356572,0.000118009375356572,"BIRC5/SPC24/TRIP13/DLGAP5/CENPF/UBE2C/ESPL1/AURKB/GEN1/CCNB1/SKA3/BUB1B/ZWINT/CDC20",14
"GO:1901970","positive regulation of mitotic sister chromatid separation","7/541","22/18842",0.318181818181818,11.0816669467316,8.13480363240611,1.81411481854059e-06,0.000130085306500228,0.000130085306500228,"BIRC5/DLGAP5/UBE2C/ESPL1/AURKB/SKA3/CDC20",7
"GO:0045839","negative regulation of mitotic nuclear division","11/541","64/18842",0.171875,5.98607902033272,6.86969844414808,1.85204001225597e-06,0.000131204762314038,0.000131204762314038,"BIRC5/SPC24/TRIP13/CENPF/AURKB/GEN1/CCNB1/SKA3/BUB1B/ZWINT/CDC20",11
"GO:0010971","positive regulation of G2/M transition of mitotic cell cycle","7/541","23/18842",0.304347826086957,10.599855340352,7.92033466185773,2.54345624582629e-06,0.00017804193720784,0.00017804193720784,"DBF4B/STOX1/DTL/CCNB1/RRM1/CDK1/CDC7",7
"GO:0000077","DNA damage checkpoint signaling","14/541","109/18842",0.128440366972477,4.47333344638708,6.25272397987981,2.87466860659725e-06,0.000198859428315198,0.000198859428315198,"RAD51/BRCA1/TICRR/DTL/CLSPN/E2F1/BRIP1/EME2/TIMELESS/CDK1/CDK2/WDR76/FANCD2/CDC7",14
"GO:0007051","spindle organization","19/541","195/18842",0.0974358974358974,3.3935068012702,5.77644553723904,3.67278608169855e-06,0.000251116071632413,0.000251116071632413,"BIRC5/KIFC1/KIF11/AURKA/DLGAP5/RCC1/EFHC1/AURKB/KIF4A/PSRC1/CCNB1/SKA3/ASPM/KIF15/CENPH/TPX2/UHRF1/KIF23/MAPK15",19
"GO:0045005","DNA-templated DNA replication maintenance of fidelity","11/541","69/18842",0.159420289855072,5.55230517827962,6.51331782794721,3.99051215801431e-06,0.00026970358033476,0.00026970358033476,"DDX11/RAD51/POLD1/BRCA1/PCNA/GEN1/DNA2/EME2/TIMELESS/FAM111B/RNASEH2A",11
"GO:0060623","regulation of chromosome condensation","5/541","10/18842",0.5,17.4140480591497,8.92648901242655,4.28440496938302e-06,0.000286276150226956,0.000286276150226956,"NCAPH/CCNB1/NCAPD2/SMC4/SMC2",5
"GO:0051784","negative regulation of nuclear division","11/541","70/18842",0.157142857142857,5.47298653287563,6.44621126370678,4.6134726354562e-06,0.000304800214567219,0.000304800214567219,"BIRC5/SPC24/TRIP13/CENPF/AURKB/GEN1/CCNB1/SKA3/BUB1B/ZWINT/CDC20",11
"GO:0044774","mitotic DNA integrity checkpoint signaling","11/541","71/18842",0.154929577464789,5.39590221551118,6.38038212332838,5.31974008348576e-06,0.00034755635212107,0.00034755635212107,"BRCA1/TICRR/DTL/CLSPN/EME2/TIMELESS/CDK1/CDK2/FANCD2/ORC1/CDC7",11
"GO:0140013","meiotic nuclear division","17/541","166/18842",0.102409638554217,3.56673273500657,5.71091843728899,6.09057773390055e-06,0.000393545022805882,0.000393545022805882,"DMC1/RAD54L/RAD51/TOP2A/TRIP13/ESPL1/NCAPH/RAD51AP1/SKA3/CYP26B1/BRIP1/EME2/ZWINT/SMC4/MSH5/FANCD2/MAPK15",17
"GO:1902751","positive regulation of cell cycle G2/M phase transition","7/541","26/18842",0.269230769230769,9.37679510877293,7.34876080271573,6.3321970306893e-06,0.00040470998413536,0.00040470998413536,"DBF4B/STOX1/DTL/CCNB1/RRM1/CDK1/CDC7",7
"GO:0034080","CENP-A containing chromatin assembly","5/541","11/18842",0.454545454545455,15.8309527810452,8.45944556018686,7.66909988329761e-06,0.000484885024879462,0.000484885024879462,"CENPI/CENPN/OIP5/CENPA/MIS18BP1",5
"GO:0090592","DNA synthesis involved in DNA replication","7/541","27/18842",0.259259259259259,9.0295064010406,7.17846878509218,8.33790610461273e-06,0.000518977198281749,0.000518977198281749,"POLD1/TK1/POLD3/POLE2/PCNA/DTL/USP43",7
"GO:0007131","reciprocal meiotic recombination","10/541","61/18842",0.163934426229508,5.70952395381958,6.33425828528741,8.47309711480406e-06,0.000518977198281749,0.000518977198281749,"DMC1/RAD54L/RAD51/TOP2A/TRIP13/RAD51AP1/BRIP1/EME2/MSH5/FANCD2",10
"GO:0140527","reciprocal homologous recombination","10/541","61/18842",0.163934426229508,5.70952395381958,6.33425828528741,8.47309711480406e-06,0.000518977198281749,0.000518977198281749,"DMC1/RAD54L/RAD51/TOP2A/TRIP13/RAD51AP1/BRIP1/EME2/MSH5/FANCD2",10
"GO:2001251","negative regulation of chromosome organization","13/541","105/18842",0.123809523809524,4.31204999559898,5.85133148118719,9.75815391053732e-06,0.000591525206123293,0.000591525206123293,"BIRC5/SPC24/TRIP13/CENPF/ESPL1/AURKB/PIF1/GEN1/CCNB1/SKA3/BUB1B/ZWINT/CDC20",13
"GO:1902101","positive regulation of metaphase/anaphase transition of cell cycle","6/541","19/18842",0.315789473684211,10.9983461426209,7.49676235612523,1.07503773816083e-05,0.000645022642896496,0.000645022642896496,"DLGAP5/UBE2C/ESPL1/SKA3/CDC20/MAPK15",6
"GO:0061982","meiosis I cell cycle process","14/541","125/18842",0.112,3.90074676524954,5.59448224357618,1.44383280258232e-05,0.000857549179715562,0.000857549179715562,"DMC1/RAD54L/RAD51/TOP2A/TRIP13/RAD51AP1/BRIP1/EME2/ZWINT/MSH5/PKMYT1/FANCD2/CDC20/MAPK15",14
"GO:0044773","mitotic DNA damage checkpoint signaling","10/541","66/18842",0.151515151515152,5.2769842603484,5.98440915044942,1.74336896913904e-05,0.00102510095385375,0.00102510095385375,"BRCA1/TICRR/DTL/CLSPN/EME2/TIMELESS/CDK1/CDK2/FANCD2/CDC7",10
"GO:0051231","spindle elongation","5/541","13/18842",0.384615384615385,13.3954215839613,7.68656930895742,2.03669960042816e-05,0.0011857221436156,0.0011857221436156,"BIRC5/KIF11/AURKB/KIF4A/KIF23",5
"GO:0042770","signal transduction in response to DNA damage","17/541","185/18842",0.0918918918918919,3.20041964330319,5.17110871810355,2.54614892120698e-05,0.00146777996634285,0.00146777996634285,"RAD51/BRCA1/FOXM1/GTSE1/TICRR/DTL/CLSPN/E2F1/BRIP1/EME2/TIMELESS/CDK1/CDK2/ANKRD1/WDR76/FANCD2/CDC7",17
"GO:0010639","negative regulation of organelle organization","25/541","348/18842",0.0718390804597701,2.50201839930312,4.86253393064006,2.69929321812774e-05,0.00154095574005739,0.00154095574005739,"SPEF1/BIRC5/SPC24/TRIP13/KANK2/BRCA1/CENPF/TCHP/PPIF/ESPL1/AURKB/PLEKHH2/CKAP2/KAT2A/PIF1/TRIOBP/GEN1/CCNB1/SKA3/TPX2/BUB1B/ZWINT/BOK/RBM14/CDC20",25
"GO:1901976","regulation of cell cycle checkpoint","9/541","56/18842",0.160714285714286,5.59737259044098,5.92379135444196,2.82517145793073e-05,0.00159730847813776,0.00159730847813776,"RAD51/BIRC5/BRCA1/AURKB/GEN1/CCNB1/SKA3/ZWINT/WDR76",9
"GO:0010638","positive regulation of organelle organization","30/541","466/18842",0.0643776824034335,2.24215211062014,4.66826440195635,3.55321019542514e-05,0.00198979770943808,0.00198979770943808,"DDX11/AURKA/DLGAP5/UBE2C/ESPL1/AURKB/NCAPH/CTTN/MNS1/PSRC1/RAD51AP1/SKA3/PFN2/TPM1/NCAPD2/SDC1/NUSAP1/SDC4/CDC42EP2/CDK1/CDK2/BOK/PLAUR/SMC4/SMC2/NES/CDC20/RABL3/PLK4/MAPK15",30
"GO:0030261","chromosome condensation","8/541","45/18842",0.177777777777778,6.19166153214212,5.99489463039849,3.7065289231657e-05,0.0020560745347372,0.0020560745347372,"TOP2A/NCAPH/CCNB1/NCAPD2/NUSAP1/CDK1/SMC4/SMC2",8
"GO:0000281","mitotic cytokinesis","12/541","104/18842",0.115384615384615,4.0186264751884,5.30734874423683,4.35579292573979e-05,0.00238207588384413,0.00238207588384413,"BIRC5/EFHC1/ESPL1/AURKB/CENPA/CKAP2/ANLN/KIF4A/NUSAP1/KIF20A/IQGAP3/KIF23",12
"GO:0009394","2'-deoxyribonucleotide metabolic process","8/541","46/18842",0.173913043478261,6.05706019448686,5.90415183543038,4.37524141930554e-05,0.00238207588384413,0.00238207588384413,"NUDT18/TK1/TYMS/OGG1/RRM1/RRM2/SHMT1/DNPH1",8
"GO:0090307","mitotic spindle assembly","10/541","74/18842",0.135135135135135,4.70649947544587,5.49267625968126,4.83473934230616e-05,0.00260809792043672,0.00260809792043672,"BIRC5/KIFC1/KIF11/RCC1/AURKB/KIF4A/KIF15/TPX2/UHRF1/KIF23",10
"GO:0009262","deoxyribonucleotide metabolic process","8/541","47/18842",0.170212765957447,5.92818657332757,5.81604960473676,5.14161292030969e-05,0.00274842581558372,0.00274842581558372,"NUDT18/TK1/TYMS/OGG1/RRM1/RRM2/SHMT1/DNPH1",8
"GO:0031297","replication fork processing","9/541","61/18842",0.147540983606557,5.13857155843762,5.56633354885631,5.69449231448674e-05,0.00301654187470108,0.00301654187470108,"DDX11/RAD51/BRCA1/PCNA/GEN1/DNA2/EME2/TIMELESS/FAM111B",9
"GO:0009263","deoxyribonucleotide biosynthetic process","5/541","16/18842",0.3125,10.8837800369686,6.80013027087257,6.43507265950806e-05,0.00331914274016732,0.00331914274016732,"TK1/TYMS/RRM1/RRM2/SHMT1",5
"GO:0009265","2'-deoxyribonucleotide biosynthetic process","5/541","16/18842",0.3125,10.8837800369686,6.80013027087257,6.43507265950806e-05,0.00331914274016732,0.00331914274016732,"TK1/TYMS/RRM1/RRM2/SHMT1",5
"GO:0046385","deoxyribose phosphate biosynthetic process","5/541","16/18842",0.3125,10.8837800369686,6.80013027087257,6.43507265950806e-05,0.00331914274016732,0.00331914274016732,"TK1/TYMS/RRM1/RRM2/SHMT1",5
"GO:0006301","DNA damage tolerance","7/541","37/18842",0.189189189189189,6.58909926562422,5.85085335281275,7.53713896955125e-05,0.00382054975353115,0.00382054975353115,"POLD1/POLD3/BRCA1/POLE2/PCNA/DTL/USP43",7
"GO:0022616","DNA strand elongation","7/541","37/18842",0.189189189189189,6.58909926562422,5.85085335281275,7.53713896955125e-05,0.00382054975353115,0.00382054975353115,"POLD3/PCNA/RFC3/DNA2/MCM3/GINS1/MCM4",7
"GO:0019985","translesion synthesis","6/541","26/18842",0.230769230769231,8.03725295037679,6.17361269662236,7.68731726100219e-05,0.0038633697004011,0.0038633697004011,"POLD1/POLD3/POLE2/PCNA/DTL/USP43",6
"GO:0051785","positive regulation of nuclear division","8/541","52/18842",0.153846153846154,5.35816863358453,5.41072559549249,0.00010850326722862,0.00540677297715495,0.00540677297715495,"AURKA/DLGAP5/UBE2C/ESPL1/RAD51AP1/SKA3/NUSAP1/CDC20",8
"GO:0045842","positive regulation of mitotic metaphase/anaphase transition","5/541","18/18842",0.277777777777778,9.67447114397207,6.3304779287478,0.000120356044883553,0.00594700457071671,0.00594700457071671,"DLGAP5/UBE2C/ESPL1/SKA3/CDC20",5
"GO:0051307","meiotic chromosome separation","4/541","10/18842",0.4,13.9312384473198,7.03242475598352,0.000122981936848041,0.00602611490555402,0.00602611490555402,"ESPL1/NCAPH/ZWINT/MAPK15",4
"GO:0045740","positive regulation of DNA replication","7/541","40/18842",0.175,6.0949168207024,5.54597958328934,0.000126694140876645,0.00615670701119564,0.00615670701119564,"DBF4B/PCNA/DNA2/CDK1/CDK2/E2F8/CDC7",7
"GO:0072527","pyrimidine-containing compound metabolic process","9/541","69/18842",0.130434782608696,4.54279514586514,5.06893757791712,0.000151880916830251,0.007320162220999,0.007320162220999,"TK1/TYMS/OGG1/TKTL1/TK2/DHFR/NME4/SHMT1/NME5",9
"GO:0007076","mitotic chromosome condensation","5/541","19/18842",0.263157894736842,9.16528845218406,6.12233525645789,0.000159500926134247,0.00762492232251521,0.00762492232251521,"NCAPH/NCAPD2/NUSAP1/SMC4/SMC2",5
"GO:0071478","cellular response to radiation","14/541","156/18842",0.0897435897435897,3.12559836959098,4.58351368152347,0.000166662217112556,0.00790301481146634,0.00790301481146634,"SFRP2/RAD51/TMEM109/HYAL2/POLD3/BRCA1/PCNA/AURKB/EGR1/RAD51AP1/METTL3/MMP2/MAPK11/HYAL1",14
"GO:0051256","mitotic spindle midzone assembly","4/541","11/18842",0.363636363636364,12.6647622248362,6.65347819997384,0.00018887498654218,0.00885360819370464,0.00885360819370464,"BIRC5/AURKB/KIF4A/KIF23",4
"GO:0045132","meiotic chromosome segregation","9/541","71/18842",0.126760563380282,4.41482908541824,4.95641472049685,0.000189720175579385,0.00885360819370464,0.00885360819370464,"TRIP13/ESPL1/NCAPH/SKA3/ZWINT/SMC4/MSH5/FANCD2/MAPK15",9
"GO:0009116","nucleoside metabolic process","7/541","43/18842",0.162790697674419,5.66969006576968,5.27069769263541,0.000203290882601614,0.00933867491951165,0.00933867491951165,"TK1/NUDT1/TK2/NME4/MTAP/NME5/DNPH1",7
"GO:0045840","positive regulation of mitotic nuclear division","7/541","43/18842",0.162790697674419,5.66969006576968,5.27069769263541,0.000203290882601614,0.00933867491951165,0.00933867491951165,"AURKA/DLGAP5/UBE2C/ESPL1/SKA3/NUSAP1/CDC20",7
"GO:0051445","regulation of meiotic cell cycle","8/541","57/18842",0.140350877192982,4.88815384116483,5.05461946101687,0.000210138194698971,0.00956163368877699,0.00956163368877699,"TRIP13/RAD51AP1/ASPM/METTL3/ZWINT/PKMYT1/CDC20/MAPK15",8
"GO:0010972","negative regulation of G2/M transition of mitotic cell cycle","9/541","72/18842",0.125,4.35351201478743,4.901705055108,0.000211396663187246,0.00956163368877699,0.00956163368877699,"BRCA1/AURKB/TICRR/DTL/CLSPN/CDK1/PKMYT1/ORC1/CDC7",9
"GO:0050000","chromosome localization","12/541","123/18842",0.0975609756097561,3.39786303593165,4.58721191134025,0.00022160039010127,0.00994664346408756,0.00994664346408756,"BIRC5/KIFC1/SPC24/DLGAP5/CENPF/AURKB/CENPA/PSRC1/CCNB1/SKA3/CDK1/ZWINT",12
"GO:0072528","pyrimidine-containing compound biosynthetic process","7/541","44/18842",0.159090909090909,5.54083347336582,5.18464813617991,0.000235838478585691,0.0105055322279081,0.0105055322279081,"TK1/TYMS/TK2/DHFR/NME4/SHMT1/NME5",7
"GO:0009314","response to radiation","23/541","354/18842",0.0649717514124294,2.26284240316635,4.12400342807615,0.000249534945101308,0.0110320712571105,0.0110320712571105,"SFRP2/SCARA3/RAD51/POLD1/TMEM109/HYAL2/POLD3/BRCA1/PCNA/OGG1/AURKB/EGR1/TICRR/DTL/RAD51AP1/NR2E3/METTL3/MMP2/MAPK11/HYAL1/PLEKHB1/FANCD2/FOS",23
"GO:1902750","negative regulation of cell cycle G2/M phase transition","9/541","74/18842",0.121621621621622,4.23584952790128,4.79521823746276,0.0002609484167292,0.0114505723161768,0.0114505723161768,"BRCA1/AURKB/TICRR/DTL/CLSPN/CDK1/PKMYT1/ORC1/CDC7",9
"GO:0000022","mitotic spindle elongation","4/541","12/18842",0.333333333333333,11.6093653727665,6.32074203475759,0.000276894223187542,0.0120602817210574,0.0120602817210574,"BIRC5/AURKB/KIF4A/KIF23",4
"GO:0051225","spindle assembly","12/541","127/18842",0.094488188976378,3.29084372771333,4.45364509702893,0.00029873859703054,0.0128400705797432,0.0128400705797432,"BIRC5/KIFC1/KIF11/RCC1/AURKB/KIF4A/SKA3/KIF15/TPX2/UHRF1/KIF23/MAPK15",12
"GO:0051310","metaphase chromosome alignment","11/541","109/18842",0.100917431192661,3.51476199358985,4.5270956168535,0.000299164909766126,0.0128400705797432,0.0128400705797432,"BIRC5/KIFC1/SPC24/CENPF/AURKB/CENPA/PSRC1/CCNB1/SKA3/CDK1/ZWINT",11
"GO:0090231","regulation of spindle checkpoint","6/541","33/18842",0.181818181818182,6.33238111241808,5.27118786823968,0.00031184024877572,0.0132871062521828,0.0132871062521828,"BIRC5/AURKB/GEN1/CCNB1/SKA3/ZWINT",6
"GO:0035094","response to nicotine","7/541","47/18842",0.148936170212766,5.18716325166162,4.94152338034386,0.000359369026446955,0.01520208543531,0.01520208543531,"CHRNA3/ATP1A2/CHRNA1/CHRNA5/PENK/MMP2/FOSB",7
"GO:0061640","cytoskeleton-dependent cytokinesis","12/541","130/18842",0.0923076923076923,3.21490118015072,4.3569153596684,0.000370567300787864,0.0155638266330903,0.0155638266330903,"BIRC5/EFHC1/ESPL1/AURKB/CENPA/CKAP2/ANLN/KIF4A/NUSAP1/KIF20A/IQGAP3/KIF23",12
"GO:0007127","meiosis I","11/541","112/18842",0.0982142857142857,3.42061658304727,4.41752812987076,0.000378817738657866,0.0157975056972216,0.0157975056972216,"DMC1/RAD54L/RAD51/TOP2A/TRIP13/RAD51AP1/BRIP1/EME2/ZWINT/MSH5/FANCD2",11
"GO:0033314","mitotic DNA replication checkpoint signaling","4/541","13/18842",0.307692307692308,10.7163372671691,6.02523273027984,0.000390906324157879,0.0160736306716666,0.0160736306716666,"TICRR/CLSPN/ORC1/CDC7",4
"GO:0051255","spindle midzone assembly","4/541","13/18842",0.307692307692308,10.7163372671691,6.02523273027984,0.000390906324157879,0.0160736306716666,0.0160736306716666,"BIRC5/AURKB/KIF4A/KIF23",4
"GO:0030198","extracellular matrix organization","19/541","278/18842",0.0683453237410072,2.38033750448809,3.98643881738459,0.000454916640911782,0.0185757628372311,0.0185757628372311,"MMP19/MMP23B/CCDC80/FBLN5/COL12A1/GDPD2/TIE1/MATN3/ADAMTS15/SMOC2/MMP2/NID1/COL4A1/ADAMTS8/PLAUR/SMOC1/SLC39A8/LOXL2/COLEC12",19
"GO:0043062","extracellular structure organization","19/541","279/18842",0.0681003584229391,2.37180582884477,3.96902523346337,0.000475459870891108,0.0191527284981451,0.0191527284981451,"MMP19/MMP23B/CCDC80/FBLN5/COL12A1/GDPD2/TIE1/MATN3/ADAMTS15/SMOC2/MMP2/NID1/COL4A1/ADAMTS8/PLAUR/SMOC1/SLC39A8/LOXL2/COLEC12",19
"GO:0007292","female gamete generation","11/541","115/18842",0.0956521739130435,3.33138310696777,4.3116317074863,0.000475560945702242,0.0191527284981451,0.0191527284981451,"DMC1/TOP2A/MMP19/TRIP13/INHBB/PTN/NCAPH/CCNB1/SKA3/METTL3/MMP2",11
"GO:0045229","external encapsulating structure organization","19/541","280/18842",0.0678571428571429,2.36333509374175,3.95168612782797,0.000496802350041826,0.0198720940016731,0.0198720940016731,"MMP19/MMP23B/CCDC80/FBLN5/COL12A1/GDPD2/TIE1/MATN3/ADAMTS15/SMOC2/MMP2/NID1/COL4A1/ADAMTS8/PLAUR/SMOC1/SLC39A8/LOXL2/COLEC12",19
"GO:2001252","positive regulation of chromosome organization","10/541","98/18842",0.102040816326531,3.55388735901015,4.35809642875281,0.000510409702495428,0.0202784395315751,0.0202784395315751,"DDX11/AURKB/NCAPH/SKA3/NCAPD2/CDK1/CDK2/SMC4/SMC2/MAPK15",10
"GO:0000910","cytokinesis","15/541","195/18842",0.0769230769230769,2.67908431679226,4.05227137989979,0.000527794215780056,0.0208283891864881,0.0208283891864881,"BIRC5/AURKA/ANXA11/EFHC1/ESPL1/AURKB/CENPA/CKAP2/ANLN/KIF4A/NUSAP1/KIF20A/IQGAP3/E2F8/KIF23",15
"GO:0031023","microtubule organizing center organization","13/541","155/18842",0.0838709677419355,2.92106612605092,4.12906355199726,0.0005431744917478,0.0212924400765138,0.0212924400765138,"KIF11/AURKA/BRCA1/CEP152/XRCC2/KAT2A/GEN1/KIF15/CDK1/CDK2/RBM14/CDC20B/PLK4",13
"GO:0007018","microtubule-based movement","28/541","496/18842",0.0564516129032258,1.96610220022658,3.74892206110112,0.000559438926886371,0.0217847741065686,0.0217847741065686,"SPEF1/KIFC1/ARMC3/DNAI1/KIF11/MAK/DLGAP5/TTLL6/SPAG8/EFHC1/TEKT1/RSPH1/ADCY3/RIBC2/DAW1/MNS1/KIF4A/KIF15/KIF18B/TUBB4B/RABL2A/KIF20A/SPAG6/NME5/IFT81/KIF19/KIF23/SPAG17",28
"GO:0098534","centriole assembly","7/541","51/18842",0.137254901960784,4.78032691819796,4.64785635389778,0.000599311554234349,0.0231838943348551,0.0231838943348551,"BRCA1/CEP152/KAT2A/CDK2/RBM14/CDC20B/PLK4",7
"GO:0071214","cellular response to abiotic stimulus","20/541","311/18842",0.0643086816720257,2.23974894651443,3.79033600761543,0.000704428236555646,0.0268963508503065,0.0268963508503065,"TEK/SFRP2/RAD51/TMEM109/HYAL2/POLD3/BRCA1/PCNA/MYLK/AURKB/EGR1/ATP1A2/PIEZO2/RAD51AP1/ASIC1/METTL3/MMP2/MAPK11/ANKRD1/HYAL1",20
"GO:0104004","cellular response to environmental stimulus","20/541","311/18842",0.0643086816720257,2.23974894651443,3.79033600761543,0.000704428236555646,0.0268963508503065,0.0268963508503065,"TEK/SFRP2/RAD51/TMEM109/HYAL2/POLD3/BRCA1/PCNA/MYLK/AURKB/EGR1/ATP1A2/PIEZO2/RAD51AP1/ASIC1/METTL3/MMP2/MAPK11/ANKRD1/HYAL1",20
"GO:0044771","meiotic cell cycle phase transition","4/541","15/18842",0.266666666666667,9.28749229821319,5.52066510664126,0.000712926466174769,0.027045210458759,0.027045210458759,"ZWINT/PKMYT1/CDC20/MAPK15",4
"GO:0051054","positive regulation of DNA metabolic process","18/541","267/18842",0.0674157303370786,2.34796153606513,3.81401077923821,0.00074639326394781,0.0281332845641867,0.0281332845641867,"DBF4B/DDX11/DSCC1/BRCA1/FOXM1/PCNA/FANCB/AURKB/RAD51AP1/RFC3/SMOC2/DNA2/TIMELESS/CDK1/CDK2/E2F8/CDC7/MAPK15",18
"GO:0044818","mitotic G2/M transition checkpoint","7/541","53/18842",0.132075471698113,4.59993722317162,4.51226114079879,0.000759513121503698,0.02844251518423,0.02844251518423,"BRCA1/TICRR/DTL/CLSPN/CDK1/ORC1/CDC7",7
"GO:0051291","protein heterooligomerization","5/541","26/18842",0.192307692307692,6.69771079198066,4.99846459052899,0.000764271666515024,0.02844251518423,0.02844251518423,"MAT2A/HSD17B8/CBR4/RRM1/RRM2",5
"GO:0007080","mitotic metaphase chromosome alignment","8/541","70/18842",0.114285714285714,3.98035384209137,4.29511476627898,0.000867098527715594,0.0320662851758974,0.0320662851758974,"BIRC5/KIFC1/AURKB/CENPA/PSRC1/CCNB1/SKA3/CDK1",8
"GO:0007098","centrosome cycle","12/541","143/18842",0.0839160839160839,2.92263743650065,3.9679794943329,0.000873544426213509,0.0321027576633465,0.0321027576633465,"KIF11/AURKA/BRCA1/CEP152/XRCC2/KAT2A/GEN1/KIF15/CDK1/CDK2/RBM14/PLK4",12
"GO:0000731","DNA synthesis involved in DNA repair","4/541","16/18842",0.25,8.70702402957486,5.3025024035165,0.000929118379367997,0.0337235559918755,0.0337235559918755,"POLD1/POLD3/RFC3/RRM1",4
"GO:0051290","protein heterotetramerization","4/541","16/18842",0.25,8.70702402957486,5.3025024035165,0.000929118379367997,0.0337235559918755,0.0337235559918755,"HSD17B8/CBR4/RRM1/RRM2",4
"GO:0071347","cellular response to interleukin-1","9/541","88/18842",0.102272727272727,3.56196437573517,4.14171931767762,0.000946998838984302,0.0341616759093724,0.0341616759093724,"INHBB/HYAL2/EGR1/SIRPA/MMP2/MAPK11/ANKRD1/HYAL1/PTGIS",9
"GO:0036297","interstrand cross-link repair","6/541","41/18842",0.146341463414634,5.09679455389748,4.51501124162579,0.00104267551980964,0.0373837320517116,0.0373837320517116,"RAD51/FANCI/FANCB/RAD51AP1/FANCL/FANCD2",6
"GO:0051653","spindle localization","7/541","57/18842",0.12280701754386,4.27713461101923,4.26029140253031,0.00118047472159777,0.0420678264423932,0.0420678264423932,"SAPCD2/ESPL1/CENPA/GJA1/SKA3/ASPM/NUSAP1",7
"GO:0000082","G1/S transition of mitotic cell cycle","16/541","235/18842",0.0680851063829787,2.37127462933103,3.63691700182444,0.00129888910900909,0.0460088431383942,0.0460088431383942,"FAM107A/CCNO/RCC1/KANK2/CDKN2C/CCNB2/STOX1/CCNB1/RRM1/E2F1/RRM2/CDK1/CDK2/E2F3/RBL1/CDC7",16
"GO:0019226","transmission of nerve impulse","7/541","58/18842",0.120689655172414,4.20339091082924,4.20090724781084,0.00130987216915137,0.046120050027605,0.046120050027605,"GHRL/SCN1B/CHRNA1/PENK/KCNK2/SCN4B/CHRNB4",7
"GO:0009411","response to UV","11/541","130/18842",0.0846153846153846,2.94699274847149,3.82991470996517,0.00132289633789954,0.0463013718264841,0.0463013718264841,"SCARA3/POLD1/HYAL2/POLD3/PCNA/AURKB/DTL/METTL3/MMP2/MAPK11/HYAL1",11
