"Gene","Group_1","Group_2","Mock_expression","ZIKV_expression","log2FoldChange","pvalue","Original_significant_call","padj","Regulation","minusLog10P","minusLog10FDR","Mean_expression","log2Mean_expression","Direction"
"SIGLEC10","Mock","ZIKV",0.810017,0.0664947,-3.60664,5e-05,"yes",0.000320686218678815,"Down_in_ZIKV",4.30102999566398,3.49391970324695,0.43825585,0.524320338290168,"Down in ZIKV"
"CCNO","Mock","ZIKV",4.30137,0.53558,-3.00562,5e-05,"yes",0.000320686218678815,"Down_in_ZIKV",4.30102999566398,3.49391970324695,2.418475,1.77335287464193,"Down in ZIKV"
"RRM2","Mock","ZIKV",34.1419,5.48555,-2.63783,5e-05,"yes",0.000320686218678815,"Down_in_ZIKV",4.30102999566398,3.49391970324695,19.813725,4.37946327995614,"Down in ZIKV"
"SFXN2","Mock","ZIKV",5.93441,0.967533,-2.61672,5e-05,"yes",0.000320686218678815,"Down_in_ZIKV",4.30102999566398,3.49391970324695,3.4509715,2.1541202631042,"Down in ZIKV"
"COLEC12","Mock","ZIKV",0.875222,0.143901,-2.60458,5e-05,"yes",0.000320686218678815,"Down_in_ZIKV",4.30102999566398,3.49391970324695,0.5095615,0.594129533888725,"Down in ZIKV"
"CHRNA1","Mock","ZIKV",5.02148,0.846344,-2.5688,5e-05,"yes",0.000320686218678815,"Down_in_ZIKV",4.30102999566398,3.49391970324695,2.933912,1.9759646854803,"Down in ZIKV"
"DHFR","Mock","ZIKV",53.4126,9.23853,-2.53145,5e-05,"yes",0.000320686218678815,"Down_in_ZIKV",4.30102999566398,3.49391970324695,31.325565,5.01460368118196,"Down in ZIKV"
"MFI2","Mock","ZIKV",1.9761,0.347521,-2.50748,5e-05,"yes",0.000320686218678815,"Down_in_ZIKV",4.30102999566398,3.49391970324695,1.1618105,1.11224006484299,"Down in ZIKV"
"MAPK15","Mock","ZIKV",20.7939,3.77391,-2.46203,5e-05,"yes",0.000320686218678815,"Down_in_ZIKV",4.30102999566398,3.49391970324695,12.283905,3.73160740542727,"Down in ZIKV"
"C21orf58","Mock","ZIKV",11.4277,2.1697,-2.39697,5e-05,"yes",0.000320686218678815,"Down_in_ZIKV",4.30102999566398,3.49391970324695,6.7987,2.96323365476175,"Down in ZIKV"
"SPEF1","Mock","ZIKV",1.78022,0.338308,-2.39565,5e-05,"yes",0.000320686218678815,"Down_in_ZIKV",4.30102999566398,3.49391970324695,1.059264,1.04212879698118,"Down in ZIKV"
"ATG16L2","Mock","ZIKV",5.80167,1.1441,-2.34225,5e-05,"yes",0.000320686218678815,"Down_in_ZIKV",4.30102999566398,3.49391970324695,3.472885,2.1612056664439,"Down in ZIKV"
"LOC100134868","Mock","ZIKV",6.6332,1.34332,-2.3039,5e-05,"yes",0.000320686218678815,"Down_in_ZIKV",4.30102999566398,3.49391970324695,3.98826,2.31853666383135,"Down in ZIKV"
"SUSD2","Mock","ZIKV",7.24014,1.48148,-2.28898,5e-05,"yes",0.000320686218678815,"Down_in_ZIKV",4.30102999566398,3.49391970324695,4.36081,2.42245100342451,"Down in ZIKV"
"C6orf118","Mock","ZIKV",5.98062,1.23151,-2.27987,5e-05,"yes",0.000320686218678815,"Down_in_ZIKV",4.30102999566398,3.49391970324695,3.606065,2.20353477033961,"Down in ZIKV"
"DLX6-AS1","Mock","ZIKV",3.14473,0.653523,-2.26662,5e-05,"yes",0.000320686218678815,"Down_in_ZIKV",4.30102999566398,3.49391970324695,1.8991265,1.53561828508645,"Down in ZIKV"
"ADAM28","Mock","ZIKV",0.630283,0.131671,-2.25906,5e-05,"yes",0.000320686218678815,"Down_in_ZIKV",4.30102999566398,3.49391970324695,0.380977,0.465689291889766,"Down in ZIKV"
"C17orf72","Mock","ZIKV",1.09581,0.232334,-2.23773,5e-05,"yes",0.000320686218678815,"Down_in_ZIKV",4.30102999566398,3.49391970324695,0.664072,0.734717856433172,"Down in ZIKV"
"NXPH2","Mock","ZIKV",1.17552,0.250823,-2.22856,5e-05,"yes",0.000320686218678815,"Down_in_ZIKV",4.30102999566398,3.49391970324695,0.7131715,0.776669582136906,"Down in ZIKV"
"AQP7P1","Mock","ZIKV",1.70333,0.364215,-2.2255,5e-05,"yes",0.000320686218678815,"Down_in_ZIKV",4.30102999566398,3.49391970324695,1.0337725,1.02415830678722,"Down in ZIKV"
"EFCAB1","Mock","ZIKV",1.66037,0.361564,-2.19918,5e-05,"yes",0.000320686218678815,"Down_in_ZIKV",4.30102999566398,3.49391970324695,1.010967,1.00788940718927,"Down in ZIKV"
"WNT8B","Mock","ZIKV",45.952,10.0449,-2.19366,5e-05,"yes",0.000320686218678815,"Down_in_ZIKV",4.30102999566398,3.49391970324695,27.99845,4.85790388350428,"Down in ZIKV"
"PI15","Mock","ZIKV",18.3203,4.05363,-2.17615,5e-05,"yes",0.000320686218678815,"Down_in_ZIKV",4.30102999566398,3.49391970324695,11.186965,3.60726698174647,"Down in ZIKV"
"OTX2-AS1","Mock","ZIKV",0.858558,0.190734,-2.17035,5e-05,"yes",0.000320686218678815,"Down_in_ZIKV",4.30102999566398,3.49391970324695,0.524646,0.608474309344397,"Down in ZIKV"
"LOC100507032","Mock","ZIKV",1.15984,0.258594,-2.16517,5e-05,"yes",0.000320686218678815,"Down_in_ZIKV",4.30102999566398,3.49391970324695,0.709217,0.773335571355701,"Down in ZIKV"
"GINS3","Mock","ZIKV",6.46625,1.44722,-2.15965,5e-05,"yes",0.000320686218678815,"Down_in_ZIKV",4.30102999566398,3.49391970324695,3.956735,2.30939013062478,"Down in ZIKV"
"MFGE8","Mock","ZIKV",40.2086,9.30133,-2.112,5e-05,"yes",0.000320686218678815,"Down_in_ZIKV",4.30102999566398,3.49391970324695,24.754965,4.68677867438321,"Down in ZIKV"
"SPARCL1","Mock","ZIKV",4.20209,0.974964,-2.10768,5e-05,"yes",0.000320686218678815,"Down_in_ZIKV",4.30102999566398,3.49391970324695,2.588527,1.8433917755571,"Down in ZIKV"
"TPBG","Mock","ZIKV",191.205,44.9644,-2.08826,5e-05,"yes",0.000320686218678815,"Down_in_ZIKV",4.30102999566398,3.49391970324695,118.0847,6.89584425745157,"Down in ZIKV"
"SLC35G1","Mock","ZIKV",1.02038,0.240317,-2.08609,5e-05,"yes",0.000320686218678815,"Down_in_ZIKV",4.30102999566398,3.49391970324695,0.6303485,0.70518038499708,"Down in ZIKV"
