"cell_id","monocle3_pseudotime"
"GSM2992421",8.16595687069821e-06
"GSM2992422",1.32696799148846e-05
"GSM2992423",0.0538602081280297
"GSM2992424",0.0812330733266025
"GSM2992425",0.0294163674379979
"GSM2992426",0.0294153466933891
"GSM2992427",0.0388436421100105
"GSM2992428",0
"GSM2992429",0.755188189323205
"GSM2992430",0.0388431141731715
"GSM2992431",0.487729266397168
"GSM2992432",0.0112062692154755
"GSM2992433",0.000639566871191266
"GSM2992434",0.173138163074978
"GSM2992435",0.00503423200883879
"GSM2992436",0.987849252814174
"GSM2992437",0.171866740490096
"GSM2992438",0.0235178415259609
"GSM2992439",0.00415976843994342
"GSM2992440",0.352242908641024
"GSM2992441",0.308192038880134
"GSM2992442",0.0276591385234937
"GSM2992443",7.14521226186093e-06
"GSM2992444",0.000640587615800103
"GSM2992445",0.404464845245445
"GSM2992446",0.000641608360408941
"GSM2992447",0.406743700594195
"GSM2992448",0.0240373102014537
"GSM2992449",1.22489353060473e-05
"GSM2992450",0.00638062987577315
"GSM2992451",0.0623904070857171
"GSM2992452",0.00492426855089717
"GSM2992453",0.015957708543153
"GSM2992454",1.122819069721e-05
"GSM2992455",0.00701106363620568
"GSM2992456",0.0549059109983008
"GSM2992457",6.12446765302366e-06
"GSM2992458",1.02074460883728e-05
"GSM2992459",0.103670158742486
"GSM2992460",0.00135524087493116
"GSM2992461",0.000642629105017778
"GSM2992462",9.18670147953549e-06
"GSM2992463",5.10372304418638e-06
"GSM2992464",0.0657622934918825
"GSM2992465",0.0963665143556713
"GSM2992466",0.279640275152456
"GSM2992467",0.393385459550522
"GSM2992468",0.0122760226622682
"GSM2992469",0.0813867669158868
"GSM2992470",8.16595687069821e-06
"GSM2992471",4.0829784353491e-06
"GSM2992472",0
"GSM2992473",0
"GSM2992474",0.25573563046676
"GSM2992475",0.015506467352995
"GSM2992476",0.214556401155676
"GSM2992477",0.250587842292187
"GSM2992478",1.09604838784651
"GSM2992479",0.000643649849626615
"GSM2992480",0.363883142839723
"GSM2992481",0.00228469166482675
"GSM2992482",0.226038290363962
"GSM2992483",3.06223382651183e-06
"GSM2992484",0.0690686106871212
"GSM2992485",0.373484883225498
"GSM2992486",0.0044383251559808
"GSM2992487",0.0643520320507995
"GSM2992488",0.247740352141294
"GSM2992489",0.0388446628546193
"GSM2992490",0.0155074880976038
"GSM2992491",0.500324568804015
"GSM2992492",0.0521790041555739
"GSM2992493",0.687895229677048
"GSM2992494",0.00397095431005379
"GSM2992495",0.0134246421251806
"GSM2992496",0.274746211204283
"GSM2992497",0.0508731906126728
"GSM2992498",0.000644670594235452
"GSM2992499",1.26756929413596
"GSM2992500",1.22489353060473e-05
"GSM2992501",0.0169877463238723
"GSM2992502",0.0538591873834209
"GSM2992503",0.0547325979309869
"GSM2992504",0.0283505979274754
"GSM2992505",7.14521226186093e-06
"GSM2992506",0.0832296457097672
"GSM2992507",0.13178507030588
"GSM2992508",0.109774766138846
"GSM2992509",0.0291321131225817
"GSM2992510",0.117114017517034
"GSM2992511",2.04148921767455e-06
"GSM2992512",0.10956947567195
"GSM2992513",0.0739663531621189
"GSM2992514",0.240648547497151
"GSM2992515",0.00942221783500941
"GSM2992516",0.404465865990054
"GSM2992517",0.0902676817099379
"GSM2992520",0.0357312270220469
"GSM2992521",0.162062262337043
"GSM2992522",0.0774094286952813
"GSM2992523",6.12446765302366e-06
"GSM2992524",0.404466886734662
"GSM2992526",5.10372304418638e-06
"GSM2992527",0.0496673748616054
"GSM2992528",0.0510973846043352
"GSM2992530",0.0880166017683324
"GSM2992531",0.0808165699891343
"GSM2992532",0.0653331451709518
"GSM2992533",0.146170538676979
"GSM2992534",0.11612759320493
"GSM2992535",0.109754587707022
"GSM2992536",4.0829784353491e-06
"GSM2992537",0.366599916248437
"GSM2992538",0.0996283776131668
"GSM2992540",0.136727054489137
"GSM2992541",0.0466189549040921
"GSM2992542",3.06223382651183e-06
"GSM2992543",0.232082634845
"GSM2992544",0.0409766845065045
"GSM2992545",6.12446765302366e-06
"GSM2992546",0.283643573315155
"GSM2992547",0.00160157646778375
"GSM2992548",0.169328702783472
"GSM2992549",0.487534074750877
"GSM2992550",2.04148921767455e-06
"GSM2992552",0.28466355479733
"GSM2992553",0.0811054064864349
"GSM2992554",0.136592664283234
"GSM2992555",0.33118960382098
"GSM2992556",1.02074460883728e-06
"GSM2992557",0
"GSM2992558",0.0429828374739187
"GSM2992560",0.173263195581894
"GSM2992561",0.070630596333445
"GSM2992562",5.10372304418638e-06
"GSM2992563",0.0313463764892228
"GSM2992564",0.0767404267012823
"GSM2992565",0.136530955545558
"GSM2992566",0.0657612727472736
"GSM2992567",0.0218381474802118
"GSM2992568",0.0818208303541412
"GSM2992569",1.02074460883728e-06
"GSM2992571",0.320633784240337
"GSM2992572",0
"GSM2992573",0.0973532542518694
"GSM2992574",0.0712784830440814
"GSM2992576",0.185654813089601
"GSM2992577",4.0829784353491e-06
"GSM2992578",0.404467907479271
"GSM2992579",0.284426982538474
"GSM2992580",0.0917570785153141
"GSM2992581",0.201970799420162
"GSM2992582",0.462644623636363
"GSM2992583",0.181330488115637
"GSM2992584",0.101280020975977
"GSM2992585",3.06223382651183e-06
"GSM2992586",0.517892490276074
"GSM2992587",0.0888708199351538
"GSM2992588",0.0926509686865344
"GSM2992589",1.02074460883728e-06
"GSM2992590",0.157498833508434
"GSM2992591",0.00064569133884429
"GSM2992593",0.259386123150472
"GSM2992594",0.384044244593043
"GSM2992595",2.04148921767455e-06
"GSM2992596",2.04148921767455e-06
"GSM2992597",0.0657602520026648
"GSM2992598",0.116028790473854
"GSM2992599",0.0437697455295094
"GSM2992600",0.0327285542484124
"GSM2992601",0.00719141288353364
"GSM2992602",1.02074460883728e-06
"GSM2992603",0
"GSM2992604",0.0657592312580559
"GSM2992605",0.0657582105134471
"GSM2992606",0.18443265515536
"GSM2992607",0.433370205444232
"GSM2992609",3.06223382651183e-06
"GSM2992610",0.0464242255980449
"GSM2992611",0.115795681676865
"GSM2992612",1.02074460883728e-06
"GSM2992613",0.00423286572573045
"GSM2992614",0.40446892822388
"GSM2992615",0.0443943412825782
"GSM2992617",4.0829784353491e-06
"GSM2992618",0
"GSM2992619",2.04148921767455e-06
"GSM2992620",0.053858166638812
"GSM2992622",0.00613191480482289
"GSM2992623",0.774615937988328
"GSM2992624",0.130706261694599
"GSM2992625",0.0839590478101482
"GSM2992626",0.177039675709866
"GSM2992627",0.211722564547681
"GSM2992628",0.21804328826331
"GSM2992629",0.0318291832895199
"GSM2992630",0.373438668500818
"GSM2992631",0.0766261904122172
"GSM2992632",0.0582938363598184
"GSM2992633",0.774616958732937
"GSM2992634",0.774617979477546
"GSM2992635",0.124232908521299
"GSM2992636",0.761754771861235
"GSM2992637",0.0612926115742436
"GSM2992638",0.462867502185704
"GSM2992639",0.0696820686597284
"GSM2992640",0.171198874412907
"GSM2992642",0.762157588888855
"GSM2992643",0.774619000222154
"GSM2992644",0
"GSM2992645",0.0371708533442716
"GSM2992646",0.0863557589242516
"GSM2992647",1.26011158471239
"GSM2992648",0.0996557694510773
"GSM2992649",1.12512362368036
"GSM2992651",0.581224830975625
"GSM2992652",0
"GSM2992653",0.128020388640577
"GSM2992654",0.179932379957761
"GSM2992655",0
"GSM2992656",0.254086090080255
"GSM2992658",0.141396274969505
"GSM2992659",1.260112605457
"GSM2992660",0.0992991488824606
"GSM2992661",0.0589184943912722
"GSM2992662",0.0434307103724243
"GSM2992663",0.0805081509051142
"GSM2992664",0.0594649020472833
"GSM2992665",0.123701351888283
"GSM2992666",0.0327806666319793
"GSM2992667",0.0656224263438305
"GSM2992668",0.774620020966763
"GSM2992669",0.172757465867367
"GSM2992670",0.0501037931915666
"GSM2992671",0.123199026349507
"GSM2992672",0.106413150467825
"GSM2992673",0.774621041711372
"GSM2992674",0.774622062455981
"GSM2992675",0.107958003677334
"GSM2992676",0.0766887284805913
"GSM2992677",0.0493069717903608
"GSM2992678",1.122819069721e-05
"GSM2992679",1.02074460883728e-05
"GSM2992681",1.02074460883728e-06
"GSM2992682",0.130360897318188
"GSM2992683",1.22728420431086
"GSM2992684",0.0740683670405233
"GSM2992685",0.162861268299
"GSM2992686",0.697887831100875
"GSM2992687",0.164957923403533
"GSM2992688",0.77462308320059
"GSM2992689",0.774624103945199
"GSM2992690",0.214236084924988
"GSM2992691",0.0155085088422127
"GSM2992692",0.10726321221143
"GSM2992693",0.162412709262567
"GSM2992694",0.150041962066835
"GSM2992695",0.226238189945879
"GSM2992697",0.117090869821566
"GSM2992698",0.278634002294907
"GSM2992699",0.504083278673797
"GSM2992700",0.0947312927135977
"GSM2992701",0.0280638852181865
"GSM2992702",0.0957468958854715
"GSM2992703",0.774625124689807
"GSM2992705",0.121769098348758
"GSM2992706",0.0805084027856233
"GSM2992707",0.727543733215426
"GSM2992708",0.157674635352275
"GSM2992709",0.675022868489743
"GSM2992710",0.129417796762343
"GSM2992711",0.0520058262256502
"GSM2992713",0.154332939262011
"GSM2992714",0.0507143116539222
"GSM2992715",0.774626145434416
"GSM2992716",0.774627166179025
"GSM2992717",0.183868037830016
"GSM2992718",0.173559555844357
"GSM2992719",0.109885419825187
"GSM2992720",0.164144992107644
"GSM2992721",0.546485794160448
"GSM2992722",0.774628186923634
"GSM2992723",0.161023056192633
"GSM2992724",0.152145837046126
"GSM2992725",0.0846531741375187
"GSM2992726",0.0774478857332217
"GSM2992727",0.00691349405137909
"GSM2992728",0.0124805941138184
"GSM2992729",0.17999090168018
"GSM2992730",0.0206264449867601
"GSM2992731",0.615437944405298
"GSM2992732",0.141149253492086
"GSM2992733",0.128556937594088
"GSM2992734",0.127154151859074
"GSM2992735",0.0966770950973557
"GSM2992736",0.156123654875138
"GSM2992737",0.0697594922070397
"GSM2992739",0.774629207668243
"GSM2992740",0.0744599490273457
"GSM2992741",0.289700391156168
"GSM2992742",0.0768189553791025
"GSM2992743",0.774630228412852
"GSM2992744",0.0940499469922427
"GSM2992745",0.0201371716388588
"GSM2992747",0.774631249157461
"GSM2992748",0
"GSM2992749",0.123942315925588
"GSM2992750",0.0863567796688605
"GSM2992751",0.0384985074290949
"GSM2992752",0.29484413269879
"GSM2992753",0.227147606844175
"GSM2992754",1.02074460883728e-05
"GSM2992755",0.0508742113572817
"GSM2992756",0.270611539767223
"GSM2992757",0.0508752321018905
"GSM2992758",0.0309703485024129
"GSM2992759",0.0863578004134693
"GSM2992760",0.0538571458942032
"GSM2992761",0.112357485084893
"GSM2992762",0.157914519296819
"GSM2992763",0.0141919088539094
"GSM2992764",0.220313110703411
"GSM2992765",0.0309713692470217
"GSM2992766",0.0195446053267798
"GSM2992767",0
"GSM2992768",0.0309723899916305
"GSM2992769",0.94028130348178
"GSM2992770",0.262434765563154
"GSM2992771",0.022828095504188
"GSM2992772",0.000275325892076239
"GSM2992773",0.889660322235349
"GSM2992774",0.128176595846352
"GSM2992775",0.0281044588410121
"GSM2992776",0.0508762528464993
"GSM2992777",0.0112357894138324
"GSM2992778",9.18670147953549e-06
"GSM2992779",0.0738440348717382
"GSM2992780",0.0872032047843171
"GSM2992781",0.0376837718586988
"GSM2992782",9.18670147953549e-06
"GSM2992783",0.0508772735911082
"GSM2992784",0.339963847843621
"GSM2992785",0.0538561251495944
"GSM2992786",0.0112347686692236
"GSM2992787",0.0840119184891928
"GSM2992788",0.0761916790245316
"GSM2992789",0.0309734107362394
"GSM2992790",0
"GSM2992791",0.0309744314808482
"GSM2992792",8.16595687069821e-06
"GSM2992793",0.231131799871719
"GSM2992794",0.0309754522254571
"GSM2992795",0.10913591346137
"GSM2992796",0.0411900070800814
"GSM2992797",7.14521226186093e-06
"GSM2992798",0.278088145938969
"GSM2992799",0.0252166559028369
"GSM2992800",0.173452644819305
"GSM2992801",0.0140380786395265
"GSM2992802",0.1457900509993
"GSM2992803",0.0309764729700659
"GSM2992804",0.113125379165205
"GSM2992805",0.012431822785633
"GSM2992806",8.16595687069821e-06
"GSM2992807",0.0309774937146747
"GSM2992808",0.050878294335717
"GSM2992809",0.0112337479246147
"GSM2992810",0.0309785144592836
"GSM2992811",0.217930575454725
"GSM2992812",0.0538551044049855
"GSM2992813",0.0588817077645503
"GSM2992814",0.175071597155204
"GSM2992815",0.335594527593672
"GSM2992816",0.774632269902069
"GSM2992817",0.0538540836603767
"GSM2992818",0.0362848982159717
"GSM2992819",1.12809328461594
"GSM2992820",0.030958622590175
"GSM2992821",0.0538530629157679
"GSM2992822",0.0863588211580781
"GSM2992823",0.840824201660165
"GSM2992824",0.495221060973983
"GSM2992825",0.086359841902687
"GSM2992826",0.0863608626472958
"GSM2992827",0.47555888772965
"GSM2992828",0.0508793150803258
"GSM2992829",0.053852042171159
"GSM2992830",0.0863618833919046
"GSM2992831",0.0863629041365135
"GSM2992832",0.177693670590446
"GSM2992833",0
"GSM2992834",0.220088672991295
"GSM2992835",6.12446765302366e-06
"GSM2992836",0.458980654834621
"GSM2992837",0.553831182311814
"GSM2992838",0.349208899879137
"GSM2992839",0.0473165642780985
"GSM2992840",0.260635993520029
"GSM2992841",0.0863639248811223
"GSM2992842",0.0538510214265502
"GSM2992843",0.165227484158726
"GSM2992844",0.0508803358249347
"GSM2992845",0.515780072950047
"GSM2992846",0.176086685021587
"GSM2992847",0.193158821771535
"GSM2992848",0.0309795352038924
"GSM2992849",0.324401419356006
"GSM2992850",0.165243367489071
"GSM2992851",0.32335069914664
"GSM2992852",0.184463152780903
"GSM2992853",0.202181497272948
"GSM2992854",0.113984276576617
"GSM2992855",0.11009297989371
"GSM2992856",7.14521226186093e-06
"GSM2992857",0.0679413989642424
"GSM2992858",0.0538500006819413
"GSM2992859",0.380737447392303
"GSM2992860",0.0508813565695435
"GSM2992861",0.0309805559485012
"GSM2992862",0.0538489799373325
"GSM2992863",0.0309815766931101
"GSM2992864",0.0538479591927237
"GSM2992865",0.0863649456257312
"GSM2992866",0.223020122610335
"GSM2992867",0.154006401043958
"GSM2992868",0.061610860076518
"GSM2992869",0.244154044522795
"GSM2992870",0.16261928781333
"GSM2992871",0.0309825974377189
"GSM2992872",0.141556275005975
"GSM2992873",0.121624468943674
"GSM2992874",6.12446765302366e-06
"GSM2992875",0.0215028474664115
"GSM2992876",0.000235772535165893
"GSM2992877",0.168256704101241
"GSM2992878",0.118223649610931
"GSM2992879",0.0862805169173655
"GSM2992880",0.0309836181823278
"GSM2992881",0.0427381064572598
"GSM2992882",0.0849859348449714
"GSM2992883",0.0538469384481148
"GSM2992884",1.47911897843987
"GSM2992885",0.113041116145218
"GSM2992886",0.0481351235903026
"GSM2992887",0.0508236798410193
"GSM2992889",0.117363795560514
"GSM2992890",0.0508823773141523
"GSM2992891",0.0240759334819558
"GSM2992894",1.20581910356039
"GSM2992895",0.385967498999858
"GSM2992896",1.44974668319337
"GSM2992897",0.0309846389269366
"GSM2992898",0.226895488973102
"GSM2992899",0.0508833980587612
"GSM2992900",0.0309856596715454
"GSM2992901",0.0309866804161543
"GSM2992902",0.15698727668353
"GSM2992903",0.0675332404946323
"GSM2992905",1.01796852148931
"GSM2992906",0.412757291446259
"GSM2992908",0.120989879160712
"GSM2992910",0
"GSM2992911",0.0111044158741629
"GSM2992912",0.0112327271800059
"GSM2992914",1.37615324687773
"GSM2992915",0.053845917703506
"GSM2992916",0.0112317064353971
"GSM2992917",0.0199724234766097
"GSM2992918",5.10372304418638e-06
"GSM2992919",0.0538448969588972
"GSM2992920",1.33697667612799
"GSM2992922",0.161846087118098
"GSM2992923",0.294938970022379
"GSM2992925",0.227331250195874
"GSM2992926",0.135088158293391
"GSM2992927",5.10372304418638e-06
"GSM2992928",0.0721507551703154
"GSM2992929",0.308049032911515
"GSM2992932",0.255830287504013
"GSM2992933",0.0538438762142883
"GSM2992934",0.0538428554696795
"GSM2992935",0.140231610003549
"GSM2992936",0.0538418347250706
"GSM2992937",4.0829784353491e-06
"GSM2992938",0.0309877011607631
"GSM2992939",3.06223382651183e-06
"GSM2992940",2.04148921767455e-06
"GSM2992941",0.0848659166749208
"GSM2992943",0.159652772865825
"GSM2992944",0.0538408139804618
"GSM2992945",0.113928407717682
"GSM2992946",0.0879942223676814
"GSM2992947",0.0826717330202422
"GSM2992948",0.0388456835992281
"GSM2992949",1.40863343546759
"GSM2992950",0.08636596637034
"GSM2992951",0.0863669871149488
"GSM2992952",0.138498317172214
"GSM2992953",0.174142488603315
"GSM2992954",0.22308355193467
"GSM2992955",0.105881802004561
"GSM2992956",0.451638940734026
"GSM2992957",1.02074460883728e-06
"GSM2992958",0.000429794426863417
"GSM2992959",0.117224193981845
"GSM2992960",0.167808287122408
"GSM2992961",0.132548850594647
"GSM2992962",0.013271799483829
"GSM2992963",0.053839793235853
"GSM2992964",0.128244416493131
"GSM2992965",0.0803422917424049
"GSM2992966",0.295767349565876
"GSM2992967",0.246115236378221
"GSM2992968",0.254291365965678
"GSM2992969",4.0829784353491e-06
"GSM2992970",0.05088441880337
"GSM2992971",0.0538387724912441
"GSM2992972",0.214763814642627
"GSM2992973",0.0508854395479789
"GSM2992974",0.169220604088793
"GSM2992975",0.0538377517466353
"GSM2992976",0.0838822205052405
"GSM2992978",0.282615677420548
"GSM2992979",0.41101692124937
"GSM2992980",0.255386894107494
"GSM2992981",0.268286540708085
"GSM2992982",0.472610328129015
"GSM2992983",0
"GSM2992984",0.204500083863663
"GSM2992985",0.435246320114957
"GSM2992986",0.206117767557889
"GSM2992987",1.02074460883728e-06
"GSM2992988",0.207674811433808
"GSM2992989",0.160220465697367
"GSM2992990",0.396897883677103
"GSM2992991",2.04148921767455e-06
"GSM2992993",0.0500126534712051
"GSM2992994",0.0538367310020265
"GSM2992995",0.053617183646436
"GSM2992996",0.0508864602925877
"GSM2992997",0.2380084976733
"GSM2992998",0.0538357102574176
"GSM2992999",0.368260922848412
"GSM2993000",0.222334300274008
"GSM2993001",0.184751141162348
"GSM2993002",3.06223382651183e-06
"GSM2993003",0.0309887219053719
"GSM2993004",4.0829784353491e-06
"GSM2993005",0.573379419373835
"GSM2993006",0.0832064855837711
"GSM2993009",0.144201396581837
"GSM2993013",0.0869092699126074
"GSM2993014",1.02074460883728e-06
"GSM2993015",0.0716983920401131
"GSM2993016",0.175065569143597
"GSM2993017",0.124343579121286
"GSM2993018",0.144044312560734
"GSM2993019",5.10372304418638e-06
"GSM2993020",0.293473387567944
"GSM2993021",0.113178898803406
"GSM2993022",0.0538346895128088
"GSM2993023",2.04148921767455e-06
"GSM2993024",6.12446765302366e-06
"GSM2993025",3.06223382651183e-06
"GSM2993026",0.187990562977642
"GSM2993027",0.0887544572266014
"GSM2993028",0.149562185112398
"GSM2993029",0.182560300368717
"GSM2993030",0.00420634532899899
"GSM2993031",0.0508874810371965
"GSM2993032",0.0841308468276563
"GSM2993033",0.0309897426499808
"GSM2993034",0.208051855133321
"GSM2993035",0.637389503959012
"GSM2993036",0.224576669447329
"GSM2993037",0.0911238254198774
"GSM2993038",2.04148921767455e-06
"GSM2993039",0.258663445866465
"GSM2993040",0.0042970190927426
"GSM2993041",0.364898299725532
"GSM2993043",0.664673643579658
"GSM2993044",0.0239423756712332
"GSM2993045",0
"GSM2993046",0.242075863846263
"GSM2993047",0.099584382995598
"GSM2993048",1.02074460883728e-06
"GSM2993049",0.0737094227513987
"GSM2993050",0.0976509019461543
"GSM2993051",0.0112306856907882
"GSM2993052",0.201427920404045
"GSM2993053",0.0445391201219608
"GSM2993054",0.218500857367608
"GSM2993055",0.0518424843630643
"GSM2993056",0.119459597993619
"GSM2993057",0.0752643045354983
"GSM2993058",0.0309907633945896
"GSM2993059",0.0876968761442359
"GSM2993060",0.250060358742276
"GSM2993061",0
"GSM2993062",0.0863680078595577
"GSM2993063",0.0125235824677193
"GSM2993064",0.0508885017818054
"GSM2993065",0.017158689049777
"GSM2993066",0.171368304335115
"GSM2993067",0.0367379705467474
"GSM2993068",0.186458113941557
"GSM2993069",7.14521226186093e-06
"GSM2993070",0.313664802283518
"GSM2993071",0.0512365902575176
"GSM2993072",8.16595687069821e-06
"GSM2993073",0
"GSM2993074",0.123212201257337
"GSM2993075",0.375007398167845
"GSM2993076",0.0863690286041665
"GSM2993077",0.022685295267826
"GSM2993078",0.0239785746128269
"GSM2993079",0.277942917718112
"GSM2993080",0.026979425241336
"GSM2993081",0.0863700493487753
"GSM2993082",0.0538336687681999
"GSM2993083",1.28456933533125
"GSM2993084",9.18670147953549e-06
"GSM2993085",0
"GSM2993086",0.0538326480235911
"GSM2993087",1.16354038091191
"GSM2993088",0.187420349327684
"GSM2993089",1.02074460883728e-06
"GSM2993090",0.0309917841391985
"GSM2993091",1.26011362620161
"GSM2993092",0.0843071761358382
"GSM2993093",0.467184854612998
"GSM2993094",1.02074460883728e-05
"GSM2993095",2.04148921767455e-06
"GSM2993096",0.0309928048838073
"GSM2993097",0.0538316272789823
"GSM2993099",1.05049093571813
"GSM2993100",0.0129614869022407
"GSM2993101",0.0538306065343734
"GSM2993102",1.10160438167928
"GSM2993103",0.115839165006564
"GSM2993104",0.135821821458959
"GSM2993105",0.0608275095132355
"GSM2993106",0.182926922964806
"GSM2993107",0.0664513528084512
"GSM2993108",0.0650629004471284
"GSM2993109",0.0897170797628153
"GSM2993110",0.045457698623773
"GSM2993111",0.0240587664444556
"GSM2993112",0.0944828861537751
"GSM2993113",0.0828447918536348
"GSM2993114",0.20012019153573
"GSM2993115",1.18099305760714
"GSM2993116",0
"GSM2993117",0.0852120346117746
"GSM2993118",1.13474605703724
"GSM2993119",0.000455847258153952
"GSM2993120",0.137384842424311
"GSM2993121",0.108933084030369
"GSM2993122",0.0508895225264142
"GSM2993123",0.0538295857897646
"GSM2993124",0.0372998138884313
"GSM2993125",0.038846704343837
"GSM2993126",0.050890543271023
"GSM2993127",0.215932008862841
"GSM2993128",0.0551465682217223
"GSM2993129",1.16307987070472
"GSM2993130",1.01883948179201
"GSM2993131",0.159119962436925
"GSM2993132",0.171605837359397
"GSM2993133",0.0388477250884458
"GSM2993134",0.0538285650451558
"GSM2993135",0.0240034050964029
"GSM2993136",0.0380540114682429
"GSM2993137",0.370064439211751
"GSM2993138",0.841152674117861
"GSM2993139",0.0362986856179914
"GSM2993140",0.0566363718253764
"GSM2993141",1.122819069721e-05
"GSM2993142",0.0508915640156319
"GSM2993143",0
"GSM2993144",0.0484062653282615
"GSM2993145",0.0508982325736542
"GSM2993146",0.0309938256284161
"GSM2993147",0.116191860481065
"GSM2993148",0.0472694537588223
"GSM2993149",0.111366278553686
"GSM2993150",0.0590860618008119
"GSM2993151",0.0508925847602407
"GSM2993152",0.811339514757954
"GSM2993153",1.22489353060473e-05
"GSM2993154",0.0381290934927054
"GSM2993155",0.0538275443005469
"GSM2993156",0.421385253439647
"GSM2993157",0.0863710700933842
"GSM2993158",0.0538265235559381
"GSM2993159",0.813023214576626
"GSM2993160",0.0508936055048496
"GSM2993161",0.0735357498406306
"GSM2993162",0.320582849422643
"GSM2993163",0.923648963164361
"GSM2993164",0.319086123240736
"GSM2993165",0.45494705699436
"GSM2993166",0.086372090837993
"GSM2993167",0.173675369863825
"GSM2993168",0.0153542951160641
"GSM2993169",0.844768061100543
"GSM2993170",0
"GSM2993171",0.463763303920167
"GSM2993172",0.0430615719978464
"GSM2993173",0.030994846373025
"GSM2993174",0.000455847258153952
"GSM2993175",0.0863731115826019
"GSM2993176",0.146675854358964
"GSM2993177",3.06223382651183e-06
"GSM2993178",0.0538255028113293
"GSM2993179",0.215896352950646
"GSM2993180",0.345868567346761
"GSM2993181",0.0863741323272107
"GSM2993182",1.32696799148846e-05
"GSM2993183",0.230132555301475
"GSM2993184",4.0829784353491e-06
"GSM2993185",0.00640638924582082
"GSM2993186",1.42904245237219e-05
"GSM2993187",0.0570281504643739
"GSM2993188",0.0580924145315986
"GSM2993189",1.53111691325591e-05
"GSM2993190",0.110148685368758
"GSM2993191",0.939820213227945
"GSM2993192",0.0730419868184136
"GSM2993193",0.154761371681825
"GSM2993194",1.22764526778722
"GSM2993195",0.0801844294194505
"GSM2993196",0.0669918056730432
"GSM2993197",0.0538244820667204
"GSM2993198",0.0538234613221116
"GSM2993199",0.0508946262494584
"GSM2993200",0.161181851607446
"GSM2993201",0.356213711900266
"GSM2993202",0.832408073635742
"GSM2993203",0.0800032871808525
"GSM2993204",0.0176594749816332
"GSM2993205",0
"GSM2993206",0.0508956469940672
"GSM2993207",0.236590451476296
"GSM2993208",0.0603855003734854
"GSM2993209",0.0845375542859199
"GSM2993210",0.105939858002946
"GSM2993211",0.0820443439052883
"GSM2993212",5.10372304418638e-06
"GSM2993213",0.0824951769493172
"GSM2993214",0.0863751530718195
"GSM2993215",0.337606911860185
"GSM2993216",0.939821233972553
"GSM2993217",0.101776893189728
"GSM2993218",0.0309958671176338
"GSM2993219",0.0863761738164284
"GSM2993220",0.00991296092170235
"GSM2993221",0.0592904986251694
"GSM2993222",1.63319137413964e-05
"GSM2993223",0.120876058656437
"GSM2993224",0.633495939780032
"GSM2993225",0.0863771945610372
"GSM2993226",0.086378215305646
"GSM2993227",0.0309968878622426
"GSM2993228",0.0863792360502549
"GSM2993229",0.125766968678674
"GSM2993230",0.341825559673062
"GSM2993231",0.0874248052165678
"GSM2993232",0.307487490602005
"GSM2993233",0.0863802567948637
"GSM2993234",0.0538224405775027
"GSM2993235",1.23115286035758
"GSM2993236",0.164265620559811
"GSM2993237",0.0863812775394726
"GSM2993238",0.0252869585249888
"GSM2993239",0.371815553521914
"GSM2993240",0.0863822982840814
"GSM2993241",0.0863833190286902
"GSM2993242",0.162277879647988
"GSM2993243",0.0309979086068515
"GSM2993244",0.837721674037754
"GSM2993245",0.221638203928523
"GSM2993246",0.0801117048244626
"GSM2993247",0.082496197693926
"GSM2993248",1.03007821037266
"GSM2993249",0.230380345568782
"GSM2993250",0.0863843397732991
"GSM2993251",0.518417170468773
"GSM2993252",0.145310280464248
"GSM2993253",0.128975673066287
"GSM2993254",0.0863853605179079
"GSM2993255",0.0863863812625167
"GSM2993256",0.0679010948139882
"GSM2993257",0.801336733374695
"GSM2993258",0.0863874020071256
"GSM2993259",1.73526583502337e-05
"GSM2993260",0.33656782184924
"GSM2993261",0.623254522125939
"GSM2993262",0.0863884227517344
"GSM2993263",0.0863894434963433
"GSM2993264",0.0314932373717907
"GSM2993265",0.242689010010339
"GSM2993266",0.0216677244036236
"GSM2993267",0.203995531736011
"GSM2993268",0.126181287082924
"GSM2993269",0.920722821757052
"GSM2993270",0.108324621085555
"GSM2993271",0.259690737351441
"GSM2993272",0.00173362592821258
"GSM2993275",0.0795523555068602
"GSM2993276",0.0863904642409521
"GSM2993277",0.000996196129825933
"GSM2993278",0.0390228657298575
"GSM2993279",0.000168232647644873
"GSM2993280",0.349892742141106
"GSM2993281",0.939822254717162
"GSM2993282",0.0863914849855609
"GSM2993283",0.0863925057301698
"GSM2993284",0.0863935264747786
"GSM2993285",0.0863945472193874
"GSM2993286",0.0863955679639963
"GSM2993287",0.0863965887086051
"GSM2993288",0.0477034991610195
"GSM2993289",0.086397609453214
"GSM2993290",0.0863986301978228
"GSM2993291",0.213738606663273
"GSM2993292",0.0863996509424316
"GSM2993293",0.0864006716870405
"GSM2993294",0.136044943870257
"GSM2993295",0.0864016924316493
"GSM2993296",0.0864027131762581
"GSM2993297",0.086403733920867
"GSM2993298",0.0864047546654758
"GSM2993299",0.0484514260774342
"GSM2993300",0.161632206231901
"GSM2993301",0.0672585336697993
"GSM2993302",0.0512571461381124
"GSM2993303",0.0864057754100847
"GSM2993304",0.0864067961546935
"GSM2993305",0.0864078168993023
"GSM2993306",0.20381543754679
"GSM2993307",0.878530400728239
"GSM2993308",0.0864088376439112
"GSM2993309",0.08640985838852
"GSM2993310",0.539701403337235
"GSM2993311",0.581341455068153
"GSM2993312",0.359172228911408
"GSM2993313",0.0864108791331288
"GSM2993314",0.0152933892283778
"GSM2993315",0.270330284465443
"GSM2993316",0.0864118998777377
"GSM2993317",0.0864129206223465
"GSM2993318",0.618121398764474
"GSM2993319",0.0864139413669553
"GSM2993320",0.0864149621115642
"GSM2993321",0.736507887745454
"GSM2993322",0.403379086423238
"GSM2993323",0.424559132286983
"GSM2993324",0.058014010295957
"GSM2993325",0.086415982856173
"GSM2993326",0.0864170036007819
"GSM2993327",0.0864180243453907
"GSM2993328",0.824854578138995
"GSM2993329",0.0643317619121205
"GSM2993330",0.0864190450899995
"GSM2993331",0.0720903373992545
"GSM2993332",0.0864200658346084
"GSM2993333",0.0864210865792172
"GSM2993334",0.0771528837737661
"GSM2993335",0.252294947440685
"GSM2993336",0.086422107323826
"GSM2993337",0.416479878629287
"GSM2993338",0.0864231280684349
"GSM2993339",0.0864241488130437
"GSM2993340",0.0333373358160003
"GSM2993341",0.0864251695576526
"GSM2993342",0.0864261903022614
"GSM2993343",0.0864272110468702
"GSM2993344",0.0864282317914791
"GSM2993345",0.0864292525360879
"GSM2993346",0.0864302732806967
"GSM2993347",0.0635837478016192
"GSM2993348",0.0864312940253056
"GSM2993349",0.0864323147699144
"GSM2993350",0.0864333355145233
"GSM2993351",0.0864343562591321
"GSM2993352",0.152228564325583
"GSM2993353",0.202457076431714
"GSM2993354",0.0155224401984289
"GSM2993355",0.0864353770037409
"GSM2993356",0.0864363977483498
"GSM2993357",0.154630102451425
"GSM2993358",0.0864374184929586
"GSM2993359",0.246980034988437
"GSM2993360",0.0864384392375674
"GSM2993361",0.0864394599821763
"GSM2993362",0.0864404807267851
"GSM2993363",0.221663089046715
"GSM2993364",0.086441501471394
"GSM2993365",0.0864425222160028
"GSM2993366",0.277398305919138
"GSM2993367",0.0864435429606116
"GSM2993368",0.0864445637052205
"GSM2993369",0.0431915049114298
"GSM2993370",0.313703578371639
"GSM2993371",0.053838131683615
"GSM2993372",0.0864455844498293
"GSM2993373",0.0864466051944381
"GSM2993374",0.086447625939047
"GSM2993375",0.0864486466836558
"GSM2993376",0.0864496674282647
"GSM2993377",0.0864506881728735
"GSM2993378",0.21550497725352
"GSM2993379",0.0864517089174823
"GSM2993380",0.0864527296620912
"GSM2993381",0.123100390414796
"GSM2993382",0.0864537504067
"GSM2993383",0.0864547711513088
"GSM2993384",0.0864557918959177
"GSM2993385",0.30168274269463
"GSM2993386",0.322799703938107
"GSM2993387",0.0864568126405265
"GSM2993388",0.0112086406843672
"GSM2993389",0.600137300143575
"GSM2993390",0.0864578333851354
"GSM2993391",0.376770152059996
"GSM2993392",0.0864588541297442
"GSM2993393",0.086459874874353
"GSM2993394",0.890093791920408
"GSM2993395",0.0155259516777213
"GSM2993396",0.143643533669526
"GSM2993397",0.0166613746816839
"GSM2993398",0.0864608956189619
"GSM2993399",0.362566511279191
"GSM2993400",0.297109947674895
"GSM2993401",0.0864619163635707
"GSM2993402",0.224343258211233
"GSM2993403",0.0864629371081795
"GSM2993404",0.0864639578527884
"GSM2993405",0.0864649785973972
"GSM2993406",0.0864659993420061
"GSM2993407",0.0864670200866149
"GSM2993408",0.0456524708116168
"GSM2993409",0.630711415876028
"GSM2993410",0.276714343576574
"GSM2993411",0.0864680408312237
"GSM2993412",0.0864690615758326
"GSM2993413",0.134655180976726
"GSM2993414",0.173871259554933
"GSM2993415",0.0864700823204414
"GSM2993416",0.183505430471795
"GSM2993418",0.0864711030650502
"GSM2993419",0.0864721238096591
"GSM2993420",0.0864731445542679
"GSM2993421",0.0864741652988767
"GSM2993422",0.0864751860434856
"GSM2993423",0.0824972184385349
"GSM2993424",0.0864762067880944
"GSM2993425",0.0864772275327033
"GSM2993426",0.0947564045639752
"GSM2993427",0.0388487458330546
"GSM2993428",0.0388497665776635
"GSM2993430",0.0538214198328939
"GSM2993431",0.0508966677386761
"GSM2993432",0.926363413199195
"GSM2993433",1.29180830346798
"GSM2993434",0.0309989293514603
"GSM2993435",6.12446765302366e-06
"GSM2993436",0.149341265170787
"GSM2993437",0.0388507873222723
"GSM2993438",0.00561166597271412
"GSM2993441",0.0309999500960692
"GSM2993442",1.26352488799502
"GSM2993444",0.203329604618075
"GSM2993445",0.0864782482773121
"GSM2993446",0.031000970840678
"GSM2993447",0.0379041544345442
"GSM2993448",0.127131487357082
"GSM2993449",0.0726274600126116
"GSM2993450",0.134583654958897
"GSM2993451",0.0605263559322786
"GSM2993452",0.875499890578503
"GSM2993453",0.304885551567193
"GSM2993454",0.000379872715128293
"GSM2993455",0.103786109240009
"GSM2993456",0.0139107554565319
"GSM2993457",0.0300925115497159
"GSM2993458",0.909289321065806
"GSM2993459",0.0923407367030531
"GSM2993460",0.123958770378046
"GSM2993461",0.160073154057575
"GSM2993462",0.179250116427464
"GSM2993464",1.74747996976715
"GSM2993465",0.128994735642554
"GSM2993466",0.0409918035062679
"GSM2993467",0.0710054755686383
"GSM2993468",0.0388518080668812
"GSM2993469",0.302100520991417
"GSM2993470",0.0229542144414721
"GSM2993472",0.0309769022883658
"GSM2993474",0.0333189369904479
"GSM2993475",0.0269773837521183
"GSM2993476",0.0319400813962529
"GSM2993477",0.0744991174793548
"GSM2993478",0.341357325375849
"GSM2993480",0.205647108518472
"GSM2993481",0.0310019915852868
"GSM2993482",0.0498284744582976
"GSM2993483",0.130957941454125
"GSM2993484",0.0453963158115884
"GSM2993485",0.00127098624370525
"GSM2993487",0.0640688070412951
"GSM2993488",0.03885282881149
"GSM2993489",0.124860595296937
"GSM2993490",0.00365781760399675
"GSM2993491",0.0782727246203326
"GSM2993492",0.0379034237844412
"GSM2993493",0.00560833679134898
"GSM2993494",0.0310030123298957
"GSM2993495",0.049634477997941
"GSM2993497",0.198454331603126
"GSM2993498",0.00516881943070113
"GSM2993499",0.152766808682337
"GSM2993500",0.0310040330745045
"GSM2993501",0.00639302663470542
"GSM2993502",0.0343699133378209
"GSM2993503",0.164760553790788
"GSM2993504",0.185659924134359
"GSM2993505",0.0310050538191133
"GSM2993506",0.130768664780299
"GSM2993507",0.0627758786237711
"GSM2993508",0.0508976884832849
"GSM2993509",0.0310060745637222
"GSM2993510",1.35650464531268
"GSM2993512",0.112730576915691
"GSM2993517",0.0937279939042437
"GSM2993518",0.501987968797043
"GSM2993519",0.195339303165664
"GSM2993520",0.050197399911687
"GSM2993521",0.0864792690219209
"GSM2993522",0.0864802897665298
"GSM2993523",0.0864813105111386
"GSM2993524",0.0864823312557474
"GSM2993525",0.0864833520003563
"GSM2993526",1.40636092433045
"GSM2993527",0.0388538495560988
"GSM2993528",1.50720169446286
"GSM2993529",0.0333360814514829
"GSM2993530",0.0864843727449651
"GSM2993531",0.086485393489574
"GSM2993532",0.0864864142341828
"GSM2993533",0.0864874349787916
"GSM2993534",0.40472188942215
"GSM2993535",0.0864884557234005
"GSM2993536",0.0864894764680093
"GSM2993538",0.0864904972126181
"GSM2993539",0.086491517957227
"GSM2993540",0.0864925387018358
"GSM2993541",0.0864935594464447
"GSM2993542",0.0864945801910535
"GSM2993543",0.0864956009356623
"GSM2993544",0.0864966216802712
"GSM2993545",0.08649764242488
"GSM2993546",0.0864986631694888
"GSM2993547",0.0864996839140977
"GSM2993548",0.0614822717922223
"GSM2993549",0.0865007046587065
"GSM2993550",0.942686166585247
"GSM2993551",0.0865017254033154
"GSM2993552",0.0865027461479242
"GSM2993553",0.086503766892533
"GSM2993554",0.0865047876371419
"GSM2993555",0.0865058083817507
"GSM2993556",0.0865068291263595
"GSM2993557",0.0865078498709684
"GSM2993558",0.13427420195354
"GSM2993559",0.0865088706155772
"GSM2993560",0.0865098913601861
"GSM2993561",0.0865109121047949
"GSM2993562",0.0865119328494037
"GSM2993563",0.0865129535940126
"GSM2993564",0.0865139743386214
"GSM2993565",0.0865149950832302
"GSM2993566",0.0865160158278391
"GSM2993567",0.0865170365724479
"GSM2993568",0.0865180573170568
"GSM2993569",0.0865190780616656
"GSM2993570",0.0865200988062744
"GSM2993571",0.0865211195508833
"GSM2993572",0.939823275461771
"GSM2993573",0.0865221402954921
"GSM2993574",0.93982429620638
"GSM2993575",0.0865231610401009
"GSM2993576",0.0865241817847098
"GSM2993577",0.698322058132835
"GSM2993578",0.0865252025293186
"GSM2993579",0.0865262232739274
"GSM2993580",0.0865272440185363
"GSM2993581",0.0865282647631451
"GSM2993582",0.0224492205586415
"GSM2993583",1.8373402959071e-05
"GSM2993584",0.086529285507754
"GSM2993585",0.0865303062523628
"GSM2993586",0.130678781683958
"GSM2993587",0.0865313269969716
"GSM2993588",0.0865323477415805
"GSM2993589",0.0865333684861893
"GSM2993590",0.0865343892307981
"GSM2993591",0.086535409975407
"GSM2993592",0.0865364307200158
"GSM2993593",0.0865374514646247
"GSM2993594",0.0865384722092335
"GSM2993595",0.0865394929538423
"GSM2993596",0.0865405136984512
"GSM2993597",0.08654153444306
"GSM2993598",0.0865425551876688
"GSM2993599",0.0865435759322777
"GSM2993600",0.0865445966768865
"GSM2993601",0.0865456174214954
"GSM2993602",0.0865466381661042
"GSM2993603",0.086547658910713
"GSM2993604",0.879636752468307
"GSM2993605",0.0865486796553219
"GSM2993606",0.0865497003999307
"GSM2993607",0.0865507211445395
"GSM2993608",0.0865517418891484
"GSM2993609",0.0865527626337572
"GSM2993610",0.0865537833783661
"GSM2993611",0.0865548041229749
"GSM2993612",0.0865558248675837
"GSM2993613",0.0865568456121926
"GSM2993615",0.0865578663568014
"GSM2993616",0.0865588871014102
"GSM2993617",0.0865599078460191
"GSM2993618",0.0865609285906279
"GSM2993619",0.0865619493352368
"GSM2993620",0.0327279354090144
"GSM2993621",0.0865629700798456
"GSM2993622",0.0865639908244544
"GSM2993623",0.0388548703007077
"GSM2993624",0.0865650115690633
"GSM2993625",0.0865660323136721
"GSM2993626",0.0865670530582809
"GSM2993627",0.0865680738028898
"GSM2993628",0.0865690945474986
"GSM2993629",0.0865701152921075
"GSM2993630",0.0865711360367163
"GSM2993631",0.0865721567813251
"GSM2993632",0.0790767545204105
"GSM2993634",0.086573177525934
"GSM2993635",0.0865741982705428
"GSM2993637",0.0865752190151516
"GSM2993638",0.0865762397597605
"GSM2993639",0.0865772605043693
"GSM2993640",0.0865782812489782
"GSM2993641",0.086579301993587
"GSM2993642",0.0865803227381958
"GSM2993643",0.0865813434828047
"GSM2993644",0.0865823642274135
"GSM2993645",0.0865833849720223
"GSM2993646",0.0865844057166312
"GSM2993648",0.08658542646124
"GSM2993650",0.0865864472058488
"GSM2993651",0.0865874679504577
"GSM2993652",0.293539025378159
"GSM2993655",0.0865884886950665
"GSM2993656",0.0865895094396754
"GSM2993657",0.0865905301842842
"GSM2993658",0.086591550928893
"GSM2993659",0.0865925716735019
"GSM2993661",0.0865935924181107
"GSM2993662",0.0865946131627195
"GSM2993663",0.0865956339073284
"GSM2993665",0.0865966546519372
"GSM2993666",0.0865976753965461
"GSM2993668",0.0865986961411549
"GSM2993669",0.0865997168857637
"GSM2993670",0.0866007376303726
"GSM2993671",0.0866017583749814
"GSM2993672",0.0866027791195902
"GSM2993673",0.0866037998641991
"GSM2993674",0.0249463130426204
"GSM2993675",0.0866048206088079
"GSM2993676",0.0866058413534168
"GSM2993677",0.0866068620980256
"GSM2993678",0.0866078828426344
"GSM2993679",0.0866089035872433
"GSM2993681",0.0866099243318521
"GSM2993682",0.0866109450764609
"GSM2993683",0.0866119658210698
"GSM2993684",0.0866129865656786
"GSM2993685",0.0508987092278937
"GSM2993686",0.0866140073102875
"GSM2993687",0.0866150280548963
"GSM2993688",0.0866160487995051
"GSM2993689",0.086617069544114
"GSM2993693",0.0866180902887228
"GSM2993694",0.0866191110333316
"GSM2993695",0.0112296649461794
"GSM2993696",0.0866201317779405
"GSM2993697",0.0572503777549298
"GSM2993699",0.0866211525225493
"GSM2993700",0.0866221732671582
"GSM2993701",0.086623194011767
"GSM2993702",0.0866242147563758
"GSM2993703",0.0866252355009847
"GSM2993704",0.0866262562455935
"GSM2993705",0.0866272769902023
"GSM2993710",0.0866282977348112
"GSM2993712",0.08662931847942
"GSM2993713",0.0866303392240289
"GSM2993714",0.0866313599686377
"GSM2993715",0.0866323807132465
"GSM2993716",0.0866334014578554
"GSM2993717",0.0866344222024642
"GSM2993719",0.086635442947073
"GSM2993722",0.0866364636916819
"GSM2993723",0.0866374844362907
"GSM2993724",0.0866385051808995
"GSM2993726",0.0866395259255084
"GSM2993727",0.0866405466701172
"GSM2993729",0.0866415674147261
"GSM2993731",0.0866425881593349
"GSM2993732",0.0866436089039437
"GSM2993733",0.0866446296485526
"GSM2993736",0.0866456503931614
"GSM2993739",0.0866466711377702
"GSM2993740",0.0866476918823791
"GSM2993745",0.125558969525615
"GSM2993746",0.0866487126269879
"GSM2993748",0.0452037143533761
"GSM2993749",0.0866497333715968
"GSM2993752",0.0866507541162056
"GSM2993754",0.0866517748608144
"GSM2993755",0.0866527956054233
"GSM2993756",0.0866538163500321
"GSM2993758",0.0866548370946409
"GSM2993759",0.0388558910453165
"GSM2993762",0.0866558578392498
"GSM2993766",0.0866568785838586
"GSM2993767",0.0505485055050716
"GSM2993768",0.0866578993284675
"GSM2993770",0.0866589200730763
"GSM2993771",0.0866599408176851
"GSM2993772",0.086660961562294
"GSM2993773",0.0866619823069028
"GSM2993775",0.0866630030515116
"GSM2993776",0.0866640237961205
"GSM2993777",0.340096842646255
"GSM2993778",0.00121559268841054
"GSM2993779",0.181830778589961
"GSM2993780",0.0507343072216622
"GSM2993781",0.0472615226082809
"GSM2993784",0.000303898172102635
"GSM2993785",0.292238573444846
"GSM2993786",0.114165078613521
"GSM2993787",0.000227923629076976
"GSM2993788",0.177968030644326
"GSM2993789",0.000379872715128293
"GSM2993790",0.0571179198025407
"GSM2993791",0.103050610885715
"GSM2993792",0
"GSM2993793",0
"GSM2993795",0.0880838079739785
"GSM2993796",0.000151949086051317
"GSM2993797",0.0689262687377339
"GSM2993798",0.0508102817646878
"GSM2993799",0.0217621729371862
"GSM2993800",0.0405748191569679
"GSM2993802",0.388053935879071
"GSM2993803",0.00113961814538488
"GSM2993804",0.0281821128091313
"GSM2993805",0.0342414577422046
"GSM2993807",0.00106364360235922
"GSM2993808",0.021005344214158
"GSM2993809",7.59745430256586e-05
"GSM2993810",0
"GSM2993811",0.107462123355672
"GSM2993812",0.000987669059333562
"GSM2993813",0.164894382868137
"GSM2993814",0
"GSM2993815",0.0269980475398761
"GSM2993816",0
"GSM2993817",0.0115510608673257
"GSM2993818",0.204068393432557
"GSM2993820",0.109864025425769
"GSM2993821",0.187538937021849
"GSM2993823",0.133743962080889
"GSM2993825",0
"GSM2993826",0.123825698991888
"GSM2993827",0.759427818203174
"GSM2993828",0.0127423771757966
"GSM2993829",0.513891159090377
"GSM2993830",0.0128183517188223
"GSM2993831",0.000379872715128293
"GSM2993832",0.0349811495009082
"GSM2993833",0.0753157582866004
"GSM2993834",0.452212290560558
"GSM2993836",0.323560175092459
"GSM2993837",0.0452138416992649
"GSM2993838",0.0885438088078105
"GSM2993839",0.0242867586482203
"GSM2993840",0.147525518864122
"GSM2993841",0.0128943262618479
"GSM2993844",0.425272869738604
"GSM2993845",0.288953437517738
"GSM2993846",0
"GSM2993847",0.0196671855962665
"GSM2993848",0.000911694516307904
"GSM2993849",0.146978564333355
"GSM2993850",0.192551856420863
"GSM2993851",0.0328978726343263
"GSM2993852",0.257319313198695
"GSM2993854",0.1043964502675
"GSM2993855",0.0546785208955047
"GSM2993857",0.145582243235824
"GSM2993858",0.000835719973282245
"GSM2993859",0.55177270380929
"GSM2993860",7.59745430256586e-05
"GSM2993862",0.316749346442036
"GSM2993863",0.105634471510369
"GSM2993864",0.0450865901743773
"GSM2993865",0.101823620503132
"GSM2993866",0.117060892881198
"GSM2993867",0.0879360747262392
"GSM2993868",0.000303898172102635
"GSM2993869",0.234886897048685
"GSM2993870",0.110923593782976
"GSM2993871",0.0216861983941605
"GSM2993872",0.578879338026405
"GSM2993873",0.00347329761925552
"GSM2993874",0.103096647117796
"GSM2993877",0.000303898172102635
"GSM2993878",0.114609299267685
"GSM2993879",0.332287896200631
"GSM2993881",0.000151949086051317
"GSM2993882",0.502063943340068
"GSM2993883",0.0806366126525808
"GSM2993884",0.0843195060830007
"GSM2993885",0.0337418741883582
"GSM2993886",0.000759745430256586
"GSM2993887",0.0508862563077135
"GSM2993888",0.0420170566967437
"GSM2993889",0.000227923629076976
"GSM2993890",0.257471985258214
"GSM2993891",0.000303898172102635
"GSM2993892",0.167675681293048
"GSM2993896",0.398709467665411
"GSM2993897",0.146038678066032
"GSM2993898",0.159745996721495
"GSM2993899",0.0171179885000923
"GSM2993900",0.086395607018424
"GSM2993901",0.000683770887230928
"GSM2993902",0.639845788594536
"GSM2993903",0.43405070506848
"GSM2993904",0.0126212565445474
"GSM2993905",0.000227923629076976
"GSM2993906",0.0129703008048736
"GSM2993907",0.310932565912137
"GSM2993908",0.513967133633403
"GSM2993909",0.384990061341252
"GSM2993910",0.174458795563827
"GSM2993911",0.432239223940645
"GSM2993912",0.119015802803654
"GSM2993915",0.000227923629076976
"GSM2993916",0.443846132259971
"GSM2993918",0.0680515453766537
"GSM2993919",0.0151953847053963
"GSM2993920",0.000607796344205269
"GSM2993921",0.598514271189916
"GSM2993922",0.449769944223415
"GSM2993923",0.0216102238511349
"GSM2993924",0.426172195397561
"GSM2993925",0.000151949086051317
"GSM2993926",0.0813644626102161
"GSM2993927",0.0135198084039103
"GSM2993930",0.000379872715128293
"GSM2993931",0.502139917883094
"GSM2993932",0.0855610176576234
"GSM2993933",0.0211705880671644
"GSM2993934",0.0578703408086803
"GSM2993935",0.0215342493081092
"GSM2993936",0.163145543714296
"GSM2993938",0.21935245441612
"GSM2993939",0.0371499184055715
"GSM2993940",0.000531821801179611
"GSM2993941",0.424185502154537
"GSM2993942",0.293896123298803
"GSM2993944",0.102756427006323
"GSM2993945",0.0800069777179717
"GSM2993946",0.456665439432222
"GSM2993948",0.216411021541387
"GSM2993950",0.129819048126696
"GSM2993951",0.0214582747650836
"GSM2993953",0.117795920517767
"GSM2993955",0.239587168405906
"GSM2993956",0.000455847258153952
"GSM2993957",0.00131820588387854
"GSM2993958",0.157710129377034
"GSM2993959",0
"GSM2993961",0.773662122557591
"GSM2993963",0.0591247681217566
"GSM2993965",0.514043108176429
"GSM2993966",7.59745430256586e-05
"GSM2993967",0.294037033476129
"GSM2993968",0.514119082719454
"GSM2993969",0.000455847258153952
"GSM2993970",0.0130462753478993
"GSM2993971",0.000379872715128293
"GSM2993973",0.0162095466747822
"GSM2993975",0.393188518131025
"GSM2993976",0.000303898172102635
"GSM2993977",0.0131222498909249
"GSM2993978",0.193143550256031
"GSM2993979",0.320243386927689
"GSM2993980",0.448526842210165
"GSM2993981",0.51419505726248
"GSM2993982",0.175680521471252
"GSM2993983",0.127109530055013
"GSM2993984",0.112779754863847
"GSM2993985",0.000531821801179611
"GSM2993986",0.000607796344205269
"GSM2993987",0.105766956901627
"GSM2993988",0.000683770887230928
"GSM2993989",0.000759745430256586
"GSM2993990",0.000151949086051317
"GSM2993991",0.272797441710297
"GSM2993992",0.0538203990882851
"GSM2993993",0.00552768860847097
"GSM2993995",0.0131982244339506
"GSM2993996",0.171037376848606
"GSM2993997",0.000835719973282245
"GSM2993998",0.64311202397552
"GSM2993999",0.50221589242612
"GSM2994001",0.071306619203332
"GSM2994002",0.00743676352309741
"GSM2994003",0.0892802998995343
"GSM2994004",0.0237915737681833
"GSM2994005",0.0686645150249463
"GSM2994006",0.0397717566599853
"GSM2994007",0.0729748958146674
"GSM2994008",0.397395432314213
"GSM2994009",0.136307804864638
"GSM2994010",0
"GSM2994011",0.0132741989769762
"GSM2994012",0.0167328907459652
"GSM2994013",0.11242114356219
"GSM2994014",7.59745430256586e-05
"GSM2994015",0.502291866969145
"GSM2994016",0.0146041078862953
"GSM2994018",0.0248224833888055
"GSM2994019",0.0899727183026884
"GSM2994020",0.502367841512171
"GSM2994021",0.000911694516307904
"GSM2994022",0.430032936308464
"GSM2994024",0.0536222144480549
"GSM2994025",0.0432291139186969
"GSM2994026",0.751066874263233
"GSM2994027",5.10372304418638e-06
"GSM2994028",0.0133501735200019
"GSM2994029",0.254982139563937
"GSM2994030",0.0448263975154881
"GSM2994031",0
"GSM2994032",0.254918374330383
"GSM2994033",0.117944566370509
"GSM2994036",0.0434840863405306
"GSM2994037",0.0134261480630276
"GSM2994038",0.000227923629076976
"GSM2994039",0.000151949086051317
"GSM2994040",0.000987669059333562
"GSM2994041",0.143938902507722
"GSM2994042",0.116501530919933
"GSM2994043",0.248472921443944
"GSM2994044",0.0135021226060532
"GSM2994045",0.235896483972701
"GSM2994046",0.264049993380936
"GSM2994047",0.299367751989746
"GSM2994048",3.06223382651183e-06
"GSM2994049",0
"GSM2994050",0.0762075957891595
"GSM2994051",0.268679423054292
"GSM2994053",0.00420767332236771
"GSM2994054",0.361112900064244
"GSM2994055",0.514271031805505
"GSM2994056",0.502443816055197
"GSM2994057",0.245094930302197
"GSM2994058",0.0411306477120814
"GSM2994059",0.78365833185201
"GSM2994060",0
"GSM2994061",0.0213823002220579
"GSM2994062",0.00106364360235922
"GSM2994063",0.0897743499414034
"GSM2994064",0.57755288110818
"GSM2994065",0
"GSM2994067",0.0213063256790322
"GSM2994068",0.514347006348531
"GSM2994069",0.10990847832911
"GSM2994070",0.0759840524161532
"GSM2994071",7.59745430256586e-05
"GSM2994072",0.0509622308507391
"GSM2994074",0
"GSM2994075",0.0510382053937648
"GSM2994076",0.0303398985114853
"GSM2994077",0.0405625422826692
"GSM2994078",0.0206534873601603
"GSM2994079",0.134572870755935
"GSM2994080",0.449845918766441
"GSM2994081",0.0694359848767565
"GSM2994083",0.0314144563512433
"GSM2994084",0.17732195704182
"GSM2994085",0.380339446447897
"GSM2994086",7.59745430256586e-05
"GSM2994087",0
"GSM2994088",0.000151949086051317
"GSM2994089",0.247634219070303
"GSM2994090",0.472485480795219
"GSM2994091",0.0190282254848322
"GSM2994092",0.0388569117899253
"GSM2994093",0.0358532335088073
"GSM2994094",0.12131650237182
"GSM2994095",0.742068760576439
"GSM2994096",0.514422980891557
"GSM2994097",0.000227923629076976
"GSM2994099",0.136152902649289
"GSM2994100",0.00113961814538488
"GSM2994101",0.117246622151707
"GSM2994102",0.00466825791919678
"GSM2994103",0.771737676356372
"GSM2994104",0.0173589038621764
"GSM2994105",0.00505212969796709
"GSM2994106",0.0649467735317506
"GSM2994108",0.0212303511360066
"GSM2994109",0.0211543765929809
"GSM2994110",0.0210784020499553
"GSM2994112",0.0103989562927818
"GSM2994113",0.168418950158061
"GSM2994115",0.108456232948254
"GSM2994116",0.551848678352315
"GSM2994117",0.0385509116349088
"GSM2994118",1.28345137147691
"GSM2994119",0.0599876211344119
"GSM2994120",0.0210024275069296
"GSM2994123",0.267866493003705
"GSM2994124",0.0209264529639039
"GSM2994125",0.0208504784208783
"GSM2994126",0.93473512883536
"GSM2994127",0.0989416211839433
"GSM2994128",0.0930659181373148
"GSM2994130",0.0207745038778526
"GSM2994131",0.0149254279307467
"GSM2994133",0.156727199709767
"GSM2994134",0.020698529334827
"GSM2994135",0.214577987974815
"GSM2994136",0.326300464523529
"GSM2994137",0.0174348784052021
"GSM2994138",0.0206225547918013
"GSM2994139",0.0101177364435476
"GSM2994140",0.00960416793550412
"GSM2994141",0.0305785510801773
"GSM2994142",0.116445591255415
"GSM2994143",0.0175108529482277
"GSM2994144",0.103813473142414
"GSM2994146",0.0205465802487756
"GSM2994147",0.198975336488092
"GSM2994148",0.0201066918790476
"GSM2994149",0.00419090537167932
"GSM2994150",0
"GSM2994151",0.36504170684529
"GSM2994152",0.0761851522396748
"GSM2994153",0.02047060570575
"GSM2994154",0
"GSM2994155",0.0203946311627243
"GSM2994156",0.834547975245987
"GSM2994157",0.1464325866058
"GSM2994158",0.0203186566196987
"GSM2994159",0.0606744386336668
"GSM2994160",0.0587737047269177
"GSM2994161",0
"GSM2994162",0.153633726896103
"GSM2994164",0.0781370145760603
"GSM2994165",0.403376538668806
"GSM2994166",1.01543475318556
"GSM2994167",0.020242682076673
"GSM2994168",0.00964800259748699
"GSM2994170",6.12446765302366e-06
"GSM2994171",0.0200905908428934
"GSM2994172",0.738307942533511
"GSM2994173",0.0257828449832314
"GSM2994174",0.0164282246423126
"GSM2994175",0.124282609214958
"GSM2994176",0.0537406749878855
"GSM2994177",0.0201667075336474
"GSM2994178",0.0447080079104345
"GSM2994179",0.103335576660057
"GSM2994180",0.140732964560679
"GSM2994181",0.00470864517694114
"GSM2994182",0.454628576116602
"GSM2994183",0.0284833886284446
"GSM2994184",1.27031584521125
"GSM2994185",0.0627730482709579
"GSM2994187",0.376181488812863
"GSM2994188",0.0251846229927235
"GSM2994189",0.31510369678052
"GSM2994190",0.00431008337480865
"GSM2994191",0.0120488961731895
"GSM2994192",0.00821094130378253
"GSM2994193",0.0200907329906217
"GSM2994194",0.265669675164305
"GSM2994195",0.00320136117986713
"GSM2994196",0.0346598672989273
"GSM2994198",0.020014758447596
"GSM2994201",0.0199387839045704
"GSM2994202",0.0124209621079601
"GSM2994204",0.0198628093615447
"GSM2994205",0.0516061481768002
"GSM2994206",0.00985277285594943
"GSM2994207",0.0197868348185191
"GSM2994208",0.00289417075829679
"GSM2994209",0.714391027520876
"GSM2994210",0.00889755043908291
"GSM2994211",0.0197108602754934
"GSM2994213",0.0196348857324677
"GSM2994214",1.08071522176176
"GSM2994215",0.0146252642463729
"GSM2994216",0.0101937109865733
"GSM2994217",0.0195589111894421
"GSM2994218",0.0208493765288846
"GSM2994219",0.105372639414124
"GSM2994220",0.013920545495357
"GSM2994221",0.109817058686136
"GSM2994222",0.0194829366464164
"GSM2994223",0.949546816622906
"GSM2994224",0.290029612693149
"GSM2994225",0.0218540228208175
"GSM2994226",0.179373541682224
"GSM2994228",0
"GSM2994229",0.0287463430543484
"GSM2994230",0.0107140252550861
"GSM2994232",0.00909617608950475
"GSM2994233",0.0793503131193147
"GSM2994234",1.75306732182736
"GSM2994235",0.389591497094028
"GSM2994236",0.0841029797040083
"GSM2994237",0.0452729318565082
"GSM2994238",0.342183338558117
"GSM2994239",0.0114750863243001
"GSM2994240",0.107599765147921
"GSM2994241",0.140086520041607
"GSM2994242",0.00338593191086067
"GSM2994243",0
"GSM2994244",0.0113991117812744
"GSM2994245",0.0201665653859191
"GSM2994246",0.0194069621033908
"GSM2994247",0.0640384318566145
"GSM2994248",0.0193309875603651
"GSM2994249",0.0578076496054516
"GSM2994250",0.00647928415868249
"GSM2994251",0.0360065058164172
"GSM2994252",0.00713732524512478
"GSM2994253",0.0760600269591789
"GSM2994254",0.237265375790427
"GSM2994255",0.289627975177695
"GSM2994256",0.0280380301158734
"GSM2994257",0.113382917756129
"GSM2994258",0.0192550130173395
"GSM2994259",0.0335358988676404
"GSM2994260",0.873631644594092
"GSM2994261",0.0175868274912534
"GSM2994262",0.0978367931940602
"GSM2994263",0.0825614736768618
"GSM2994264",0.0102696855295989
"GSM2994265",0.119024459909024
"GSM2994266",0.0103456600726246
"GSM2994267",0.0163186135999629
"GSM2994268",0.424466589280565
"GSM2994269",0.231449922721459
"GSM2994270",0.189357103299766
"GSM2994271",0
"GSM2994272",0.140162494584632
"GSM2994273",0.306788986180693
"GSM2994274",0.140238469127658
"GSM2994275",1.88594712684972
"GSM2994276",0.205371190619229
"GSM2994278",0
"GSM2994279",0.0137157421506089
"GSM2994280",0.0191790384743138
"GSM2994282",0.0346067315758041
"GSM2994283",0.023359490013847
"GSM2994284",0.0191030639312881
"GSM2994285",0.0984758695006507
"GSM2994286",0.0104216346156503
"GSM2994287",0.0190270893882625
"GSM2994288",0.0104976091586759
"GSM2994289",0.2359670229699
"GSM2994290",0.0189511148452368
"GSM2994291",0.00437559783754082
"GSM2994292",0.0188751403022112
"GSM2994293",0.113049703602135
"GSM2994294",0
"GSM2994295",0.0105735837017016
"GSM2994296",0.0106495582447272
"GSM2994297",1.99964635140569
"GSM2994298",0.08861720264985
"GSM2994299",0.0187991657591855
"GSM2994300",2.0320341096515
"GSM2994301",0.0187231912161598
"GSM2994302",0.00513317590539097
"GSM2994304",1.08079119630479
"GSM2994305",0.0186472166731342
"GSM2994306",0
"GSM2994307",0.208754118334577
"GSM2994308",0.147260940485446
"GSM2994309",0.140859698444598
"GSM2994310",0.210127241267555
"GSM2994311",0.0831963470783048
"GSM2994312",0.0875735847652388
"GSM2994313",0.148493614766152
"GSM2994314",0.0185712421301085
"GSM2994315",0
"GSM2994316",0.00445157238056648
"GSM2994317",0.101422770499922
"GSM2994318",0.0252265681413992
"GSM2994319",0.551924652895341
"GSM2994320",0.142266756666623
"GSM2994321",0.018896065833288
"GSM2994322",0.0775844379010828
"GSM2994323",2.01080607200086
"GSM2994324",0.00874555624317974
"GSM2994325",0.0209253510719103
"GSM2994326",2.09580768212165
"GSM2994327",0.423875716587991
"GSM2994328",0.0751921198141798
"GSM2994329",0.0173399907020291
"GSM2994330",0.000285568463538333
"GSM2994331",0.224730846143659
"GSM2994332",0.0202425399289448
"GSM2994333",Inf
"GSM2994334",0.0117846658549157
"GSM2994335",0.0931057930255839
"GSM2994336",Inf
"GSM2994338",0.0184952675870829
"GSM2994339",Inf
"GSM2994340",0.0132483708738862
"GSM2994341",Inf
"GSM2994342",0.00452754692359214
"GSM2994343",0.0511141799367905
"GSM2994344",0.751283302367268
"GSM2994345",0.00924116607139913
"GSM2994346",2.05278913258269
"GSM2994347",Inf
"GSM2994348",0
"GSM2994349",0.0184192930440572
"GSM2994350",1.88985637863413
"GSM2994351",0.0467350352047751
"GSM2994353",0.00262819611448517
"GSM2994354",1.90337676244011
"GSM2994355",0.0183433185010315
"GSM2994356",0.109415986167173
"GSM2994357",Inf
"GSM2994358",Inf
"GSM2994359",Inf
"GSM2994360",0.691889085416454
"GSM2994362",0
"GSM2994363",0.480669218595528
"GSM2994364",Inf
"GSM2994365",0.0311151379291084
"GSM2994366",0.0182673439580059
"GSM2994367",2.02889179170001
"GSM2994368",0.0113231372382487
"GSM2994370",0.0181913694149802
"GSM2994371",Inf
"GSM2994372",0.0046035214666178
"GSM2994373",Inf
"GSM2994374",Inf
"GSM2994375",0.0531170594882453
"GSM2994376",0.0107255327877529
"GSM2994377",Inf
"GSM2994378",0.0622139574086749
"GSM2994379",0.0181153948719546
"GSM2994380",0.0180394203289289
"GSM2994381",0.0131123973042779
"GSM2994382",Inf
"GSM2994383",0.0179634457859033
"GSM2994384",0.0803613985923635
"GSM2994385",0.0178874712428776
"GSM2994386",0.0011248832677353
"GSM2994387",0.0178114966998519
"GSM2994388",0.138887672815073
"GSM2994390",0.107354267576337
"GSM2994391",Inf
"GSM2994392",0.0690660466899269
"GSM2994393",0.100327638951232
"GSM2994394",Inf
"GSM2994395",Inf
"GSM2994396",Inf
"GSM2994397",0.0177355221568263
"GSM2994398",0.0187101794344606
"GSM2994399",Inf
"GSM2994400",0.0987392269574152
"GSM2994401",0.140314443670684
"GSM2994402",Inf
"GSM2994403",0.0176595476138006
"GSM2994404",Inf
"GSM2994405",Inf
"GSM2994406",Inf
"GSM2994407",0.238281546302086
"GSM2994408",0.017583573070775
"GSM2994409",0.0365299880528598
"GSM2994410",0.0115143931927291
"GSM2994411",Inf
"GSM2994412",0.24540970084293
"GSM2994413",Inf
"GSM2994414",0
"GSM2994415",0.0203185144719704
"GSM2994417",0.0175075985277493
"GSM2994418",0.0180717875371812
"GSM2994419",0.272349497808253
"GSM2994420",0.0306946942223183
"GSM2994421",Inf
"GSM2994422",0.00467949600964346
"GSM2994423",0.0174316239847236
"GSM2994424",0.363692640563326
"GSM2994425",Inf
"GSM2994426",Inf
"GSM2994427",Inf
"GSM2994428",0.140390418213709
"GSM2994429",Inf
"GSM2994430",Inf
"GSM2994431",Inf
"GSM2994432",0.0974178840819311
"GSM2994433",0.021001325614936
"GSM2994434",Inf
"GSM2994435",Inf
"GSM2994436",0.0239731854766241
"GSM2994437",Inf
"GSM2994438",0
"GSM2994440",0.273367186410482
"GSM2994441",Inf
"GSM2994442",Inf
"GSM2994443",0.017355649441698
"GSM2994444",Inf
"GSM2994445",0.0145507205113646
"GSM2994446",0.0278420365919505
"GSM2994447",0.0172796748986723
"GSM2994448",0.0172037003556467
"GSM2994449",0.017127725812621
"GSM2994450",0.767163376411929
"GSM2994451",0.0209852512642223
"GSM2994452",0.0734634237839349
"GSM2994453",Inf
"GSM2994454",0.054966630110683
"GSM2994455",0.0170517512695953
"GSM2994456",0.0408694784303023
"GSM2994457",0.0137917166936345
"GSM2994458",0.0371899169921663
"GSM2994459",2.09588365666468
"GSM2994460",0.168577446825837
"GSM2994461",0.0539177464575125
"GSM2994462",0
"GSM2994463",0
"GSM2994464",0.38916576069666
"GSM2994465",0.216987989194701
"GSM2994466",0.101431256805166
"GSM2994467",0.0531518726086366
"GSM2994468",0.131409517544931
"GSM2994469",1.08086717084781
"GSM2994471",0.348055679563112
"GSM2994472",0.19326726656361
"GSM2994473",0.0416250228680624
"GSM2994474",0.0547243022503312
"GSM2994475",0.547696010000589
"GSM2994476",2.01814955082885
"GSM2994477",0.249485828854532
"GSM2994478",0.391856209176834
"GSM2994479",0.207115694904237
"GSM2994480",0.0380389867186857
"GSM2994481",0.0169757767265697
"GSM2994482",0.130572543993324
"GSM2994483",0.185676599464598
"GSM2994484",0.0719782059399892
"GSM2994485",0.016899802183544
"GSM2994486",0.394324148423939
"GSM2994487",0.0210773001579616
"GSM2994488",0.00475547055266912
"GSM2994489",0.0168238276405184
"GSM2994490",0.0194267860259907
"GSM2994491",0.0211532747009873
"GSM2994492",0.0193412324566733
"GSM2994493",0.0167478530974927
"GSM2994494",0.140466392756735
"GSM2994495",0.0476800348604591
"GSM2994496",0.0112471626952231
"GSM2994497",0.0279180111349762
"GSM2994498",0.122295397179004
"GSM2994499",0.00508065995707341
"GSM2994500",0.0166718785544671
"GSM2994501",0.00211496311448478
"GSM2994502",0.0532278471516623
"GSM2994503",0.0667287924326492
"GSM2994504",0
"GSM2994505",1.01392346656143
"GSM2994506",0.0108015073307786
"GSM2994507",0.0165959040114414
"GSM2994508",0.0108774818738042
"GSM2994509",0.0165199294684157
"GSM2994510",0.153482998413801
"GSM2994511",0.00483144509569478
"GSM2994512",0.0164439549253901
"GSM2994513",0.0105457001786977
"GSM2994514",0.0212292492440129
"GSM2994515",0.175456219349825
"GSM2994516",0.0163679803823644
"GSM2994517",0.0252089756767466
"GSM2994518",0.160509400064798
"GSM2994519",0.0162920058393388
"GSM2994520",0.0162160312963131
"GSM2994521",0.177427019750012
"GSM2994522",0.0834989999980893
"GSM2994523",0.0890698290126264
"GSM2994524",0.0161400567532874
"GSM2994525",0.0867234638454182
"GSM2994526",0.0160640822102618
"GSM2994527",0.552000627438367
"GSM2994528",0.101985370309532
"GSM2994529",0.0491823654325358
"GSM2994530",0.0159881076672361
"GSM2994531",0.00490741963872043
"GSM2994532",0.22240543776967
"GSM2994533",0.0761360015022046
"GSM2994534",0.00939998401178954
"GSM2994535",0.077561324701259
"GSM2994536",0.144530787186809
"GSM2994537",0.0159121331242105
"GSM2994538",0.0158361585811848
"GSM2994539",0.158270120414842
"GSM2994540",0.310999564333403
"GSM2994541",0.0463494533861288
"GSM2994542",0.0157601840381592
"GSM2994543",0.0149187267360009
"GSM2994544",0.0156842094951335
"GSM2994545",0.422202176279067
"GSM2994546",0.0156082349521078
"GSM2994547",0.0568978937953748
"GSM2994548",0.0155322604090822
"GSM2994549",0.0154562858660565
"GSM2994550",0.423951691131016
"GSM2994551",0.0153803113230309
"GSM2994552",0.0647964512787667
"GSM2994553",0.424027665674042
"GSM2994554",0
"GSM2994555",0.0153043367800052
"GSM2994556",0.925676610469597
"GSM2994557",0.0186997966782396
"GSM2994558",0.00518042972421995
"GSM2994559",0.0694390066431412
"GSM2994560",0.0152283622369795
"GSM2994561",Inf
"GSM2994562",0.0151523876939539
"GSM2994563",Inf
"GSM2994564",Inf
"GSM2994565",Inf
"GSM2994566",0.0171499774592925
"GSM2994567",0.0150764131509282
"GSM2994568",Inf
"GSM2994569",0.00498339418174609
"GSM2994570",Inf
"GSM2994571",0.278411579719827
"GSM2994572",Inf
"GSM2994573",Inf
"GSM2994574",Inf
"GSM2994575",Inf
"GSM2994576",Inf
"GSM2994577",0.0150004386079026
"GSM2994578",Inf
"GSM2994579",Inf
"GSM2994580",0.104067232748962
"GSM2994581",Inf
"GSM2994582",Inf
"GSM2994583",Inf
"GSM2994584",Inf
"GSM2994585",Inf
"GSM2994586",Inf
"GSM2994587",Inf
"GSM2994588",0.136158874295786
"GSM2994589",Inf
"GSM2994590",Inf
"GSM2994591",Inf
"GSM2994592",Inf
"GSM2994593",Inf
"GSM2994594",Inf
"GSM2994595",0.0613247696396795
"GSM2994596",Inf
"GSM2994597",Inf
"GSM2994598",0.491466473939885
"GSM2994599",0.211700758201479
"GSM2994600",Inf
"GSM2994601",Inf
"GSM2994602",Inf
"GSM2994603",Inf
"GSM2994604",Inf
"GSM2994605",Inf
"GSM2994606",Inf
"GSM2994607",1.06248971851925
"GSM2994608",Inf
"GSM2994609",Inf
"GSM2994610",Inf
"GSM2994611",Inf
"GSM2994612",Inf
"GSM2994613",Inf
"GSM2994614",Inf
"GSM2994615",Inf
"GSM2994616",Inf
"GSM2994617",Inf
"GSM2994618",0.0203944890149961
"GSM2994619",Inf
"GSM2994620",0.033754603959026
"GSM2994621",0.0335012716686256
"GSM2994622",Inf
"GSM2994623",Inf
"GSM2994624",Inf
"GSM2994625",Inf
"GSM2994626",Inf
"GSM2994627",Inf
"GSM2994628",Inf
"GSM2994629",Inf
"GSM2994630",Inf
"GSM2994631",0.0784230894773263
"GSM2994632",Inf
"GSM2994633",Inf
"GSM2994634",Inf
"GSM2994635",0.0149244640648769
"GSM2994636",0.0148484895218512
"GSM2994637",Inf
"GSM2994638",Inf
"GSM2994639",Inf
"GSM2994640",Inf
"GSM2994641",0.0129983848785207
"GSM2994642",0.0358116155331683
"GSM2994643",Inf
"GSM2994644",Inf
"GSM2994645",Inf
"GSM2994646",0.0307660653283301
"GSM2994647",Inf
"GSM2994648",Inf
"GSM2994649",Inf
"GSM2994650",Inf
"GSM2994651",Inf
"GSM2994652",0.0147725149788256
"GSM2994653",Inf
"GSM2994654",Inf
"GSM2994655",0.201437037118402
"GSM2994656",Inf
"GSM2994657",0.0146965404357999
"GSM2994658",Inf
"GSM2994660",Inf
"GSM2994661",Inf
"GSM2994662",Inf
"GSM2994663",Inf
"GSM2994664",Inf
"GSM2994665",Inf
"GSM2994666",Inf
"GSM2994667",Inf
"GSM2994668",Inf
"GSM2994669",Inf
"GSM2994670",Inf
"GSM2994671",Inf
"GSM2994672",Inf
"GSM2994673",Inf
"GSM2994674",Inf
"GSM2994675",Inf
"GSM2994676",0.00957774892907359
"GSM2994677",0.0320130035136552
"GSM2994678",0.0146205658927743
"GSM2994679",Inf
"GSM2994680",0.0528715244070828
