"SYMBOL","ENTREZID"
"MX1","4599"
"OAS1","4938"
"OAS3","4940"
"IFIT1","3434"
"RSAD2","91543"
"MX2","4600"
"OAS2","4939"
"TNFSF10","8743"
"IFI44","10561"
"CCL8","6355"
"SAMD9L","219285"
"IFIT3","3437"
"STAT2","6773"
"CXCL10","3627"
"IFITM3","10410"
"LY6E","4061"
"CMPK2","129607"
"IFITM1","8519"
"IFI27","3429"
"IFIH1","64135"
"LGALS3BP","3959"
"IFI35","3430"
"RNF213","57674"
"IFI6","2537"
"MNDA","4332"
"NFKBIA","4792"
"SIGLEC1","6614"
"HERC5","51191"
"CCR1","1230"
"DDX60L","91351"
"ISG15","9636"
"XAF1","54739"
"NT5C3A","51251"
"CXCL11","6373"
"SAMD9","54809"
"TRIM22","10346"
"SP110","3431"
"RTCB","51493"
"ZNFX1","57169"
"ADAR","103"
"APOBEC3A","200315"
"PARP9","83666"
"ISG20","3669"
"IFITM2","10581"
"FGD2","221472"
"CCL3","6348"
"DYNLT1","6993"
"IL1RN","3557"
"IFIT2","3433"
"IFI44L","10964"
"RGL1","23179"
"DHX58","79132"
"MPEG1","219972"
"SAT1","6303"
"UBA7","7318"
"PARP14","54625"
"BST2","684"
"THEMIS2","9473"
"UBE2L6","9246"
"TOR1B","27348"
"C3AR1","719"
"CCL2","6347"
"MARCKS","4082"
"IL4I1","259307"
"DTX3L","151636"
"RNF19B","127544"
"EPSTI1","94240"
"CLIC1","1192"
"GMPR","2766"
"CCL4","6351"
"CBR1","873"
"IFI16","3428"
"MOV10","4343"
"FPR3","2359"
"IRF7","3665"
"NR1H3","10062"
"TMEM123","114908"
"SCARB2","950"
"STAT1","6772"
"TNFSF13B","10673"
"MYL12A","10627"
"EIF2AK2","5610"
"TFEC","22797"
"TGFBI","7045"
"PLEK","5341"
"SDC4","6385"
"HELZ2","85441"
"NUPR1","26471"
"SCD","6319"
"PLSCR1","5359"
"JUP","3728"
"GLRX","2745"
"PLEKHO1","51177"
"CSF2RB","1439"
"LAP3","51056"
"SSB","6741"
"ACSL1","2180"
"NINJ1","4814"
"TREX1","11277"
"CD80","941"
"KIAA0040","9674"
"PLAU","5328"
"SAMHD1","25939"
"VMP1","81671"
"SECTM1","6398"
"NAGK","55577"
"USP18","11274"
"BLVRA","644"
"LILRB4","11006"
"PARP12","64761"
"PNPT1","87178"
"CMTR1","23070"
"TMSB10","9168"
"TNFRSF10D","8793"
"LGALS9","3965"
"TMEM138","51524"
"HSH2D","84941"
"TNFAIP3","7128"
"TNFAIP6","7130"
"CCR5","1234"
"CNP","1267"
"CD38","952"
"TRIM5","85363"
"ZBP1","81030"
"IGFBP4","3487"
"CMKLR1","1240"
"NEURL3","93082"
"MCL1","4170"
"NBN","4683"
"HERC6","55008"
"CD164","8763"
"APOL6","80830"
"SIDT2","51092"
"MLKL","197259"
"DOCK8","81704"
"RIN2","54453"
"BLZF1","8548"
"NADK","65220"
"CFB","629"
"SLC38A5","92745"
"TDRD7","23424"
"PSMA2","5683"
"CASP1","834"
"RASSF2","9770"
"FGL2","10875"
"PABPC4","8761"
"MYD88","4615"
"HESX1","8820"
"SASH3","54440"
"PDGFRL","5157"
"NT5C3AP1","90859"
"TINF2","26277"
"GCH1","2643"
"HAVCR2","84868"
"TRIM14","9830"
"FAM107B","83641"
"CD274","29126"
"SERPING1","710"
"DDX60","55601"
"PHF11","51131"
"EHD4","30844"
"DRAP1","10589"
"HLA-E","3133"
"IL10RA","3587"
"XRN1","54464"
"SPN","6693"
"ANXA1","301"
"PTAFR","5724"
"DDX17","10521"
"APOBEC3G","60489"
"CD84","8832"
"CCL5","6352"
"FADS1","3992"
"ARHGAP25","9938"
"NHLRC3","387921"
"APOL1","8542"
"LILRA5","353514"
"CKB","1152"
"RTP4","64108"
"SCO2","9997"
"SLC25A28","81894"
"TYMP","1890"
"SIGLEC14","100049587"
"APOL2","23780"
"SGK1","6446"
"WIPF1","7456"
"ATP13A1","57130"
"TNFAIP2","7127"
"PARP4","143"
"GSTK1","373156"
"BATF2","116071"
"CTSK","1513"
"RUBCN","9711"
"PSMB8","5696"
"RAB8A","4218"
"GTPBP2","54676"
"TRIM34","53840"
"ANO7L1","101927546"
"IRF9","10379"
"PARP10","84875"
"ANPEP","290"
"APOL3","80833"
"LMO2","4005"
"CYTIP","9595"
"WDFY1","57590"
"KLHL24","54800"
"NCF1","653361"
"ATP13A3","79572"
"B4GALT5","9334"
"CCRL2","9034"
"PIK3IP1","113791"
"CD48","962"
"TRIM25","7706"
"SLAMF7","57823"
"GPR141","353345"
"TRAFD1","10906"
"ATF5","22809"
"SCARB1","949"
"IL15RA","3601"
"IL27","246778"
"IKBKE","9641"
"TMEM106A","113277"
"DUSP6","1848"
"RNF144B","255488"
"DNAJB6","10049"
"AIM2","9447"
"LHFPL2","10184"
"FAM111A","63901"
"PI4K2B","55300"
"LAP3P2","389386"
"CARD16","114769"
"NMI","9111"
"ARHGAP27","201176"
"IFNB1","3456"
"GBP4","115361"
"RAB32","10981"
"SMAP2","64744"
"NFE2L3","9603"
"EVL","51466"
"KLF6","1316"
"HLA-F","3134"
"SLC9B2","133308"
"SELENOO","83642"
"STAP1","26228"
"UROD","7389"
"SFT2D2","375035"
"DDIT3","1649"
"LILRB1","10859"
"OSCAR","126014"
"CST3","1471"
"GNB4","59345"
"APOBEC3B","9582"
"OASL","8638"
"IDO1","3620"
"SNCA","6622"
"MSC","9242"
"ANKFY1","51479"
"PARP15","165631"
"NRROS","375387"
"VEGFA","7422"
"TMEM60","85025"
"TNFRSF1A","7132"
"SPTLC2","9517"
"SNX10","29887"
"ETV7","51513"
"TNFRSF9","3604"
"STARD4","134429"
"RAB39A","54734"
"NUB1","51667"
"C1GALT1C1","29071"
"FBXO6","26270"
"NCF1B","654816"
"TPM4","7171"
"HERPUD1","9709"
"GIMAP2","26157"
"INPP5D","3635"
"SEMA4D","10507"
"TCF4","6925"
"TRIM6-TRIM34","445372"
"PIM3","415116"
"MFSD2A","84879"
"EXOSC9","5393"
"ITIH4","3700"
"SELL","6402"
"SRXN1","140809"
"RUFY4","285180"
"SLC1A5","6510"
"PSMB9","5698"
"GTPBP1","9567"
"SLED1","643036"
"IRF2","3660"
"KLF4","9314"
"TLR1","7096"
"TRIM21","6737"
"VAMP5","10791"
"SMCHD1","23347"
"DUSP5","1847"
"SNN","8303"
"ACP5","54"
"PSMA4","5685"
"MRPL40","64976"
"TMEM63A","9725"
"SCIMP","388325"
"SLC8A1","6546"
"SLC18B1","116843"
"UNC93B1","81622"
"OGFR","11054"
"STAC3","246329"
"RBCK1","10616"
"IFIT5","24138"
"CPEB4","80315"
"GALM","130589"
"MKNK2","2872"
"HK3","3101"
"EMP1","2012"
"FFAR2","2867"
"GBP1","2633"
"MFN1","55669"
"PMAIP1","5366"
"IRAK2","3656"
"EPAS1","2034"
"GPR84","53831"
"TCIRG1","10312"
"GAS2L3","283431"
"ENDOD1","23052"
"RNASE6","6039"
"MILR1","284021"
"MAP4K4","9448"
"APOBEC3C","27350"
"GBP3","2635"
"SP140","11262"
"AP5B1","91056"
"MUSTN1","389125"
"HNRNPH2","3188"
"PTPA","5524"
"EAF1","85403"
"GTF2A1","2957"
"TNFSF9","8744"
"CKAP4","10970"
"MVB12B","89853"
"TMEM268","203197"
"REV3L","5980"
"TAGAP","117289"
"MIR3142HG","107075116"
"USP12","219333"
"IL18","3606"
"JADE2","23338"
"HSD17B14","51171"
"RABGGTA","5875"
"ABRACL","58527"
"ANTXR2","118429"
"BISPR","105221694"
"BIN2","51411"
"FXYD6","53826"
"PNRC2","55629"
"CSRNP1","64651"
"MCOLN1","57192"
"CDC42EP2","10435"
"RPL36A-HNRNPH2","100529097"
"SLC1A4","6509"
"CSF1R","1436"
"NUP205","23165"
"SCDP1","645313"
"CEBPB","1051"
"CD109","135228"
"TGFBR1","7046"
"AKT1S1","84335"
"VN1R105P","100288264"
"NLRC5","84166"
"CERS4","79603"
"SLFN12","55106"
"DPP4","1803"
"TTC38","55020"
"PTPRE","5791"
"ST3GAL5","8869"
"PML","5371"
"SEMA6B","10501"
"IFRD1","3475"
"SESN2","83667"
"HEG1","57493"
"SPTBN1","6711"
"SPATS2L","26010"
"ITGB3","3690"
"IL1R2","7850"
"SRGN","5552"
"LENG8","114823"
"IL10","3586"
"LONRF3","79836"
"KAT2B","8850"
"ACOD1","730249"
"PPM1K","152926"
"PLXDC2","84898"
"C1QB","713"
"EREG","2069"
"C12orf57","113246"
"LMNB1","4001"
"MASTL","84930"
"SLC27A3","11000"
"FAM168A","23201"
"GPR180","160897"
"ZBTB10","65986"
"TMEM62","80021"
"TLE3","7090"
"MRPL17","63875"
"SBDSP1","155370"
"NRIP3","56675"
"PPARG","5468"
"ARMCX1","51309"
"ZCCHC14","23174"
"ATXN7L1","222255"
"ANKRD33B","651746"
"BLNK","29760"
"CD163","9332"
"LINS1","55180"
"MRPL16","54948"
"NCF1C","654817"
"PROCR","10544"
"GOLM1","51280"
"MAFF","23764"
"SRGAP2","23380"
"PYCARD","29108"
"STX17","55014"
"RNASE1","6035"
"SCLT1","132320"
"PEX11B","8799"
"ARPIN","348110"
"GIMAP4","55303"
"CXCL3","2921"
"CLDN23","137075"
"BCAT2","587"
"RHOB","388"
"NIPSNAP3A","25934"
"SP140L","93349"
"DCSTAMP","81501"
"GBP1P1","400759"
